transaction_id,sender_account,receiver_account,sender_customer_id,amount,transaction_type,transaction_time,hour_of_day,location,is_new_beneficiary,is_high_risk_country,is_suspicious
TXN-11447,ACC-50026,ACC-50122,CUST-1026,43525.7,CASH_DEPOSIT,2026-08-09 14:53:00,6,"Mumbai, IN",0,0,0
TXN-11114,ACC-50087,ACC-50021,CUST-1087,2805.88,CASH_DEPOSIT,2026-08-05 00:54:00,16,"Mumbai, IN",1,0,0
TXN-11064,ACC-50001,ACC-50051,CUST-1001,31893.07,TRANSFER,2026-08-06 02:07:00,18,"Mumbai, IN",0,0,0
TXN-12287,ACC-50123,ACC-50124,CUST-1123,179600.02,WIRE,2026-08-06 14:33:00,6,"Dubai, AE",1,0,1
TXN-11537,ACC-50110,ACC-50025,CUST-1110,13985.35,TRANSFER,2026-08-05 06:20:00,22,"Mumbai, IN",0,0,0
TXN-10668,ACC-50054,ACC-50081,CUST-1054,5553.01,TRANSFER,2026-08-05 14:49:00,6,"Mumbai, IN",0,0,0
TXN-11583,ACC-50053,ACC-50043,CUST-1053,8791.71,TRANSFER,2026-08-04 14:50:00,6,"Mumbai, IN",0,0,0
TXN-12404,ACC-50131,ACC-50040,CUST-1131,113971.27,WIRE,2026-08-10 12:43:00,4,"George Town, KY",1,1,1
TXN-10497,ACC-50145,ACC-50112,CUST-1145,3832.54,CASH_DEPOSIT,2026-08-07 19:39:00,11,"Mumbai, IN",0,0,0
TXN-12480,ACC-59902,ACC-59903,CUST-9001,972540.4,WIRE,2026-08-02 10:55:00,2,"George Town, KY",1,1,1
TXN-10471,ACC-50095,ACC-50066,CUST-1095,2887.31,CASH_DEPOSIT,2026-08-02 23:29:00,15,"Mumbai, IN",0,0,0
TXN-10246,ACC-50107,ACC-50038,CUST-1107,48091.61,CASH_DEPOSIT,2026-08-05 03:44:00,19,"Mumbai, IN",1,0,0
TXN-10923,ACC-50051,ACC-50107,CUST-1051,6514.73,TRANSFER,2026-08-11 02:16:00,18,"Mumbai, IN",0,0,0
TXN-11131,ACC-50137,ACC-50074,CUST-1137,8496.95,CASH_DEPOSIT,2026-08-04 16:44:00,8,"Mumbai, IN",0,0,0
TXN-10670,ACC-50059,ACC-50066,CUST-1059,50431.17,CASH_DEPOSIT,2026-08-10 23:05:00,15,"Mumbai, IN",0,0,0
TXN-10916,ACC-50108,ACC-50146,CUST-1108,7391.76,CASH_DEPOSIT,2026-08-08 06:57:00,22,"Mumbai, IN",1,0,0
TXN-11414,ACC-50088,ACC-50073,CUST-1088,11326.28,TRANSFER,2026-08-01 23:46:00,15,"Mumbai, IN",1,0,0
TXN-11606,ACC-50105,ACC-50057,CUST-1105,11880.37,TRANSFER,2026-08-04 20:17:00,12,"Delhi, IN",1,0,0
TXN-10402,ACC-50010,ACC-50056,CUST-1010,8356.42,TRANSFER,2026-08-03 00:09:00,16,"Mumbai, IN",0,0,0
TXN-11103,ACC-50101,ACC-50055,CUST-1101,4494.37,TRANSFER,2026-08-07 23:27:00,15,"Mumbai, IN",0,0,0
TXN-12072,ACC-50012,ACC-50008,CUST-1012,19184.4,CASH_DEPOSIT,2026-08-03 22:24:00,14,"Mumbai, IN",1,0,0
TXN-10719,ACC-50104,ACC-50114,CUST-1104,5528.08,TRANSFER,2026-08-10 16:38:00,8,"Mumbai, IN",0,0,0
TXN-12011,ACC-50052,ACC-50126,CUST-1052,26536.38,CASH_DEPOSIT,2026-08-10 03:50:00,19,"Mumbai, IN",1,0,0
TXN-12436,ACC-59902,ACC-59903,CUST-9001,1131505.91,WIRE,2026-08-02 09:53:00,1,"George Town, KY",1,1,1
TXN-10196,ACC-50131,ACC-50148,CUST-1131,6587.64,CASH_DEPOSIT,2026-08-03 21:45:00,13,"Mumbai, IN",0,0,0
TXN-10891,ACC-50129,ACC-50146,CUST-1129,7885.18,TRANSFER,2026-08-10 16:06:00,8,"Mumbai, IN",0,0,0
TXN-11264,ACC-50054,ACC-50074,CUST-1054,8092.26,TRANSFER,2026-08-11 05:17:00,21,"Mumbai, IN",0,0,0
TXN-11034,ACC-50000,ACC-50032,CUST-1000,4833.16,CASH_DEPOSIT,2026-08-02 01:04:00,17,"Mumbai, IN",0,0,0
TXN-11325,ACC-50128,ACC-50133,CUST-1128,37952.32,CASH_DEPOSIT,2026-08-07 06:59:00,22,"Mumbai, IN",0,0,0
TXN-10509,ACC-50115,ACC-50029,CUST-1115,15403.17,TRANSFER,2026-08-11 17:48:00,9,"Mumbai, IN",0,0,0
TXN-11427,ACC-50031,ACC-50111,CUST-1031,33549.09,CASH_DEPOSIT,2026-08-07 04:36:00,20,"Mumbai, IN",0,0,0
TXN-10194,ACC-50140,ACC-50135,CUST-1140,35526.15,TRANSFER,2026-08-06 03:07:00,19,"Mumbai, IN",0,0,0
TXN-11179,ACC-50042,ACC-50020,CUST-1042,5834.35,TRANSFER,2026-08-07 23:05:00,15,"Mumbai, IN",0,0,0
TXN-12032,ACC-50032,ACC-50009,CUST-1032,6020.32,CASH_DEPOSIT,2026-08-10 20:04:00,12,"Mumbai, IN",1,0,0
TXN-10932,ACC-50080,ACC-50076,CUST-1080,6533.86,CASH_DEPOSIT,2026-08-07 16:57:00,8,"Mumbai, IN",0,0,0
TXN-11124,ACC-50033,ACC-50138,CUST-1033,4180.63,CASH_DEPOSIT,2026-08-03 03:30:00,19,"Mumbai, IN",0,0,0
TXN-11822,ACC-50111,ACC-50131,CUST-1111,2981.19,TRANSFER,2026-08-04 06:54:00,22,"Mumbai, IN",0,0,0
TXN-11366,ACC-50116,ACC-50091,CUST-1116,12074.86,TRANSFER,2026-08-11 19:15:00,11,"Mumbai, IN",0,0,0
TXN-11992,ACC-50064,ACC-50069,CUST-1064,4025.94,TRANSFER,2026-08-05 22:55:00,14,"Mumbai, IN",0,0,0
TXN-11258,ACC-50050,ACC-50122,CUST-1050,4172.21,TRANSFER,2026-08-09 17:44:00,9,"Mumbai, IN",0,0,0
TXN-12274,ACC-50013,ACC-50069,CUST-1013,139471.84,WIRE,2026-08-07 05:57:00,21,"Panama City, PA",1,1,1
TXN-11273,ACC-50101,ACC-50127,CUST-1101,4320.16,CASH_DEPOSIT,2026-08-04 06:04:00,22,"Mumbai, IN",1,0,0
TXN-11936,ACC-50024,ACC-50013,CUST-1024,11157.53,TRANSFER,2026-08-12 01:13:00,17,"Bangalore, IN",0,0,0
TXN-11266,ACC-50084,ACC-50093,CUST-1084,6536.09,TRANSFER,2026-08-11 01:47:00,17,"Mumbai, IN",0,0,0
TXN-10772,ACC-50047,ACC-50109,CUST-1047,30236.67,TRANSFER,2026-08-08 14:36:00,6,"Mumbai, IN",0,0,0
TXN-11608,ACC-50043,ACC-50009,CUST-1043,24035.97,TRANSFER,2026-08-10 02:09:00,18,"Mumbai, IN",1,0,0
TXN-11311,ACC-50120,ACC-50105,CUST-1120,43143.56,TRANSFER,2026-08-12 00:28:00,16,"Mumbai, IN",0,0,0
TXN-10134,ACC-50104,ACC-50071,CUST-1104,5336.14,TRANSFER,2026-08-06 15:44:00,7,"Mumbai, IN",0,0,0
TXN-11855,ACC-50147,ACC-50050,CUST-1147,4778.33,CASH_DEPOSIT,2026-08-06 18:26:00,10,"Mumbai, IN",0,0,0
TXN-12399,ACC-50047,ACC-50035,CUST-1047,66696.7,WIRE,2026-08-06 09:28:00,1,"Dubai, AE",1,1,1
TXN-10420,ACC-50015,ACC-50005,CUST-1015,11032.0,TRANSFER,2026-08-03 18:37:00,10,"Delhi, IN",0,0,0
TXN-11755,ACC-50036,ACC-50057,CUST-1036,5774.27,TRANSFER,2026-08-06 14:12:00,6,"Mumbai, IN",0,0,0
TXN-10707,ACC-50010,ACC-50063,CUST-1010,9969.32,TRANSFER,2026-08-08 06:34:00,22,"Mumbai, IN",1,0,0
TXN-10093,ACC-50042,ACC-50079,CUST-1042,3178.72,CASH_DEPOSIT,2026-08-02 23:28:00,15,"Mumbai, IN",1,0,0
TXN-10056,ACC-50061,ACC-50071,CUST-1061,5421.49,TRANSFER,2026-08-06 04:04:00,20,"Mumbai, IN",0,0,0
TXN-10218,ACC-50126,ACC-50006,CUST-1126,49059.81,CASH_DEPOSIT,2026-08-11 01:35:00,17,"Mumbai, IN",0,0,0
TXN-11036,ACC-50035,ACC-50130,CUST-1035,19483.53,TRANSFER,2026-08-09 04:48:00,20,"Mumbai, IN",0,0,0
TXN-11293,ACC-50130,ACC-50106,CUST-1130,15919.5,TRANSFER,2026-08-04 18:00:00,10,"Mumbai, IN",1,0,0
TXN-11952,ACC-50065,ACC-50141,CUST-1065,4037.3,TRANSFER,2026-08-04 19:47:00,11,"Mumbai, IN",0,0,0
TXN-11449,ACC-50031,ACC-50111,CUST-1031,24818.53,TRANSFER,2026-08-01 18:40:00,10,"Mumbai, IN",0,0,0
TXN-12359,ACC-50047,ACC-50001,CUST-1047,74947.98,WIRE,2026-08-04 11:02:00,3,"Panama City, PA",1,1,1
TXN-11465,ACC-50111,ACC-50136,CUST-1111,3983.38,TRANSFER,2026-08-10 20:05:00,12,"Mumbai, IN",0,0,0
TXN-10298,ACC-50035,ACC-50140,CUST-1035,29789.44,TRANSFER,2026-08-10 05:11:00,21,"Bangalore, IN",0,0,0
TXN-12177,ACC-50074,ACC-50031,CUST-1074,9856.67,CASH_DEPOSIT,2026-08-02 01:47:00,17,"Delhi, IN",1,0,1
TXN-10178,ACC-50016,ACC-50085,CUST-1016,6067.42,CASH_DEPOSIT,2026-08-11 17:35:00,9,"Mumbai, IN",0,0,0
TXN-11187,ACC-50011,ACC-50084,CUST-1011,5761.75,CASH_DEPOSIT,2026-08-11 04:14:00,20,"Mumbai, IN",0,0,0
TXN-11472,ACC-50102,ACC-50014,CUST-1102,13475.35,CASH_DEPOSIT,2026-08-08 17:37:00,9,"Mumbai, IN",0,0,0
TXN-10188,ACC-50064,ACC-50013,CUST-1064,8091.12,TRANSFER,2026-08-07 05:55:00,21,"Bangalore, IN",0,0,0
TXN-10572,ACC-50021,ACC-50056,CUST-1021,4348.26,CASH_DEPOSIT,2026-08-09 04:38:00,20,"Mumbai, IN",1,0,0
TXN-10433,ACC-50042,ACC-50112,CUST-1042,5159.65,CASH_DEPOSIT,2026-08-02 19:03:00,11,"Mumbai, IN",0,0,0
TXN-10518,ACC-50140,ACC-50080,CUST-1140,36151.5,TRANSFER,2026-08-04 20:12:00,12,"Mumbai, IN",0,0,0
TXN-12346,ACC-50091,ACC-50005,CUST-1091,151627.99,WIRE,2026-08-09 12:40:00,4,"Panama City, PA",1,1,1
TXN-12271,ACC-50136,ACC-50126,CUST-1136,946026.96,WIRE,2026-08-10 12:54:00,4,"Panama City, PA",1,0,1
TXN-11084,ACC-50094,ACC-50002,CUST-1094,8165.59,TRANSFER,2026-08-12 06:37:00,22,"Mumbai, IN",0,0,0
TXN-11288,ACC-50003,ACC-50026,CUST-1003,6831.55,TRANSFER,2026-08-02 02:24:00,18,"Bangalore, IN",0,0,0
TXN-11123,ACC-50132,ACC-50002,CUST-1132,11134.37,CASH_DEPOSIT,2026-08-07 19:20:00,11,"Mumbai, IN",0,0,0
TXN-11341,ACC-50045,ACC-50021,CUST-1045,2965.13,CASH_DEPOSIT,2026-08-05 18:04:00,10,"Mumbai, IN",1,0,0
TXN-12256,ACC-50131,ACC-50045,CUST-1131,108916.06,WIRE,2026-08-01 18:26:00,10,"London, UK",1,0,1
TXN-11490,ACC-50076,ACC-50021,CUST-1076,6108.22,CASH_DEPOSIT,2026-08-10 15:17:00,7,"Mumbai, IN",1,0,0
TXN-10043,ACC-50093,ACC-50111,CUST-1093,28465.78,TRANSFER,2026-08-06 16:42:00,8,"Mumbai, IN",0,0,0
TXN-11878,ACC-50059,ACC-50053,CUST-1059,41838.29,CASH_DEPOSIT,2026-08-02 15:45:00,7,"Mumbai, IN",0,0,0
TXN-10450,ACC-50009,ACC-50102,CUST-1009,10111.73,TRANSFER,2026-08-05 00:44:00,16,"Mumbai, IN",0,0,0
TXN-12045,ACC-50036,ACC-50037,CUST-1036,3276.81,CASH_DEPOSIT,2026-08-10 20:05:00,12,"Mumbai, IN",0,0,0
TXN-10044,ACC-50076,ACC-50130,CUST-1076,5298.59,CASH_DEPOSIT,2026-08-07 23:42:00,15,"Mumbai, IN",0,0,0
TXN-11283,ACC-50148,ACC-50101,CUST-1148,24086.89,TRANSFER,2026-08-04 18:28:00,10,"Mumbai, IN",0,0,0
TXN-11967,ACC-50118,ACC-50070,CUST-1118,5731.81,TRANSFER,2026-08-10 02:51:00,18,"Mumbai, IN",0,0,0
TXN-12090,ACC-50079,ACC-50139,CUST-1079,5686.66,TRANSFER,2026-08-03 16:04:00,8,"Mumbai, IN",0,0,0
TXN-10254,ACC-50061,ACC-50063,CUST-1061,4030.14,TRANSFER,2026-08-09 15:42:00,7,"Mumbai, IN",0,0,0
TXN-11945,ACC-50073,ACC-50094,CUST-1073,12665.07,CASH_DEPOSIT,2026-08-06 16:38:00,8,"Bangalore, IN",0,0,0
TXN-11874,ACC-50027,ACC-50063,CUST-1027,8757.77,TRANSFER,2026-08-06 16:11:00,8,"Mumbai, IN",0,0,0
TXN-11862,ACC-50034,ACC-50098,CUST-1034,6558.67,TRANSFER,2026-08-09 05:24:00,21,"Mumbai, IN",0,0,0
TXN-10564,ACC-50148,ACC-50139,CUST-1148,24703.34,CASH_DEPOSIT,2026-08-11 19:24:00,11,"Mumbai, IN",0,0,0
TXN-10212,ACC-50095,ACC-50114,CUST-1095,3043.3,TRANSFER,2026-08-03 16:36:00,8,"Mumbai, IN",0,0,0
TXN-10866,ACC-50092,ACC-50102,CUST-1092,6374.49,CASH_DEPOSIT,2026-08-07 18:45:00,10,"Mumbai, IN",0,0,0
TXN-10742,ACC-50132,ACC-50033,CUST-1132,43307.25,CASH_DEPOSIT,2026-08-01 20:46:00,12,"Mumbai, IN",0,0,0
TXN-11251,ACC-50028,ACC-50049,CUST-1028,4400.55,CASH_DEPOSIT,2026-08-03 23:02:00,15,"Mumbai, IN",0,0,0
TXN-11047,ACC-50030,ACC-50013,CUST-1030,4536.33,TRANSFER,2026-08-10 20:15:00,12,"Mumbai, IN",1,0,0
TXN-11736,ACC-50095,ACC-50107,CUST-1095,4707.64,TRANSFER,2026-08-03 19:26:00,11,"Mumbai, IN",0,0,0
TXN-11017,ACC-50103,ACC-50115,CUST-1103,2666.16,TRANSFER,2026-08-09 20:56:00,12,"Mumbai, IN",1,0,0
TXN-10170,ACC-50019,ACC-50046,CUST-1019,12018.88,TRANSFER,2026-08-11 05:29:00,21,"Mumbai, IN",0,0,0
TXN-12096,ACC-50054,ACC-50042,CUST-1054,6043.31,CASH_DEPOSIT,2026-08-11 20:39:00,12,"Mumbai, IN",0,0,0
TXN-12487,ACC-59901,ACC-59902,CUST-9000,1148024.07,WIRE,2026-08-02 11:27:00,3,"George Town, KY",1,1,1
TXN-12217,ACC-50134,ACC-50065,CUST-1134,9595.46,WIRE,2026-08-10 14:25:00,6,"Delhi, IN",1,0,1
TXN-11797,ACC-50122,ACC-50037,CUST-1122,4262.55,TRANSFER,2026-08-06 16:43:00,8,"Delhi, IN",0,0,0
TXN-10544,ACC-50136,ACC-50056,CUST-1136,39092.94,TRANSFER,2026-08-07 18:47:00,10,"Mumbai, IN",0,0,0
TXN-11221,ACC-50035,ACC-50148,CUST-1035,44512.62,TRANSFER,2026-08-07 05:44:00,21,"Delhi, IN",0,0,0
TXN-10463,ACC-50077,ACC-50134,CUST-1077,90713.61,TRANSFER,2026-08-03 02:37:00,18,"Mumbai, IN",0,0,0
TXN-10988,ACC-50117,ACC-50103,CUST-1117,3218.6,TRANSFER,2026-08-11 05:19:00,21,"Mumbai, IN",1,0,0
TXN-11321,ACC-50072,ACC-50102,CUST-1072,3759.68,CASH_DEPOSIT,2026-08-07 06:12:00,22,"Mumbai, IN",0,0,0
TXN-10602,ACC-50063,ACC-50092,CUST-1063,24739.86,TRANSFER,2026-08-02 18:49:00,10,"Bangalore, IN",1,0,0
TXN-11336,ACC-50027,ACC-50021,CUST-1027,6374.83,CASH_DEPOSIT,2026-08-02 19:46:00,11,"Mumbai, IN",0,0,0
TXN-12339,ACC-50047,ACC-50118,CUST-1047,100365.05,WIRE,2026-08-02 10:03:00,2,"Dubai, AE",1,1,1
TXN-11260,ACC-50004,ACC-50052,CUST-1004,9968.71,CASH_DEPOSIT,2026-08-01 16:55:00,8,"Mumbai, IN",0,0,0
TXN-12114,ACC-50126,ACC-50141,CUST-1126,42817.44,TRANSFER,2026-08-07 21:03:00,13,"Mumbai, IN",1,0,0
TXN-10807,ACC-50009,ACC-50050,CUST-1009,15769.55,TRANSFER,2026-08-10 14:46:00,6,"Mumbai, IN",0,0,0
TXN-10886,ACC-50058,ACC-50079,CUST-1058,26508.24,TRANSFER,2026-08-03 18:13:00,10,"Mumbai, IN",0,0,0
TXN-11582,ACC-50032,ACC-50134,CUST-1032,4597.2,TRANSFER,2026-08-11 02:21:00,18,"Mumbai, IN",1,0,0
TXN-11614,ACC-50005,ACC-50113,CUST-1005,6898.56,TRANSFER,2026-08-11 04:37:00,20,"Mumbai, IN",1,0,0
TXN-11837,ACC-50100,ACC-50097,CUST-1100,15334.38,TRANSFER,2026-08-09 18:18:00,10,"Mumbai, IN",0,0,0
TXN-11873,ACC-50115,ACC-50021,CUST-1115,37320.05,TRANSFER,2026-08-10 00:55:00,16,"Mumbai, IN",0,0,0
TXN-10282,ACC-50014,ACC-50036,CUST-1014,9923.62,TRANSFER,2026-08-05 06:18:00,22,"Mumbai, IN",0,0,0
TXN-10210,ACC-50007,ACC-50037,CUST-1007,1898.84,TRANSFER,2026-08-04 04:02:00,20,"Mumbai, IN",0,0,0
TXN-10111,ACC-50134,ACC-50116,CUST-1134,4239.59,CASH_DEPOSIT,2026-08-03 14:46:00,6,"Mumbai, IN",0,0,0
TXN-11920,ACC-50058,ACC-50062,CUST-1058,25156.65,TRANSFER,2026-08-11 15:41:00,7,"Mumbai, IN",0,0,0
TXN-12165,ACC-50134,ACC-50025,CUST-1134,9473.13,CASH_DEPOSIT,2026-08-07 02:41:00,18,"Mumbai, IN",1,0,1
TXN-10457,ACC-50129,ACC-50101,CUST-1129,13599.35,TRANSFER,2026-08-01 17:43:00,9,"Mumbai, IN",1,0,0
TXN-10819,ACC-50105,ACC-50061,CUST-1105,13424.89,TRANSFER,2026-08-01 19:39:00,11,"Mumbai, IN",1,0,0
TXN-12184,ACC-50117,ACC-50010,CUST-1117,9258.6,CASH_DEPOSIT,2026-08-11 16:46:00,8,"Mumbai, IN",1,0,1
TXN-11655,ACC-50096,ACC-50031,CUST-1096,56360.92,TRANSFER,2026-08-04 17:25:00,9,"Bangalore, IN",0,0,0
TXN-10252,ACC-50010,ACC-50074,CUST-1010,9277.14,TRANSFER,2026-08-08 16:22:00,8,"Mumbai, IN",1,0,0
TXN-10251,ACC-50073,ACC-50031,CUST-1073,12732.47,CASH_DEPOSIT,2026-08-08 02:57:00,18,"Mumbai, IN",0,0,0
TXN-11539,ACC-50120,ACC-50038,CUST-1120,75425.77,TRANSFER,2026-08-04 05:52:00,21,"Mumbai, IN",0,0,0
TXN-12129,ACC-50015,ACC-50142,CUST-1015,9533.24,WIRE,2026-08-05 13:07:00,5,"Delhi, IN",1,0,1
TXN-11926,ACC-50142,ACC-50095,CUST-1142,16613.92,TRANSFER,2026-08-04 06:24:00,22,"Mumbai, IN",0,0,0
TXN-11018,ACC-50088,ACC-50104,CUST-1088,13191.17,TRANSFER,2026-08-05 20:56:00,12,"Mumbai, IN",0,0,0
TXN-10422,ACC-50111,ACC-50125,CUST-1111,8860.04,TRANSFER,2026-08-10 00:11:00,16,"Bangalore, IN",0,0,0
TXN-11175,ACC-50125,ACC-50000,CUST-1125,7252.0,TRANSFER,2026-08-07 17:04:00,9,"Mumbai, IN",0,0,0
TXN-10620,ACC-50080,ACC-50082,CUST-1080,4043.92,TRANSFER,2026-08-05 23:45:00,15,"Mumbai, IN",0,0,0
TXN-10173,ACC-50094,ACC-50073,CUST-1094,14242.26,TRANSFER,2026-08-02 16:41:00,8,"Mumbai, IN",1,0,0
TXN-10486,ACC-50077,ACC-50108,CUST-1077,89091.63,CASH_DEPOSIT,2026-08-09 17:42:00,9,"Mumbai, IN",0,0,0
TXN-11985,ACC-50101,ACC-50007,CUST-1101,4900.8,CASH_DEPOSIT,2026-08-06 20:42:00,12,"Mumbai, IN",0,0,0
TXN-11080,ACC-50003,ACC-50018,CUST-1003,7085.31,TRANSFER,2026-08-10 20:57:00,12,"Mumbai, IN",0,0,0
TXN-11117,ACC-50108,ACC-50103,CUST-1108,4662.85,TRANSFER,2026-08-10 23:20:00,15,"Mumbai, IN",0,0,0
TXN-11357,ACC-50120,ACC-50031,CUST-1120,51292.16,CASH_DEPOSIT,2026-08-09 01:50:00,17,"Bangalore, IN",1,0,0
TXN-11041,ACC-50004,ACC-50071,CUST-1004,10860.93,CASH_DEPOSIT,2026-08-10 20:15:00,12,"Mumbai, IN",0,0,0
TXN-11090,ACC-50047,ACC-50001,CUST-1047,24471.26,CASH_DEPOSIT,2026-08-03 01:00:00,17,"Mumbai, IN",0,0,0
TXN-11355,ACC-50026,ACC-50128,CUST-1026,44494.58,TRANSFER,2026-08-08 17:40:00,9,"Mumbai, IN",0,0,0
TXN-10211,ACC-50092,ACC-50099,CUST-1092,4866.32,TRANSFER,2026-08-03 15:38:00,7,"Mumbai, IN",0,0,0
TXN-10613,ACC-50124,ACC-50076,CUST-1124,114773.54,TRANSFER,2026-08-10 22:35:00,14,"Mumbai, IN",0,0,0
TXN-12149,ACC-50117,ACC-50076,CUST-1117,9809.53,WIRE,2026-08-02 22:09:00,14,"Mumbai, IN",1,0,1
TXN-10464,ACC-50143,ACC-50072,CUST-1143,13174.08,CASH_DEPOSIT,2026-08-02 23:43:00,15,"Mumbai, IN",0,0,0
TXN-11467,ACC-50087,ACC-50047,CUST-1087,12646.49,TRANSFER,2026-08-05 06:31:00,22,"Mumbai, IN",1,0,0
TXN-10554,ACC-50122,ACC-50118,CUST-1122,6250.88,CASH_DEPOSIT,2026-08-06 04:22:00,20,"Mumbai, IN",0,0,0
TXN-10907,ACC-50138,ACC-50087,CUST-1138,30258.8,CASH_DEPOSIT,2026-08-01 14:48:00,6,"Mumbai, IN",1,0,0
TXN-10993,ACC-50149,ACC-50062,CUST-1149,11532.65,CASH_DEPOSIT,2026-08-10 20:18:00,12,"Mumbai, IN",0,0,0
TXN-11968,ACC-50149,ACC-50030,CUST-1149,18495.65,CASH_DEPOSIT,2026-08-04 06:31:00,22,"Mumbai, IN",0,0,0
TXN-11788,ACC-50070,ACC-50006,CUST-1070,101797.98,TRANSFER,2026-08-05 05:14:00,21,"Delhi, IN",0,0,0
TXN-11598,ACC-50085,ACC-50081,CUST-1085,14549.57,TRANSFER,2026-08-10 19:57:00,11,"Bangalore, IN",0,0,0
TXN-10096,ACC-50068,ACC-50148,CUST-1068,14246.83,CASH_DEPOSIT,2026-08-03 15:48:00,7,"Mumbai, IN",1,0,0
TXN-11964,ACC-50021,ACC-50063,CUST-1021,5638.83,TRANSFER,2026-08-07 17:29:00,9,"Mumbai, IN",1,0,0
TXN-11364,ACC-50052,ACC-50023,CUST-1052,59287.31,TRANSFER,2026-08-07 16:01:00,8,"Mumbai, IN",0,0,0
TXN-11924,ACC-50001,ACC-50090,CUST-1001,22186.03,TRANSFER,2026-08-06 16:37:00,8,"Mumbai, IN",1,0,0
TXN-10611,ACC-50025,ACC-50070,CUST-1025,111472.29,CASH_DEPOSIT,2026-08-07 21:35:00,13,"Mumbai, IN",0,0,0
TXN-10445,ACC-50111,ACC-50051,CUST-1111,7628.41,CASH_DEPOSIT,2026-08-10 18:53:00,10,"Mumbai, IN",0,0,0
TXN-10237,ACC-50092,ACC-50142,CUST-1092,4136.27,TRANSFER,2026-08-07 23:04:00,15,"Mumbai, IN",0,0,0
TXN-12310,ACC-50023,ACC-50134,CUST-1023,82027.36,WIRE,2026-08-03 16:31:00,8,"Dubai, AE",1,0,1
TXN-10873,ACC-50039,ACC-50068,CUST-1039,3440.14,CASH_DEPOSIT,2026-08-11 23:40:00,15,"Mumbai, IN",0,0,0
TXN-12497,ACC-59903,ACC-59904,CUST-9002,1146024.51,WIRE,2026-08-02 09:12:00,1,"George Town, KY",1,1,1
TXN-12054,ACC-50105,ACC-50102,CUST-1105,14820.21,CASH_DEPOSIT,2026-08-07 03:36:00,19,"Mumbai, IN",0,0,0
TXN-11673,ACC-50084,ACC-50018,CUST-1084,5671.58,TRANSFER,2026-08-09 04:57:00,20,"Mumbai, IN",0,0,0
TXN-12122,ACC-50094,ACC-50083,CUST-1094,16363.0,TRANSFER,2026-08-12 03:24:00,19,"Mumbai, IN",1,0,0
TXN-10839,ACC-50116,ACC-50119,CUST-1116,13717.35,TRANSFER,2026-08-07 18:55:00,10,"Mumbai, IN",0,0,0
TXN-10581,ACC-50080,ACC-50105,CUST-1080,5294.83,CASH_DEPOSIT,2026-08-04 01:06:00,17,"Mumbai, IN",0,0,0
TXN-11281,ACC-50045,ACC-50066,CUST-1045,2200.2,TRANSFER,2026-08-11 14:34:00,6,"Mumbai, IN",1,0,0
TXN-10979,ACC-50109,ACC-50023,CUST-1109,9505.54,CASH_DEPOSIT,2026-08-06 15:32:00,7,"Mumbai, IN",0,0,0
TXN-10790,ACC-50118,ACC-50061,CUST-1118,4963.47,TRANSFER,2026-08-06 20:33:00,12,"Mumbai, IN",0,0,0
TXN-10841,ACC-50069,ACC-50139,CUST-1069,3075.51,TRANSFER,2026-08-11 20:50:00,12,"Mumbai, IN",0,0,0
TXN-10482,ACC-50103,ACC-50004,CUST-1103,4943.55,TRANSFER,2026-08-03 21:14:00,13,"Mumbai, IN",0,0,0
TXN-11910,ACC-50037,ACC-50115,CUST-1037,26300.06,TRANSFER,2026-08-04 02:35:00,18,"Mumbai, IN",0,0,0
TXN-10621,ACC-50113,ACC-50092,CUST-1113,135670.5,TRANSFER,2026-08-08 06:28:00,22,"Mumbai, IN",0,0,0
TXN-11502,ACC-50044,ACC-50037,CUST-1044,61999.13,TRANSFER,2026-08-02 15:14:00,7,"Mumbai, IN",1,0,0
TXN-10332,ACC-50114,ACC-50095,CUST-1114,68018.21,TRANSFER,2026-08-12 02:29:00,18,"Mumbai, IN",0,0,0
TXN-10478,ACC-50082,ACC-50136,CUST-1082,5316.53,TRANSFER,2026-08-11 20:01:00,12,"Mumbai, IN",0,0,0
TXN-11494,ACC-50027,ACC-50142,CUST-1027,10070.53,CASH_DEPOSIT,2026-08-12 02:46:00,18,"Bangalore, IN",1,0,0
TXN-10507,ACC-50130,ACC-50144,CUST-1130,15651.73,CASH_DEPOSIT,2026-08-11 20:41:00,12,"Delhi, IN",0,0,0
TXN-11450,ACC-50043,ACC-50131,CUST-1043,18222.24,CASH_DEPOSIT,2026-08-08 20:30:00,12,"Mumbai, IN",0,0,0
TXN-12423,ACC-59901,ACC-59902,CUST-9000,833961.17,WIRE,2026-08-01 10:58:00,2,"George Town, KY",1,1,1
TXN-10643,ACC-50140,ACC-50133,CUST-1140,76918.37,TRANSFER,2026-08-08 17:16:00,9,"Mumbai, IN",0,0,0
TXN-10480,ACC-50042,ACC-50016,CUST-1042,4182.62,CASH_DEPOSIT,2026-08-05 15:19:00,7,"Mumbai, IN",0,0,0
TXN-11455,ACC-50091,ACC-50129,CUST-1091,53017.39,TRANSFER,2026-08-07 06:13:00,22,"Mumbai, IN",0,0,0
TXN-12394,ACC-50047,ACC-50043,CUST-1047,59268.31,WIRE,2026-08-03 12:03:00,4,"Dubai, AE",1,1,1
TXN-11011,ACC-50095,ACC-50107,CUST-1095,3477.86,TRANSFER,2026-08-12 01:40:00,17,"Mumbai, IN",1,0,0
TXN-10764,ACC-50111,ACC-50088,CUST-1111,7696.53,TRANSFER,2026-08-01 16:37:00,8,"Delhi, IN",0,0,0
TXN-11289,ACC-50033,ACC-50064,CUST-1033,5873.15,TRANSFER,2026-08-03 16:17:00,8,"Mumbai, IN",0,0,0
TXN-11223,ACC-50034,ACC-50142,CUST-1034,2358.86,CASH_DEPOSIT,2026-08-06 20:37:00,12,"Mumbai, IN",1,0,0
TXN-11333,ACC-50067,ACC-50010,CUST-1067,45780.09,TRANSFER,2026-08-04 15:47:00,7,"Mumbai, IN",0,0,0
TXN-10617,ACC-50072,ACC-50091,CUST-1072,4203.5,CASH_DEPOSIT,2026-08-10 00:43:00,16,"Mumbai, IN",1,0,0
TXN-10521,ACC-50133,ACC-50027,CUST-1133,15793.11,TRANSFER,2026-08-03 14:24:00,6,"Mumbai, IN",0,0,0
TXN-10582,ACC-50066,ACC-50138,CUST-1066,6547.77,TRANSFER,2026-08-07 03:36:00,19,"Mumbai, IN",1,0,0
TXN-11058,ACC-50004,ACC-50035,CUST-1004,13398.88,TRANSFER,2026-08-08 14:38:00,6,"Bangalore, IN",0,0,0
TXN-11406,ACC-50004,ACC-50118,CUST-1004,19425.09,CASH_DEPOSIT,2026-08-01 19:17:00,11,"Mumbai, IN",1,0,0
TXN-10296,ACC-50039,ACC-50051,CUST-1039,5389.58,TRANSFER,2026-08-08 00:14:00,16,"Delhi, IN",0,0,0
TXN-12442,ACC-59904,ACC-59901,CUST-9003,1140029.51,WIRE,2026-08-03 11:37:00,3,"George Town, KY",1,1,1
TXN-11061,ACC-50099,ACC-50045,CUST-1099,62577.36,CASH_DEPOSIT,2026-08-08 14:07:00,6,"Delhi, IN",0,0,0
TXN-10857,ACC-50147,ACC-50032,CUST-1147,4705.48,TRANSFER,2026-08-07 04:16:00,20,"Mumbai, IN",0,0,0
TXN-11692,ACC-50049,ACC-50117,CUST-1049,8111.12,TRANSFER,2026-08-07 14:16:00,6,"Mumbai, IN",0,0,0
TXN-10407,ACC-50023,ACC-50085,CUST-1023,3057.38,TRANSFER,2026-08-08 17:02:00,9,"Mumbai, IN",1,0,0
TXN-11078,ACC-50059,ACC-50002,CUST-1059,49624.6,CASH_DEPOSIT,2026-08-09 04:24:00,20,"Bangalore, IN",0,0,0
TXN-11083,ACC-50079,ACC-50139,CUST-1079,3032.25,CASH_DEPOSIT,2026-08-08 18:09:00,10,"Mumbai, IN",0,0,0
TXN-10168,ACC-50043,ACC-50019,CUST-1043,13041.79,TRANSFER,2026-08-03 06:40:00,22,"Mumbai, IN",0,0,0
TXN-12180,ACC-50015,ACC-50103,CUST-1015,9626.21,WIRE,2026-08-03 18:46:00,10,"Delhi, IN",1,0,1
TXN-10239,ACC-50036,ACC-50051,CUST-1036,1547.12,TRANSFER,2026-08-10 06:25:00,22,"Mumbai, IN",0,0,0
TXN-12305,ACC-50125,ACC-50036,CUST-1125,104962.6,WIRE,2026-08-05 06:59:00,22,"Panama City, PA",1,0,1
TXN-11997,ACC-50046,ACC-50128,CUST-1046,32556.35,CASH_DEPOSIT,2026-08-08 01:15:00,17,"Mumbai, IN",1,0,0
TXN-11901,ACC-50082,ACC-50147,CUST-1082,5887.72,TRANSFER,2026-08-10 21:45:00,13,"Mumbai, IN",0,0,0
TXN-11050,ACC-50063,ACC-50143,CUST-1063,30310.82,CASH_DEPOSIT,2026-08-10 18:19:00,10,"Mumbai, IN",0,0,0
TXN-11912,ACC-50041,ACC-50032,CUST-1041,4665.2,TRANSFER,2026-08-03 00:01:00,16,"Bangalore, IN",1,0,0
TXN-11867,ACC-50049,ACC-50132,CUST-1049,6226.83,CASH_DEPOSIT,2026-08-01 22:33:00,14,"Mumbai, IN",0,0,0
TXN-12095,ACC-50122,ACC-50089,CUST-1122,4419.35,CASH_DEPOSIT,2026-08-07 14:21:00,6,"Mumbai, IN",1,0,0
TXN-10522,ACC-50068,ACC-50041,CUST-1068,8582.16,TRANSFER,2026-08-05 23:43:00,15,"Bangalore, IN",0,0,0
TXN-11737,ACC-50093,ACC-50028,CUST-1093,33503.28,TRANSFER,2026-08-08 19:01:00,11,"Mumbai, IN",0,0,0
TXN-12472,ACC-59902,ACC-59903,CUST-9001,965264.2,WIRE,2026-08-03 12:25:00,4,"George Town, KY",1,1,1
TXN-11847,ACC-50117,ACC-50105,CUST-1117,4324.72,TRANSFER,2026-08-03 21:25:00,13,"Mumbai, IN",1,0,0
TXN-12368,ACC-50091,ACC-50027,CUST-1091,64997.84,WIRE,2026-08-02 09:55:00,1,"George Town, KY",1,1,1
TXN-12249,ACC-50067,ACC-50012,CUST-1067,1253387.98,WIRE,2026-08-10 13:55:00,5,"London, UK",1,0,1
TXN-11883,ACC-50129,ACC-50073,CUST-1129,10152.43,CASH_DEPOSIT,2026-08-05 20:27:00,12,"Mumbai, IN",0,0,0
TXN-11511,ACC-50137,ACC-50031,CUST-1137,16182.76,TRANSFER,2026-08-02 06:51:00,22,"Mumbai, IN",1,0,0
TXN-11459,ACC-50148,ACC-50089,CUST-1148,21438.22,TRANSFER,2026-08-02 02:04:00,18,"Mumbai, IN",0,0,0
TXN-11938,ACC-50077,ACC-50036,CUST-1077,129620.04,TRANSFER,2026-08-04 22:29:00,14,"Bangalore, IN",0,0,0
TXN-11723,ACC-50147,ACC-50039,CUST-1147,7061.66,TRANSFER,2026-08-03 20:49:00,12,"Mumbai, IN",0,0,0
TXN-12025,ACC-50062,ACC-50002,CUST-1062,4368.86,CASH_DEPOSIT,2026-08-04 00:54:00,16,"Mumbai, IN",0,0,0
TXN-11607,ACC-50067,ACC-50023,CUST-1067,46878.25,CASH_DEPOSIT,2026-08-11 05:22:00,21,"Mumbai, IN",1,0,0
TXN-11977,ACC-50114,ACC-50140,CUST-1114,49989.37,CASH_DEPOSIT,2026-08-06 01:35:00,17,"Mumbai, IN",0,0,0
TXN-10508,ACC-50057,ACC-50117,CUST-1057,5372.85,TRANSFER,2026-08-11 00:35:00,16,"Mumbai, IN",0,0,0
TXN-10632,ACC-50101,ACC-50063,CUST-1101,4080.82,CASH_DEPOSIT,2026-08-11 19:45:00,11,"Mumbai, IN",0,0,0
TXN-10915,ACC-50078,ACC-50029,CUST-1078,6815.82,TRANSFER,2026-08-02 00:10:00,16,"Mumbai, IN",1,0,0
TXN-10259,ACC-50047,ACC-50075,CUST-1047,36099.58,TRANSFER,2026-08-05 15:00:00,7,"Mumbai, IN",0,0,0
TXN-11395,ACC-50111,ACC-50057,CUST-1111,6921.52,TRANSFER,2026-08-04 19:05:00,11,"Delhi, IN",0,0,0
TXN-12295,ACC-50041,ACC-50035,CUST-1041,144165.66,WIRE,2026-08-08 01:51:00,17,"Panama City, PA",1,0,1
TXN-12321,ACC-50106,ACC-50031,CUST-1106,249646.3,WIRE,2026-08-09 04:29:00,20,"Dubai, AE",1,0,1
TXN-10802,ACC-50122,ACC-50111,CUST-1122,4275.22,TRANSFER,2026-08-03 02:54:00,18,"Mumbai, IN",1,0,0
TXN-11935,ACC-50070,ACC-50000,CUST-1070,62272.66,TRANSFER,2026-08-07 23:28:00,15,"Mumbai, IN",0,0,0
TXN-11196,ACC-50022,ACC-50088,CUST-1022,4668.12,TRANSFER,2026-08-02 20:47:00,12,"Mumbai, IN",0,0,0
TXN-11944,ACC-50000,ACC-50012,CUST-1000,2588.51,TRANSFER,2026-08-09 03:35:00,19,"Mumbai, IN",0,0,0
TXN-10756,ACC-50103,ACC-50027,CUST-1103,4668.55,TRANSFER,2026-08-12 00:35:00,16,"Mumbai, IN",1,0,0
TXN-10801,ACC-50009,ACC-50100,CUST-1009,14329.91,CASH_DEPOSIT,2026-08-06 22:09:00,14,"Mumbai, IN",1,0,0
TXN-10233,ACC-50078,ACC-50128,CUST-1078,11204.51,TRANSFER,2026-08-07 14:05:00,6,"Mumbai, IN",0,0,0
TXN-11514,ACC-50092,ACC-50020,CUST-1092,6462.8,TRANSFER,2026-08-10 01:35:00,17,"Bangalore, IN",1,0,0
TXN-10940,ACC-50031,ACC-50137,CUST-1031,25781.51,CASH_DEPOSIT,2026-08-08 21:54:00,13,"Mumbai, IN",1,0,0
TXN-10998,ACC-50111,ACC-50005,CUST-1111,4163.76,CASH_DEPOSIT,2026-08-04 19:18:00,11,"Mumbai, IN",0,0,0
TXN-11102,ACC-50148,ACC-50102,CUST-1148,26115.01,TRANSFER,2026-08-04 15:13:00,7,"Mumbai, IN",0,0,0
TXN-11463,ACC-50044,ACC-50083,CUST-1044,79083.93,CASH_DEPOSIT,2026-08-08 17:44:00,9,"Mumbai, IN",0,0,0
TXN-11876,ACC-50039,ACC-50118,CUST-1039,4507.07,TRANSFER,2026-08-12 00:50:00,16,"Mumbai, IN",0,0,0
TXN-11225,ACC-50021,ACC-50066,CUST-1021,5571.74,TRANSFER,2026-08-04 03:44:00,19,"Mumbai, IN",0,0,0
TXN-10324,ACC-50051,ACC-50123,CUST-1051,4268.59,CASH_DEPOSIT,2026-08-08 00:11:00,16,"Mumbai, IN",1,0,0
TXN-11763,ACC-50018,ACC-50058,CUST-1018,6605.23,TRANSFER,2026-08-07 22:08:00,14,"Mumbai, IN",0,0,0
TXN-11953,ACC-50125,ACC-50029,CUST-1125,7300.15,TRANSFER,2026-08-07 00:46:00,16,"Bangalore, IN",1,0,0
TXN-11377,ACC-50049,ACC-50065,CUST-1049,4621.47,TRANSFER,2026-08-11 19:12:00,11,"Mumbai, IN",1,0,0
TXN-10100,ACC-50103,ACC-50132,CUST-1103,5113.71,CASH_DEPOSIT,2026-08-09 14:42:00,6,"Mumbai, IN",0,0,0
TXN-12481,ACC-59903,ACC-59904,CUST-9002,785609.46,WIRE,2026-08-04 11:59:00,3,"George Town, KY",1,1,1
TXN-11340,ACC-50121,ACC-50054,CUST-1121,54403.37,TRANSFER,2026-08-01 15:13:00,7,"Mumbai, IN",0,0,0
TXN-10387,ACC-50058,ACC-50131,CUST-1058,26679.13,TRANSFER,2026-08-01 14:02:00,6,"Mumbai, IN",0,0,0
TXN-11954,ACC-50056,ACC-50148,CUST-1056,28640.64,TRANSFER,2026-08-08 01:47:00,17,"Mumbai, IN",0,0,0
TXN-10179,ACC-50085,ACC-50020,CUST-1085,7951.29,CASH_DEPOSIT,2026-08-06 18:58:00,10,"Bangalore, IN",1,0,0
TXN-11694,ACC-50087,ACC-50070,CUST-1087,2890.96,CASH_DEPOSIT,2026-08-12 06:19:00,22,"Mumbai, IN",0,0,0
TXN-11662,ACC-50146,ACC-50104,CUST-1146,24337.28,TRANSFER,2026-08-10 14:20:00,6,"Mumbai, IN",1,0,0
TXN-11304,ACC-50134,ACC-50148,CUST-1134,5770.4,TRANSFER,2026-08-02 21:44:00,13,"Mumbai, IN",0,0,0
TXN-10927,ACC-50111,ACC-50105,CUST-1111,4512.75,TRANSFER,2026-08-03 00:55:00,16,"Mumbai, IN",1,0,0
TXN-11430,ACC-50072,ACC-50031,CUST-1072,1817.22,TRANSFER,2026-08-05 15:31:00,7,"Mumbai, IN",0,0,0
TXN-12268,ACC-50112,ACC-50023,CUST-1112,92124.41,WIRE,2026-08-09 13:15:00,5,"Panama City, PA",1,0,1
TXN-10141,ACC-50067,ACC-50013,CUST-1067,64389.06,TRANSFER,2026-08-07 18:47:00,10,"Mumbai, IN",0,0,0
TXN-10368,ACC-50122,ACC-50018,CUST-1122,6135.48,TRANSFER,2026-08-02 21:24:00,13,"Mumbai, IN",0,0,0
TXN-12445,ACC-59903,ACC-59904,CUST-9002,1055785.37,WIRE,2026-08-06 09:49:00,1,"George Town, KY",1,1,1
TXN-11085,ACC-50129,ACC-50144,CUST-1129,10901.19,TRANSFER,2026-08-06 15:27:00,7,"Bangalore, IN",0,0,0
TXN-10367,ACC-50132,ACC-50113,CUST-1132,55659.51,TRANSFER,2026-08-06 14:00:00,6,"Delhi, IN",0,0,0
TXN-11674,ACC-50075,ACC-50114,CUST-1075,26436.86,TRANSFER,2026-08-09 00:50:00,16,"Mumbai, IN",0,0,0
TXN-11044,ACC-50138,ACC-50043,CUST-1138,42394.97,CASH_DEPOSIT,2026-08-03 23:09:00,15,"Mumbai, IN",0,0,0
TXN-10318,ACC-50083,ACC-50099,CUST-1083,5129.88,CASH_DEPOSIT,2026-08-07 14:18:00,6,"Mumbai, IN",0,0,0
TXN-11538,ACC-50002,ACC-50063,CUST-1002,5065.4,TRANSFER,2026-08-07 18:37:00,10,"Mumbai, IN",0,0,0
TXN-10247,ACC-50015,ACC-50036,CUST-1015,16030.47,CASH_DEPOSIT,2026-08-10 06:13:00,22,"Delhi, IN",1,0,0
TXN-10321,ACC-50123,ACC-50019,CUST-1123,12915.92,TRANSFER,2026-08-05 01:16:00,17,"Mumbai, IN",0,0,0
TXN-11833,ACC-50120,ACC-50123,CUST-1120,41258.62,TRANSFER,2026-08-04 17:07:00,9,"Mumbai, IN",0,0,0
TXN-11839,ACC-50142,ACC-50041,CUST-1142,16450.07,TRANSFER,2026-08-06 18:35:00,10,"Mumbai, IN",0,0,0
TXN-10999,ACC-50129,ACC-50056,CUST-1129,7068.71,TRANSFER,2026-08-11 00:58:00,16,"Mumbai, IN",0,0,0
TXN-10942,ACC-50112,ACC-50081,CUST-1112,3869.05,CASH_DEPOSIT,2026-08-02 03:50:00,19,"Delhi, IN",1,0,0
TXN-11772,ACC-50068,ACC-50026,CUST-1068,5182.99,TRANSFER,2026-08-11 05:35:00,21,"Mumbai, IN",1,0,0
TXN-10029,ACC-50026,ACC-50035,CUST-1026,49107.12,TRANSFER,2026-08-02 22:07:00,14,"Mumbai, IN",0,0,0
TXN-11299,ACC-50019,ACC-50000,CUST-1019,5633.62,TRANSFER,2026-08-11 18:49:00,10,"Mumbai, IN",1,0,0
TXN-11993,ACC-50082,ACC-50061,CUST-1082,6981.96,TRANSFER,2026-08-05 20:22:00,12,"Bangalore, IN",1,0,0
TXN-11914,ACC-50082,ACC-50102,CUST-1082,2598.64,TRANSFER,2026-08-10 19:20:00,11,"Mumbai, IN",0,0,0
TXN-10695,ACC-50061,ACC-50147,CUST-1061,5565.82,TRANSFER,2026-08-05 18:27:00,10,"Mumbai, IN",0,0,0
TXN-12470,ACC-59904,ACC-59901,CUST-9003,834032.12,WIRE,2026-08-02 10:18:00,2,"George Town, KY",1,1,1
TXN-12028,ACC-50028,ACC-50064,CUST-1028,5655.11,TRANSFER,2026-08-10 19:40:00,11,"Mumbai, IN",1,0,0
TXN-11600,ACC-50021,ACC-50045,CUST-1021,6429.7,TRANSFER,2026-08-06 04:02:00,20,"Mumbai, IN",1,0,0
TXN-12329,ACC-50132,ACC-50128,CUST-1132,1055323.86,WIRE,2026-08-07 02:28:00,18,"Dubai, AE",1,0,1
TXN-11231,ACC-50141,ACC-50069,CUST-1141,3724.22,TRANSFER,2026-08-01 17:57:00,9,"Mumbai, IN",1,0,0
TXN-12173,ACC-50040,ACC-50094,CUST-1040,9363.61,CASH_DEPOSIT,2026-08-10 14:50:00,6,"Mumbai, IN",1,0,1
TXN-11915,ACC-50144,ACC-50146,CUST-1144,3757.25,TRANSFER,2026-08-09 15:56:00,7,"Mumbai, IN",0,0,0
TXN-11729,ACC-50129,ACC-50149,CUST-1129,13027.99,TRANSFER,2026-08-04 06:07:00,22,"Mumbai, IN",1,0,0
TXN-11706,ACC-50027,ACC-50019,CUST-1027,15908.83,TRANSFER,2026-08-06 21:10:00,13,"Mumbai, IN",1,0,0
TXN-11703,ACC-50014,ACC-50105,CUST-1014,6589.31,CASH_DEPOSIT,2026-08-04 01:41:00,17,"Mumbai, IN",0,0,0
TXN-10755,ACC-50122,ACC-50118,CUST-1122,6316.04,TRANSFER,2026-08-06 19:18:00,11,"Mumbai, IN",0,0,0
TXN-11330,ACC-50117,ACC-50066,CUST-1117,1363.64,TRANSFER,2026-08-09 05:16:00,21,"Mumbai, IN",1,0,0
TXN-10353,ACC-50060,ACC-50053,CUST-1060,26861.65,TRANSFER,2026-08-11 01:55:00,17,"Mumbai, IN",0,0,0
TXN-10208,ACC-50042,ACC-50114,CUST-1042,5576.1,TRANSFER,2026-08-02 01:28:00,17,"Delhi, IN",1,0,0
TXN-12144,ACC-50134,ACC-50055,CUST-1134,9776.36,WIRE,2026-08-02 19:06:00,11,"Mumbai, IN",1,0,1
TXN-10903,ACC-50027,ACC-50032,CUST-1027,15470.71,TRANSFER,2026-08-08 22:31:00,14,"Mumbai, IN",0,0,0
TXN-10952,ACC-50116,ACC-50127,CUST-1116,8437.34,TRANSFER,2026-08-04 17:14:00,9,"Delhi, IN",0,0,0
TXN-11337,ACC-50102,ACC-50084,CUST-1102,10095.41,TRANSFER,2026-08-06 16:20:00,8,"Mumbai, IN",1,0,0
TXN-11551,ACC-50033,ACC-50139,CUST-1033,6140.08,CASH_DEPOSIT,2026-08-01 14:46:00,6,"Mumbai, IN",0,0,0
TXN-11567,ACC-50038,ACC-50009,CUST-1038,25159.84,TRANSFER,2026-08-11 00:44:00,16,"Mumbai, IN",0,0,0
TXN-11943,ACC-50051,ACC-50069,CUST-1051,8134.31,TRANSFER,2026-08-05 14:42:00,6,"Mumbai, IN",1,0,0
TXN-10485,ACC-50140,ACC-50064,CUST-1140,52254.53,TRANSFER,2026-08-04 05:44:00,21,"Mumbai, IN",0,0,0
TXN-11629,ACC-50132,ACC-50027,CUST-1132,62162.12,CASH_DEPOSIT,2026-08-03 04:51:00,20,"Mumbai, IN",0,0,0
TXN-12039,ACC-50017,ACC-50091,CUST-1017,85383.14,TRANSFER,2026-08-06 00:12:00,16,"Mumbai, IN",0,0,0
TXN-10199,ACC-50011,ACC-50100,CUST-1011,1941.15,CASH_DEPOSIT,2026-08-02 01:16:00,17,"Mumbai, IN",0,0,0
TXN-10229,ACC-50080,ACC-50082,CUST-1080,5052.9,CASH_DEPOSIT,2026-08-04 01:25:00,17,"Mumbai, IN",0,0,0
TXN-10810,ACC-50137,ACC-50038,CUST-1137,15883.25,TRANSFER,2026-08-02 21:59:00,13,"Mumbai, IN",1,0,0
TXN-10787,ACC-50097,ACC-50100,CUST-1097,5636.25,TRANSFER,2026-08-04 05:16:00,21,"Mumbai, IN",0,0,0
TXN-10410,ACC-50075,ACC-50128,CUST-1075,46106.13,CASH_DEPOSIT,2026-08-10 03:56:00,19,"Mumbai, IN",0,0,0
TXN-10629,ACC-50066,ACC-50039,CUST-1066,2726.38,TRANSFER,2026-08-01 23:00:00,15,"Mumbai, IN",0,0,0
TXN-11510,ACC-50096,ACC-50008,CUST-1096,51050.78,TRANSFER,2026-08-11 18:24:00,10,"Mumbai, IN",1,0,0
TXN-10662,ACC-50142,ACC-50143,CUST-1142,16975.77,TRANSFER,2026-08-03 03:47:00,19,"Mumbai, IN",1,0,0
TXN-12142,ACC-50040,ACC-50088,CUST-1040,9885.03,WIRE,2026-08-03 04:07:00,20,"Mumbai, IN",1,0,1
TXN-11918,ACC-50126,ACC-50102,CUST-1126,47362.18,TRANSFER,2026-08-07 15:33:00,7,"Mumbai, IN",0,0,0
TXN-12334,ACC-50047,ACC-50042,CUST-1047,150194.77,WIRE,2026-08-01 11:42:00,3,"Panama City, PA",1,1,1
TXN-11269,ACC-50077,ACC-50122,CUST-1077,83464.43,TRANSFER,2026-08-03 20:34:00,12,"Mumbai, IN",1,0,0
TXN-10069,ACC-50147,ACC-50096,CUST-1147,4159.73,TRANSFER,2026-08-05 02:45:00,18,"Mumbai, IN",0,0,0
TXN-10443,ACC-50128,ACC-50147,CUST-1128,38332.75,TRANSFER,2026-08-11 06:51:00,22,"Mumbai, IN",0,0,0
TXN-12147,ACC-50015,ACC-50060,CUST-1015,9726.85,CASH_DEPOSIT,2026-08-04 14:12:00,6,"Delhi, IN",1,0,1
TXN-12241,ACC-50004,ACC-50143,CUST-1004,316512.07,WIRE,2026-08-09 07:55:00,23,"George Town, KY",1,1,1
TXN-11584,ACC-50036,ACC-50043,CUST-1036,1772.28,CASH_DEPOSIT,2026-08-02 05:55:00,21,"Mumbai, IN",0,0,0
TXN-10231,ACC-50012,ACC-50075,CUST-1012,12770.33,CASH_DEPOSIT,2026-08-11 02:55:00,18,"Mumbai, IN",0,0,0
TXN-10440,ACC-50038,ACC-50024,CUST-1038,22429.84,TRANSFER,2026-08-06 16:42:00,8,"Mumbai, IN",0,0,0
TXN-11627,ACC-50111,ACC-50023,CUST-1111,5390.48,TRANSFER,2026-08-12 00:24:00,16,"Mumbai, IN",0,0,0
TXN-11322,ACC-50024,ACC-50085,CUST-1024,11184.68,TRANSFER,2026-08-10 03:57:00,19,"Mumbai, IN",0,0,0
TXN-11278,ACC-50034,ACC-50070,CUST-1034,3287.47,TRANSFER,2026-08-04 15:41:00,7,"Mumbai, IN",0,0,0
TXN-10817,ACC-50004,ACC-50125,CUST-1004,16968.33,TRANSFER,2026-08-01 16:00:00,8,"Bangalore, IN",0,0,0
TXN-10599,ACC-50063,ACC-50074,CUST-1063,18110.11,TRANSFER,2026-08-11 16:25:00,8,"Mumbai, IN",0,0,0
TXN-11056,ACC-50110,ACC-50053,CUST-1110,8027.88,TRANSFER,2026-08-07 06:51:00,22,"Bangalore, IN",0,0,0
TXN-10414,ACC-50014,ACC-50121,CUST-1014,2291.21,TRANSFER,2026-08-11 06:22:00,22,"Mumbai, IN",0,0,0
TXN-10679,ACC-50143,ACC-50134,CUST-1143,12788.94,CASH_DEPOSIT,2026-08-02 21:15:00,13,"Mumbai, IN",0,0,0
TXN-11518,ACC-50046,ACC-50117,CUST-1046,4725.76,CASH_DEPOSIT,2026-08-02 14:10:00,6,"Mumbai, IN",1,0,0
TXN-11116,ACC-50078,ACC-50002,CUST-1078,7079.24,CASH_DEPOSIT,2026-08-12 05:51:00,21,"Mumbai, IN",1,0,0
TXN-10279,ACC-50058,ACC-50064,CUST-1058,24623.21,CASH_DEPOSIT,2026-08-04 04:22:00,20,"Mumbai, IN",0,0,0
TXN-11385,ACC-50145,ACC-50082,CUST-1145,3872.31,CASH_DEPOSIT,2026-08-02 21:35:00,13,"Mumbai, IN",0,0,0
TXN-10408,ACC-50101,ACC-50128,CUST-1101,4496.32,CASH_DEPOSIT,2026-08-11 14:24:00,6,"Mumbai, IN",0,0,0
TXN-11091,ACC-50036,ACC-50075,CUST-1036,5729.75,TRANSFER,2026-08-12 04:12:00,20,"Delhi, IN",0,0,0
TXN-12282,ACC-50056,ACC-50057,CUST-1056,908992.54,WIRE,2026-08-12 03:50:00,19,"London, UK",1,0,1
TXN-11216,ACC-50103,ACC-50005,CUST-1103,6857.42,TRANSFER,2026-08-10 02:35:00,18,"Mumbai, IN",0,0,0
TXN-12078,ACC-50085,ACC-50130,CUST-1085,10845.6,TRANSFER,2026-08-07 22:33:00,14,"Bangalore, IN",0,0,0
TXN-10498,ACC-50123,ACC-50125,CUST-1123,12705.04,CASH_DEPOSIT,2026-08-07 17:56:00,9,"Mumbai, IN",0,0,0
TXN-11708,ACC-50025,ACC-50014,CUST-1025,109241.52,CASH_DEPOSIT,2026-08-10 00:17:00,16,"Mumbai, IN",0,0,0
TXN-12026,ACC-50128,ACC-50130,CUST-1128,10936.79,TRANSFER,2026-08-03 15:25:00,7,"Mumbai, IN",0,0,0
TXN-10789,ACC-50110,ACC-50069,CUST-1110,9934.68,TRANSFER,2026-08-06 00:17:00,16,"Mumbai, IN",1,0,0
TXN-11070,ACC-50107,ACC-50137,CUST-1107,23687.8,CASH_DEPOSIT,2026-08-02 04:20:00,20,"Mumbai, IN",0,0,0
TXN-12265,ACC-50032,ACC-50009,CUST-1032,136578.52,WIRE,2026-08-04 09:38:00,1,"Panama City, PA",1,0,1
TXN-10435,ACC-50100,ACC-50147,CUST-1100,17414.37,CASH_DEPOSIT,2026-08-02 05:09:00,21,"Mumbai, IN",0,0,0
TXN-12043,ACC-50124,ACC-50110,CUST-1124,67425.25,TRANSFER,2026-08-12 06:02:00,22,"Mumbai, IN",0,0,0
TXN-11879,ACC-50121,ACC-50050,CUST-1121,47558.11,CASH_DEPOSIT,2026-08-04 05:38:00,21,"Mumbai, IN",0,0,0
TXN-10782,ACC-50038,ACC-50115,CUST-1038,38019.73,CASH_DEPOSIT,2026-08-04 01:51:00,17,"Mumbai, IN",0,0,0
TXN-11476,ACC-50069,ACC-50010,CUST-1069,4801.05,TRANSFER,2026-08-08 17:02:00,9,"Mumbai, IN",0,0,0
TXN-11831,ACC-50101,ACC-50072,CUST-1101,4845.17,CASH_DEPOSIT,2026-08-10 23:18:00,15,"Mumbai, IN",0,0,0
TXN-11836,ACC-50039,ACC-50088,CUST-1039,7134.12,CASH_DEPOSIT,2026-08-03 22:58:00,14,"Mumbai, IN",0,0,0
TXN-10149,ACC-50039,ACC-50122,CUST-1039,4100.91,TRANSFER,2026-08-02 16:05:00,8,"Mumbai, IN",0,0,0
TXN-11194,ACC-50085,ACC-50057,CUST-1085,19402.35,CASH_DEPOSIT,2026-08-06 16:41:00,8,"Bangalore, IN",1,0,0
TXN-12451,ACC-59901,ACC-59902,CUST-9000,891474.6,WIRE,2026-08-06 12:41:00,4,"George Town, KY",1,1,1
TXN-11241,ACC-50044,ACC-50019,CUST-1044,50220.32,TRANSFER,2026-08-04 01:53:00,17,"Mumbai, IN",0,0,0
TXN-11055,ACC-50076,ACC-50022,CUST-1076,5761.99,TRANSFER,2026-08-03 02:44:00,18,"Mumbai, IN",0,0,0
TXN-11769,ACC-50061,ACC-50127,CUST-1061,4783.22,TRANSFER,2026-08-02 03:26:00,19,"Mumbai, IN",0,0,0
TXN-11689,ACC-50118,ACC-50025,CUST-1118,6121.87,TRANSFER,2026-08-11 15:20:00,7,"Mumbai, IN",0,0,0
TXN-12093,ACC-50023,ACC-50091,CUST-1023,6003.11,TRANSFER,2026-08-04 19:24:00,11,"Bangalore, IN",0,0,0
TXN-12192,ACC-50074,ACC-50120,CUST-1074,9713.06,WIRE,2026-08-01 12:34:00,4,"Mumbai, IN",1,0,1
TXN-11929,ACC-50052,ACC-50047,CUST-1052,53697.57,TRANSFER,2026-08-07 17:02:00,9,"Mumbai, IN",0,0,0
TXN-10163,ACC-50128,ACC-50144,CUST-1128,42962.37,TRANSFER,2026-08-08 01:04:00,17,"Mumbai, IN",0,0,0
TXN-10438,ACC-50023,ACC-50140,CUST-1023,6869.13,CASH_DEPOSIT,2026-08-07 02:11:00,18,"Mumbai, IN",1,0,0
TXN-11025,ACC-50116,ACC-50025,CUST-1116,13508.47,CASH_DEPOSIT,2026-08-07 18:45:00,10,"Mumbai, IN",0,0,0
TXN-11382,ACC-50101,ACC-50007,CUST-1101,4729.28,CASH_DEPOSIT,2026-08-06 17:11:00,9,"Mumbai, IN",0,0,0
TXN-11978,ACC-50149,ACC-50105,CUST-1149,7498.53,TRANSFER,2026-08-01 17:35:00,9,"Mumbai, IN",0,0,0
TXN-10829,ACC-50045,ACC-50100,CUST-1045,727.19,TRANSFER,2026-08-09 01:08:00,17,"Mumbai, IN",0,0,0
TXN-10654,ACC-50134,ACC-50127,CUST-1134,5875.89,CASH_DEPOSIT,2026-08-05 18:39:00,10,"Mumbai, IN",0,0,0
TXN-10528,ACC-50131,ACC-50030,CUST-1131,4136.54,CASH_DEPOSIT,2026-08-08 02:02:00,18,"Mumbai, IN",0,0,0
TXN-11133,ACC-50053,ACC-50130,CUST-1053,11429.29,TRANSFER,2026-08-01 15:29:00,7,"Mumbai, IN",1,0,0
TXN-10049,ACC-50060,ACC-50080,CUST-1060,29965.98,TRANSFER,2026-08-04 21:51:00,13,"Mumbai, IN",0,0,0
TXN-10067,ACC-50032,ACC-50122,CUST-1032,5944.44,CASH_DEPOSIT,2026-08-04 17:36:00,9,"Mumbai, IN",0,0,0
TXN-12016,ACC-50125,ACC-50111,CUST-1125,4716.32,TRANSFER,2026-08-08 04:58:00,20,"Mumbai, IN",0,0,0
TXN-11370,ACC-50005,ACC-50106,CUST-1005,4031.05,TRANSFER,2026-08-11 16:31:00,8,"Mumbai, IN",1,0,0
TXN-12270,ACC-50097,ACC-50019,CUST-1097,146717.13,WIRE,2026-08-11 10:46:00,2,"George Town, KY",1,0,1
TXN-10048,ACC-50043,ACC-50021,CUST-1043,25851.38,TRANSFER,2026-08-11 23:32:00,15,"Mumbai, IN",0,0,0
TXN-11334,ACC-50026,ACC-50075,CUST-1026,51004.86,CASH_DEPOSIT,2026-08-11 02:10:00,18,"Mumbai, IN",1,0,0
TXN-11681,ACC-50043,ACC-50135,CUST-1043,28756.33,CASH_DEPOSIT,2026-08-09 05:11:00,21,"Mumbai, IN",0,0,0
TXN-10838,ACC-50004,ACC-50123,CUST-1004,11831.09,TRANSFER,2026-08-08 23:10:00,15,"Mumbai, IN",0,0,0
TXN-12162,ACC-50134,ACC-50140,CUST-1134,9168.13,WIRE,2026-08-03 19:29:00,11,"Delhi, IN",1,0,1
TXN-10124,ACC-50024,ACC-50010,CUST-1024,11933.35,TRANSFER,2026-08-08 23:50:00,15,"Mumbai, IN",0,0,0
TXN-10610,ACC-50102,ACC-50071,CUST-1102,7958.2,TRANSFER,2026-08-11 04:11:00,20,"Bangalore, IN",0,0,0
TXN-11860,ACC-50038,ACC-50042,CUST-1038,29666.55,TRANSFER,2026-08-10 03:07:00,19,"Mumbai, IN",1,0,0
TXN-12332,ACC-50131,ACC-50147,CUST-1131,160450.06,WIRE,2026-08-08 11:07:00,3,"Panama City, PA",1,1,1
TXN-11512,ACC-50081,ACC-50068,CUST-1081,8661.53,CASH_DEPOSIT,2026-08-10 20:53:00,12,"Delhi, IN",0,0,0
TXN-10741,ACC-50123,ACC-50135,CUST-1123,9650.55,TRANSFER,2026-08-06 23:49:00,15,"Mumbai, IN",0,0,0
TXN-10025,ACC-50061,ACC-50068,CUST-1061,3938.5,TRANSFER,2026-08-12 02:08:00,18,"Mumbai, IN",0,0,0
TXN-12388,ACC-50047,ACC-50075,CUST-1047,58777.48,WIRE,2026-08-03 12:06:00,4,"Panama City, PA",1,1,1
TXN-11752,ACC-50016,ACC-50094,CUST-1016,6429.69,TRANSFER,2026-08-02 03:41:00,19,"Mumbai, IN",0,0,0
TXN-11533,ACC-50146,ACC-50109,CUST-1146,18675.65,CASH_DEPOSIT,2026-08-04 04:33:00,20,"Mumbai, IN",0,0,0
TXN-11815,ACC-50048,ACC-50104,CUST-1048,11966.52,CASH_DEPOSIT,2026-08-01 15:22:00,7,"Bangalore, IN",0,0,0
TXN-11616,ACC-50076,ACC-50010,CUST-1076,6454.19,TRANSFER,2026-08-09 21:48:00,13,"Mumbai, IN",0,0,0
TXN-11454,ACC-50010,ACC-50091,CUST-1010,10327.38,CASH_DEPOSIT,2026-08-08 18:29:00,10,"Mumbai, IN",0,0,0
TXN-10565,ACC-50132,ACC-50064,CUST-1132,60222.51,TRANSFER,2026-08-05 02:58:00,18,"Mumbai, IN",0,0,0
TXN-10845,ACC-50057,ACC-50083,CUST-1057,10458.79,TRANSFER,2026-08-06 01:57:00,17,"Mumbai, IN",0,0,0
TXN-12489,ACC-59903,ACC-59904,CUST-9002,957541.92,WIRE,2026-08-06 11:10:00,3,"George Town, KY",1,1,1
TXN-11456,ACC-50044,ACC-50038,CUST-1044,54249.32,CASH_DEPOSIT,2026-08-11 01:41:00,17,"Mumbai, IN",0,0,0
TXN-10361,ACC-50054,ACC-50127,CUST-1054,5500.49,CASH_DEPOSIT,2026-08-05 22:20:00,14,"Mumbai, IN",0,0,0
TXN-11565,ACC-50053,ACC-50126,CUST-1053,9134.31,CASH_DEPOSIT,2026-08-03 21:05:00,13,"Mumbai, IN",1,0,0
TXN-12498,ACC-59904,ACC-59901,CUST-9003,819373.72,WIRE,2026-08-03 12:49:00,4,"George Town, KY",1,1,1
TXN-12414,ACC-50131,ACC-50039,CUST-1131,120712.47,WIRE,2026-08-03 09:24:00,1,"Panama City, PA",1,1,1
TXN-11834,ACC-50017,ACC-50062,CUST-1017,26835.49,CASH_DEPOSIT,2026-08-07 03:39:00,19,"Mumbai, IN",1,0,0
TXN-11784,ACC-50129,ACC-50144,CUST-1129,11047.75,TRANSFER,2026-08-09 23:48:00,15,"Mumbai, IN",0,0,0
TXN-10430,ACC-50147,ACC-50057,CUST-1147,4950.87,TRANSFER,2026-08-02 19:28:00,11,"Mumbai, IN",0,0,0
TXN-12309,ACC-50036,ACC-50001,CUST-1036,116422.08,WIRE,2026-08-02 03:05:00,19,"Panama City, PA",1,0,1
TXN-10637,ACC-50002,ACC-50060,CUST-1002,8015.31,CASH_DEPOSIT,2026-08-01 16:09:00,8,"Mumbai, IN",1,0,0
TXN-12187,ACC-50015,ACC-50028,CUST-1015,9413.12,WIRE,2026-08-10 02:44:00,18,"Delhi, IN",1,0,1
TXN-10651,ACC-50119,ACC-50070,CUST-1119,15758.98,TRANSFER,2026-08-09 19:04:00,11,"Mumbai, IN",0,0,0
TXN-10240,ACC-50085,ACC-50122,CUST-1085,6545.31,TRANSFER,2026-08-04 06:29:00,22,"Mumbai, IN",0,0,0
TXN-10693,ACC-50007,ACC-50143,CUST-1007,2715.22,CASH_DEPOSIT,2026-08-03 22:14:00,14,"Bangalore, IN",0,0,0
TXN-10070,ACC-50026,ACC-50078,CUST-1026,61209.4,TRANSFER,2026-08-10 17:50:00,9,"Mumbai, IN",1,0,0
TXN-12232,ACC-50074,ACC-50069,CUST-1074,9632.14,WIRE,2026-08-01 10:54:00,2,"Mumbai, IN",1,0,1
TXN-10650,ACC-50143,ACC-50075,CUST-1143,10238.02,TRANSFER,2026-08-11 05:12:00,21,"Mumbai, IN",0,0,0
TXN-12018,ACC-50149,ACC-50132,CUST-1149,11540.82,TRANSFER,2026-08-05 06:51:00,22,"Delhi, IN",0,0,0
TXN-10073,ACC-50137,ACC-50123,CUST-1137,12422.38,CASH_DEPOSIT,2026-08-11 04:27:00,20,"Mumbai, IN",0,0,0
TXN-11163,ACC-50141,ACC-50044,CUST-1141,5277.02,CASH_DEPOSIT,2026-08-08 22:24:00,14,"Mumbai, IN",1,0,0
TXN-10350,ACC-50144,ACC-50126,CUST-1144,5949.17,TRANSFER,2026-08-11 06:07:00,22,"Mumbai, IN",0,0,0
TXN-12289,ACC-50075,ACC-50117,CUST-1075,696770.37,WIRE,2026-08-02 18:12:00,10,"Dubai, AE",1,0,1
TXN-12168,ACC-50117,ACC-50126,CUST-1117,9543.89,WIRE,2026-08-03 11:09:00,3,"Delhi, IN",1,0,1
TXN-11098,ACC-50137,ACC-50075,CUST-1137,17510.7,TRANSFER,2026-08-04 18:20:00,10,"Mumbai, IN",0,0,0
TXN-11446,ACC-50017,ACC-50000,CUST-1017,129949.33,TRANSFER,2026-08-02 18:38:00,10,"Mumbai, IN",0,0,0
TXN-12328,ACC-50140,ACC-50048,CUST-1140,755939.7,WIRE,2026-08-09 09:16:00,1,"George Town, KY",1,0,1
TXN-10076,ACC-50066,ACC-50088,CUST-1066,5820.65,TRANSFER,2026-08-10 22:56:00,14,"Bangalore, IN",0,0,0
TXN-10432,ACC-50140,ACC-50023,CUST-1140,39307.31,CASH_DEPOSIT,2026-08-11 00:38:00,16,"Mumbai, IN",1,0,0
TXN-12349,ACC-50047,ACC-50098,CUST-1047,158352.22,WIRE,2026-08-11 09:51:00,1,"Panama City, PA",1,1,1
TXN-11292,ACC-50139,ACC-50031,CUST-1139,22208.45,TRANSFER,2026-08-01 14:52:00,6,"Mumbai, IN",0,0,0
TXN-10157,ACC-50087,ACC-50040,CUST-1087,9923.15,TRANSFER,2026-08-07 01:19:00,17,"Mumbai, IN",0,0,0
TXN-11798,ACC-50007,ACC-50126,CUST-1007,6210.68,CASH_DEPOSIT,2026-08-04 03:45:00,19,"Mumbai, IN",1,0,0
TXN-11405,ACC-50042,ACC-50079,CUST-1042,5635.4,TRANSFER,2026-08-08 17:09:00,9,"Mumbai, IN",0,0,0
TXN-12050,ACC-50120,ACC-50066,CUST-1120,67911.64,CASH_DEPOSIT,2026-08-12 00:40:00,16,"Mumbai, IN",0,0,0
TXN-10135,ACC-50092,ACC-50025,CUST-1092,5018.89,CASH_DEPOSIT,2026-08-12 01:34:00,17,"Mumbai, IN",0,0,0
TXN-12137,ACC-50117,ACC-50121,CUST-1117,9745.09,CASH_DEPOSIT,2026-08-09 02:21:00,18,"Mumbai, IN",1,0,1
TXN-11928,ACC-50115,ACC-50007,CUST-1115,16664.07,TRANSFER,2026-08-12 04:38:00,20,"Mumbai, IN",1,0,0
TXN-11690,ACC-50113,ACC-50021,CUST-1113,67817.71,TRANSFER,2026-08-03 05:12:00,21,"Mumbai, IN",1,0,0
TXN-10867,ACC-50072,ACC-50089,CUST-1072,5519.73,TRANSFER,2026-08-09 01:19:00,17,"Mumbai, IN",1,0,0
TXN-11949,ACC-50119,ACC-50115,CUST-1119,10713.2,CASH_DEPOSIT,2026-08-01 19:56:00,11,"Mumbai, IN",0,0,0
TXN-10051,ACC-50126,ACC-50102,CUST-1126,31432.77,TRANSFER,2026-08-11 21:09:00,13,"Mumbai, IN",0,0,0
TXN-11900,ACC-50121,ACC-50071,CUST-1121,60092.92,TRANSFER,2026-08-07 00:36:00,16,"Mumbai, IN",0,0,0
TXN-10678,ACC-50033,ACC-50035,CUST-1033,4538.33,CASH_DEPOSIT,2026-08-05 05:35:00,21,"Mumbai, IN",0,0,0
TXN-11503,ACC-50148,ACC-50081,CUST-1148,12877.67,TRANSFER,2026-08-04 15:35:00,7,"Delhi, IN",0,0,0
TXN-10289,ACC-50013,ACC-50069,CUST-1013,5815.04,TRANSFER,2026-08-11 02:43:00,18,"Mumbai, IN",0,0,0
TXN-12247,ACC-50060,ACC-50132,CUST-1060,740794.9,WIRE,2026-08-08 18:08:00,10,"George Town, KY",1,0,1
TXN-11420,ACC-50025,ACC-50078,CUST-1025,105831.53,TRANSFER,2026-08-09 00:28:00,16,"Mumbai, IN",0,0,0
TXN-11602,ACC-50145,ACC-50022,CUST-1145,4081.34,TRANSFER,2026-08-03 04:05:00,20,"Mumbai, IN",0,0,0
TXN-10532,ACC-50023,ACC-50090,CUST-1023,6723.91,TRANSFER,2026-08-04 21:56:00,13,"Mumbai, IN",0,0,0
TXN-10479,ACC-50057,ACC-50089,CUST-1057,11651.83,CASH_DEPOSIT,2026-08-02 23:08:00,15,"Mumbai, IN",0,0,0
TXN-11403,ACC-50079,ACC-50117,CUST-1079,4394.53,TRANSFER,2026-08-09 18:54:00,10,"Mumbai, IN",0,0,0
TXN-11932,ACC-50003,ACC-50056,CUST-1003,7370.81,TRANSFER,2026-08-06 19:55:00,11,"Mumbai, IN",1,0,0
TXN-10291,ACC-50054,ACC-50048,CUST-1054,5855.9,TRANSFER,2026-08-08 17:47:00,9,"Mumbai, IN",0,0,0
TXN-11721,ACC-50099,ACC-50004,CUST-1099,40193.5,CASH_DEPOSIT,2026-08-06 14:14:00,6,"Mumbai, IN",0,0,0
TXN-11068,ACC-50013,ACC-50083,CUST-1013,3997.86,CASH_DEPOSIT,2026-08-08 03:54:00,19,"Mumbai, IN",1,0,0
TXN-11023,ACC-50086,ACC-50060,CUST-1086,7645.29,CASH_DEPOSIT,2026-08-05 21:22:00,13,"Mumbai, IN",0,0,0
TXN-12179,ACC-50015,ACC-50136,CUST-1015,9650.58,CASH_DEPOSIT,2026-08-04 21:17:00,13,"Mumbai, IN",1,0,1
TXN-12227,ACC-50074,ACC-50112,CUST-1074,9390.14,CASH_DEPOSIT,2026-08-04 02:51:00,18,"Delhi, IN",1,0,1
TXN-10705,ACC-50117,ACC-50063,CUST-1117,6062.53,TRANSFER,2026-08-02 03:25:00,19,"Mumbai, IN",1,0,0
TXN-12034,ACC-50055,ACC-50112,CUST-1055,2332.12,TRANSFER,2026-08-10 18:28:00,10,"Mumbai, IN",0,0,0
TXN-10406,ACC-50149,ACC-50066,CUST-1149,7356.14,TRANSFER,2026-08-02 16:01:00,8,"Delhi, IN",0,0,0
TXN-12099,ACC-50086,ACC-50107,CUST-1086,11742.24,TRANSFER,2026-08-08 14:20:00,6,"Mumbai, IN",0,0,0
TXN-12023,ACC-50004,ACC-50051,CUST-1004,13309.07,CASH_DEPOSIT,2026-08-02 16:04:00,8,"Mumbai, IN",0,0,0
TXN-12408,ACC-50091,ACC-50028,CUST-1091,92872.36,WIRE,2026-08-09 09:31:00,1,"Dubai, AE",1,1,1
TXN-10978,ACC-50121,ACC-50068,CUST-1121,31342.05,CASH_DEPOSIT,2026-08-08 03:05:00,19,"Mumbai, IN",1,0,0
TXN-11745,ACC-50063,ACC-50057,CUST-1063,32106.45,CASH_DEPOSIT,2026-08-11 22:11:00,14,"Mumbai, IN",1,0,0
TXN-11880,ACC-50113,ACC-50047,CUST-1113,101227.58,TRANSFER,2026-08-03 06:00:00,22,"Delhi, IN",0,0,0
TXN-10342,ACC-50089,ACC-50091,CUST-1089,62441.08,TRANSFER,2026-08-04 04:39:00,20,"Mumbai, IN",0,0,0
TXN-11990,ACC-50078,ACC-50121,CUST-1078,14679.09,TRANSFER,2026-08-08 06:31:00,22,"Mumbai, IN",0,0,0
TXN-12476,ACC-59902,ACC-59903,CUST-9001,1159823.52,WIRE,2026-08-05 11:51:00,3,"George Town, KY",1,1,1
TXN-10834,ACC-50063,ACC-50084,CUST-1063,15289.89,TRANSFER,2026-08-05 03:37:00,19,"Bangalore, IN",0,0,0
TXN-11452,ACC-50106,ACC-50109,CUST-1106,7755.46,CASH_DEPOSIT,2026-08-05 18:01:00,10,"Mumbai, IN",1,0,0
TXN-10299,ACC-50019,ACC-50012,CUST-1019,6018.53,TRANSFER,2026-08-03 14:26:00,6,"Mumbai, IN",0,0,0
TXN-11988,ACC-50016,ACC-50144,CUST-1016,4462.49,TRANSFER,2026-08-03 16:45:00,8,"Mumbai, IN",0,0,0
TXN-12293,ACC-50098,ACC-50136,CUST-1098,726588.82,WIRE,2026-08-10 11:44:00,3,"George Town, KY",1,0,1
TXN-10495,ACC-50046,ACC-50029,CUST-1046,27606.86,CASH_DEPOSIT,2026-08-09 02:25:00,18,"Bangalore, IN",1,0,0
TXN-10812,ACC-50078,ACC-50024,CUST-1078,11378.54,TRANSFER,2026-08-04 04:39:00,20,"Mumbai, IN",0,0,0
TXN-10929,ACC-50029,ACC-50039,CUST-1029,8436.41,CASH_DEPOSIT,2026-08-04 20:01:00,12,"Mumbai, IN",1,0,0
TXN-11057,ACC-50115,ACC-50069,CUST-1115,8853.32,CASH_DEPOSIT,2026-08-06 21:42:00,13,"Mumbai, IN",0,0,0
TXN-11637,ACC-50075,ACC-50092,CUST-1075,43837.79,CASH_DEPOSIT,2026-08-09 03:01:00,19,"Mumbai, IN",0,0,0
TXN-12455,ACC-59901,ACC-59902,CUST-9000,988658.78,WIRE,2026-08-02 11:03:00,3,"George Town, KY",1,1,1
TXN-10220,ACC-50147,ACC-50018,CUST-1147,3521.41,TRANSFER,2026-08-11 18:20:00,10,"Mumbai, IN",0,0,0
TXN-12486,ACC-59904,ACC-59901,CUST-9003,987942.85,WIRE,2026-08-06 10:48:00,2,"George Town, KY",1,1,1
TXN-11659,ACC-50115,ACC-50040,CUST-1115,25048.17,TRANSFER,2026-08-05 19:25:00,11,"Mumbai, IN",0,0,0
TXN-10527,ACC-50049,ACC-50076,CUST-1049,6050.46,TRANSFER,2026-08-12 04:11:00,20,"Mumbai, IN",0,0,0
TXN-11486,ACC-50081,ACC-50139,CUST-1081,14554.03,CASH_DEPOSIT,2026-08-02 06:06:00,22,"Bangalore, IN",1,0,0
TXN-12375,ACC-50131,ACC-50052,CUST-1131,61267.01,WIRE,2026-08-04 09:21:00,1,"Dubai, AE",1,1,1
TXN-11609,ACC-50088,ACC-50073,CUST-1088,5225.34,TRANSFER,2026-08-09 20:21:00,12,"Delhi, IN",0,0,0
TXN-10596,ACC-50096,ACC-50145,CUST-1096,43697.2,CASH_DEPOSIT,2026-08-05 05:49:00,21,"Delhi, IN",1,0,0
TXN-10084,ACC-50026,ACC-50003,CUST-1026,60229.29,CASH_DEPOSIT,2026-08-08 23:30:00,15,"Mumbai, IN",0,0,0
TXN-12213,ACC-50015,ACC-50088,CUST-1015,9353.67,WIRE,2026-08-12 00:55:00,16,"Mumbai, IN",1,0,1
TXN-12055,ACC-50123,ACC-50016,CUST-1123,11094.46,CASH_DEPOSIT,2026-08-02 00:59:00,16,"Mumbai, IN",1,0,0
TXN-11961,ACC-50010,ACC-50126,CUST-1010,7092.57,CASH_DEPOSIT,2026-08-06 15:31:00,7,"Mumbai, IN",1,0,0
TXN-11864,ACC-50086,ACC-50021,CUST-1086,14413.73,TRANSFER,2026-08-04 01:04:00,17,"Mumbai, IN",1,0,0
TXN-12326,ACC-50083,ACC-50035,CUST-1083,112162.07,WIRE,2026-08-10 01:58:00,17,"Dubai, AE",1,0,1
TXN-10461,ACC-50121,ACC-50033,CUST-1121,59239.03,TRANSFER,2026-08-01 19:38:00,11,"Mumbai, IN",0,0,0
TXN-10109,ACC-50011,ACC-50082,CUST-1011,5365.53,CASH_DEPOSIT,2026-08-08 05:45:00,21,"Bangalore, IN",0,0,0
TXN-11962,ACC-50098,ACC-50138,CUST-1098,26422.8,TRANSFER,2026-08-10 17:27:00,9,"Bangalore, IN",1,0,0
TXN-10354,ACC-50052,ACC-50053,CUST-1052,43109.59,TRANSFER,2026-08-06 15:36:00,7,"Mumbai, IN",0,0,0
TXN-10266,ACC-50030,ACC-50120,CUST-1030,3686.57,TRANSFER,2026-08-07 23:10:00,15,"Mumbai, IN",0,0,0
TXN-11545,ACC-50108,ACC-50029,CUST-1108,4944.44,TRANSFER,2026-08-06 19:29:00,11,"Mumbai, IN",1,0,0
TXN-10530,ACC-50082,ACC-50013,CUST-1082,8840.13,TRANSFER,2026-08-10 23:31:00,15,"Mumbai, IN",0,0,0
TXN-12446,ACC-59904,ACC-59901,CUST-9003,964990.52,WIRE,2026-08-02 11:44:00,3,"George Town, KY",1,1,1
TXN-10290,ACC-50048,ACC-50144,CUST-1048,9614.55,CASH_DEPOSIT,2026-08-04 20:30:00,12,"Mumbai, IN",0,0,0
TXN-10605,ACC-50013,ACC-50135,CUST-1013,3502.47,TRANSFER,2026-08-10 03:30:00,19,"Mumbai, IN",1,0,0
TXN-11560,ACC-50025,ACC-50068,CUST-1025,95196.02,CASH_DEPOSIT,2026-08-06 05:24:00,21,"Mumbai, IN",1,0,0
TXN-10416,ACC-50044,ACC-50046,CUST-1044,46535.98,TRANSFER,2026-08-06 21:37:00,13,"Mumbai, IN",0,0,0
TXN-10472,ACC-50120,ACC-50049,CUST-1120,26650.56,CASH_DEPOSIT,2026-08-12 06:07:00,22,"Mumbai, IN",1,0,0
TXN-10931,ACC-50140,ACC-50045,CUST-1140,25319.02,TRANSFER,2026-08-08 15:46:00,7,"Mumbai, IN",0,0,0
TXN-12279,ACC-50056,ACC-50049,CUST-1056,1091563.88,WIRE,2026-08-03 02:59:00,18,"London, UK",1,1,1
TXN-12419,ACC-50091,ACC-50005,CUST-1091,129137.27,WIRE,2026-08-05 09:05:00,1,"Panama City, PA",1,1,1
TXN-10808,ACC-50138,ACC-50078,CUST-1138,37629.46,TRANSFER,2026-08-09 05:34:00,21,"Mumbai, IN",0,0,0
TXN-10798,ACC-50125,ACC-50051,CUST-1125,4613.94,CASH_DEPOSIT,2026-08-12 02:11:00,18,"Mumbai, IN",1,0,0
TXN-12491,ACC-59901,ACC-59902,CUST-9000,889393.33,WIRE,2026-08-06 09:35:00,1,"George Town, KY",1,1,1
TXN-10930,ACC-50108,ACC-50009,CUST-1108,2915.64,TRANSFER,2026-08-05 20:10:00,12,"Mumbai, IN",0,0,0
TXN-10278,ACC-50000,ACC-50006,CUST-1000,5405.69,TRANSFER,2026-08-11 23:29:00,15,"Mumbai, IN",1,0,0
TXN-11517,ACC-50104,ACC-50108,CUST-1104,6501.57,CASH_DEPOSIT,2026-08-11 06:09:00,22,"Mumbai, IN",0,0,0
TXN-10883,ACC-50143,ACC-50134,CUST-1143,13313.86,TRANSFER,2026-08-08 17:26:00,9,"Mumbai, IN",0,0,0
TXN-11014,ACC-50086,ACC-50080,CUST-1086,12122.7,CASH_DEPOSIT,2026-08-04 02:49:00,18,"Mumbai, IN",0,0,0
TXN-10018,ACC-50104,ACC-50125,CUST-1104,3108.67,TRANSFER,2026-08-08 05:13:00,21,"Mumbai, IN",0,0,0
TXN-11234,ACC-50063,ACC-50108,CUST-1063,37524.28,CASH_DEPOSIT,2026-08-09 04:11:00,20,"Mumbai, IN",0,0,0
TXN-12401,ACC-50131,ACC-50139,CUST-1131,68297.63,WIRE,2026-08-09 09:16:00,1,"Panama City, PA",1,1,1
TXN-11972,ACC-50058,ACC-50114,CUST-1058,17826.73,TRANSFER,2026-08-03 17:06:00,9,"Mumbai, IN",0,0,0
TXN-11532,ACC-50138,ACC-50137,CUST-1138,23154.53,TRANSFER,2026-08-08 20:00:00,12,"Mumbai, IN",0,0,0
TXN-11902,ACC-50125,ACC-50145,CUST-1125,4468.94,CASH_DEPOSIT,2026-08-02 05:56:00,21,"Mumbai, IN",0,0,0
TXN-12133,ACC-50015,ACC-50005,CUST-1015,9378.27,CASH_DEPOSIT,2026-08-10 07:49:00,23,"Delhi, IN",1,0,1
TXN-11501,ACC-50016,ACC-50113,CUST-1016,4545.23,CASH_DEPOSIT,2026-08-05 19:16:00,11,"Mumbai, IN",0,0,0
TXN-11564,ACC-50079,ACC-50086,CUST-1079,4521.42,TRANSFER,2026-08-11 18:51:00,10,"Mumbai, IN",0,0,0
TXN-10219,ACC-50022,ACC-50016,CUST-1022,6432.71,TRANSFER,2026-08-08 23:25:00,15,"Mumbai, IN",1,0,0
TXN-10618,ACC-50020,ACC-50098,CUST-1020,4065.29,TRANSFER,2026-08-11 23:29:00,15,"Bangalore, IN",0,0,0
TXN-11247,ACC-50110,ACC-50126,CUST-1110,10425.15,TRANSFER,2026-08-09 20:05:00,12,"Delhi, IN",0,0,0
TXN-10303,ACC-50024,ACC-50135,CUST-1024,12170.64,TRANSFER,2026-08-04 18:15:00,10,"Mumbai, IN",0,0,0
TXN-11738,ACC-50067,ACC-50083,CUST-1067,58903.35,CASH_DEPOSIT,2026-08-01 14:50:00,6,"Mumbai, IN",1,0,0
TXN-12376,ACC-50131,ACC-50103,CUST-1131,66138.9,WIRE,2026-08-05 12:59:00,4,"George Town, KY",1,1,1
TXN-12008,ACC-50044,ACC-50057,CUST-1044,51588.42,TRANSFER,2026-08-01 22:06:00,14,"Mumbai, IN",1,0,0
TXN-12064,ACC-50035,ACC-50016,CUST-1035,28137.99,TRANSFER,2026-08-06 04:38:00,20,"Mumbai, IN",0,0,0
TXN-11295,ACC-50125,ACC-50043,CUST-1125,7314.87,CASH_DEPOSIT,2026-08-02 17:14:00,9,"Mumbai, IN",0,0,0
TXN-12201,ACC-50040,ACC-50139,CUST-1040,9348.41,CASH_DEPOSIT,2026-08-09 16:25:00,8,"Mumbai, IN",1,0,1
TXN-10879,ACC-50131,ACC-50049,CUST-1131,5326.15,TRANSFER,2026-08-02 19:48:00,11,"Mumbai, IN",0,0,0
TXN-12158,ACC-50074,ACC-50059,CUST-1074,9779.1,WIRE,2026-08-01 16:58:00,8,"Mumbai, IN",1,0,1
TXN-11005,ACC-50143,ACC-50057,CUST-1143,10007.08,CASH_DEPOSIT,2026-08-07 05:16:00,21,"Mumbai, IN",0,0,0
TXN-11033,ACC-50036,ACC-50108,CUST-1036,2879.43,CASH_DEPOSIT,2026-08-05 15:59:00,7,"Mumbai, IN",1,0,0
TXN-11505,ACC-50028,ACC-50131,CUST-1028,3398.3,CASH_DEPOSIT,2026-08-04 16:15:00,8,"Mumbai, IN",1,0,0
TXN-11053,ACC-50000,ACC-50016,CUST-1000,3003.15,CASH_DEPOSIT,2026-08-11 05:17:00,21,"Delhi, IN",0,0,0
TXN-11869,ACC-50117,ACC-50020,CUST-1117,3646.92,TRANSFER,2026-08-02 00:35:00,16,"Bangalore, IN",0,0,0
TXN-11100,ACC-50042,ACC-50131,CUST-1042,4679.84,TRANSFER,2026-08-12 02:48:00,18,"Mumbai, IN",1,0,0
TXN-10192,ACC-50025,ACC-50086,CUST-1025,119361.28,CASH_DEPOSIT,2026-08-01 18:08:00,10,"Delhi, IN",0,0,0
TXN-10174,ACC-50118,ACC-50149,CUST-1118,3398.57,TRANSFER,2026-08-10 15:28:00,7,"Mumbai, IN",1,0,0
TXN-10765,ACC-50075,ACC-50015,CUST-1075,59612.64,TRANSFER,2026-08-10 01:57:00,17,"Mumbai, IN",0,0,0
TXN-11378,ACC-50026,ACC-50080,CUST-1026,45622.83,TRANSFER,2026-08-04 19:50:00,11,"Mumbai, IN",1,0,0
TXN-11566,ACC-50133,ACC-50146,CUST-1133,15873.63,CASH_DEPOSIT,2026-08-08 21:03:00,13,"Mumbai, IN",0,0,0
TXN-11904,ACC-50017,ACC-50116,CUST-1017,103055.69,CASH_DEPOSIT,2026-08-05 02:49:00,18,"Mumbai, IN",0,0,0
TXN-10700,ACC-50068,ACC-50146,CUST-1068,6787.15,TRANSFER,2026-08-04 21:38:00,13,"Mumbai, IN",0,0,0
TXN-10128,ACC-50142,ACC-50093,CUST-1142,13869.65,TRANSFER,2026-08-07 16:50:00,8,"Mumbai, IN",0,0,0
TXN-10340,ACC-50147,ACC-50026,CUST-1147,5490.39,TRANSFER,2026-08-06 19:23:00,11,"Mumbai, IN",0,0,0
TXN-12127,ACC-50015,ACC-50116,CUST-1015,9270.79,WIRE,2026-08-08 17:53:00,9,"Delhi, IN",1,0,1
TXN-10647,ACC-50015,ACC-50016,CUST-1015,16278.22,TRANSFER,2026-08-04 01:41:00,17,"Mumbai, IN",0,0,0
TXN-11286,ACC-50041,ACC-50046,CUST-1041,3463.72,TRANSFER,2026-08-11 02:43:00,18,"Mumbai, IN",0,0,0
TXN-10307,ACC-50144,ACC-50024,CUST-1144,4134.66,TRANSFER,2026-08-02 06:58:00,22,"Mumbai, IN",1,0,0
TXN-10383,ACC-50088,ACC-50134,CUST-1088,12465.2,TRANSFER,2026-08-06 06:50:00,22,"Mumbai, IN",0,0,0
TXN-11272,ACC-50070,ACC-50033,CUST-1070,94894.46,TRANSFER,2026-08-10 23:02:00,15,"Mumbai, IN",0,0,0
TXN-12314,ACC-50036,ACC-50023,CUST-1036,105983.54,WIRE,2026-08-09 05:47:00,21,"Panama City, PA",1,0,1
TXN-11263,ACC-50081,ACC-50012,CUST-1081,19221.93,TRANSFER,2026-08-01 19:02:00,11,"Mumbai, IN",0,0,0
TXN-10177,ACC-50095,ACC-50072,CUST-1095,5771.66,TRANSFER,2026-08-07 02:26:00,18,"Mumbai, IN",0,0,0
TXN-10426,ACC-50081,ACC-50042,CUST-1081,12713.11,TRANSFER,2026-08-11 16:52:00,8,"Mumbai, IN",0,0,0
TXN-10786,ACC-50013,ACC-50043,CUST-1013,4519.48,CASH_DEPOSIT,2026-08-09 04:25:00,20,"Mumbai, IN",0,0,0
TXN-11746,ACC-50133,ACC-50132,CUST-1133,9217.64,CASH_DEPOSIT,2026-08-03 22:48:00,14,"Mumbai, IN",0,0,0
TXN-11099,ACC-50032,ACC-50131,CUST-1032,6828.14,CASH_DEPOSIT,2026-08-03 05:13:00,21,"Mumbai, IN",0,0,0
TXN-12389,ACC-50091,ACC-50073,CUST-1091,173593.76,WIRE,2026-08-10 12:30:00,4,"George Town, KY",1,1,1
TXN-10184,ACC-50096,ACC-50039,CUST-1096,73267.28,TRANSFER,2026-08-10 19:11:00,11,"Mumbai, IN",0,0,0
TXN-11591,ACC-50113,ACC-50092,CUST-1113,80499.92,TRANSFER,2026-08-02 06:12:00,22,"Mumbai, IN",0,0,0
TXN-11989,ACC-50100,ACC-50071,CUST-1100,9668.85,CASH_DEPOSIT,2026-08-07 04:41:00,20,"Bangalore, IN",0,0,0
TXN-12495,ACC-59901,ACC-59902,CUST-9000,1043769.56,WIRE,2026-08-06 11:29:00,3,"George Town, KY",1,1,1
TXN-12285,ACC-50082,ACC-50125,CUST-1082,129570.29,WIRE,2026-08-05 17:52:00,9,"Dubai, AE",1,0,1
TXN-11303,ACC-50137,ACC-50136,CUST-1137,6259.07,TRANSFER,2026-08-10 05:34:00,21,"Mumbai, IN",1,0,0
TXN-10961,ACC-50086,ACC-50120,CUST-1086,13151.21,TRANSFER,2026-08-06 18:05:00,10,"Mumbai, IN",0,0,0
TXN-11639,ACC-50032,ACC-50038,CUST-1032,4677.62,CASH_DEPOSIT,2026-08-06 05:27:00,21,"Bangalore, IN",0,0,0
TXN-10489,ACC-50075,ACC-50041,CUST-1075,24347.47,TRANSFER,2026-08-08 15:35:00,7,"Mumbai, IN",1,0,0
TXN-10761,ACC-50017,ACC-50028,CUST-1017,79540.47,TRANSFER,2026-08-09 02:20:00,18,"Mumbai, IN",0,0,0
TXN-10809,ACC-50086,ACC-50010,CUST-1086,10348.02,TRANSFER,2026-08-05 02:07:00,18,"Mumbai, IN",1,0,0
TXN-12277,ACC-50046,ACC-50135,CUST-1046,476928.01,WIRE,2026-08-05 02:25:00,18,"Bangalore, IN",1,0,1
TXN-11429,ACC-50077,ACC-50125,CUST-1077,96457.94,TRANSFER,2026-08-05 23:04:00,15,"Mumbai, IN",0,0,0
TXN-11657,ACC-50071,ACC-50082,CUST-1071,11947.97,TRANSFER,2026-08-03 01:40:00,17,"Bangalore, IN",0,0,0
TXN-11525,ACC-50045,ACC-50131,CUST-1045,6429.31,TRANSFER,2026-08-02 22:49:00,14,"Mumbai, IN",0,0,0
TXN-12086,ACC-50136,ACC-50142,CUST-1136,41625.47,TRANSFER,2026-08-02 23:49:00,15,"Delhi, IN",0,0,0
TXN-10118,ACC-50149,ACC-50036,CUST-1149,13119.27,CASH_DEPOSIT,2026-08-11 21:29:00,13,"Mumbai, IN",0,0,0
TXN-11553,ACC-50040,ACC-50138,CUST-1040,28136.73,CASH_DEPOSIT,2026-08-05 02:55:00,18,"Delhi, IN",0,0,0
TXN-10281,ACC-50114,ACC-50012,CUST-1114,36386.55,CASH_DEPOSIT,2026-08-01 21:47:00,13,"Mumbai, IN",0,0,0
TXN-12185,ACC-50117,ACC-50049,CUST-1117,9915.34,CASH_DEPOSIT,2026-08-02 09:42:00,1,"Delhi, IN",1,0,1
TXN-12464,ACC-59902,ACC-59903,CUST-9001,859132.49,WIRE,2026-08-03 11:51:00,3,"George Town, KY",1,1,1
TXN-11835,ACC-50010,ACC-50129,CUST-1010,11516.6,TRANSFER,2026-08-04 20:49:00,12,"Mumbai, IN",0,0,0
TXN-10649,ACC-50049,ACC-50005,CUST-1049,4203.7,CASH_DEPOSIT,2026-08-04 02:22:00,18,"Delhi, IN",1,0,0
TXN-10727,ACC-50144,ACC-50127,CUST-1144,5671.56,CASH_DEPOSIT,2026-08-12 06:46:00,22,"Mumbai, IN",0,0,0
TXN-10366,ACC-50109,ACC-50023,CUST-1109,10400.54,CASH_DEPOSIT,2026-08-04 17:00:00,9,"Mumbai, IN",0,0,0
TXN-11351,ACC-50105,ACC-50106,CUST-1105,12222.05,CASH_DEPOSIT,2026-08-10 01:22:00,17,"Mumbai, IN",0,0,0
TXN-10555,ACC-50020,ACC-50072,CUST-1020,5688.77,TRANSFER,2026-08-09 18:57:00,10,"Mumbai, IN",0,0,0
TXN-11410,ACC-50048,ACC-50104,CUST-1048,11713.29,TRANSFER,2026-08-05 19:38:00,11,"Mumbai, IN",1,0,0
TXN-12280,ACC-50042,ACC-50067,CUST-1042,67164.63,WIRE,2026-08-07 05:58:00,21,"Bangalore, IN",1,0,1
TXN-11913,ACC-50094,ACC-50036,CUST-1094,17363.51,TRANSFER,2026-08-08 00:53:00,16,"Mumbai, IN",1,0,0
TXN-10203,ACC-50131,ACC-50101,CUST-1131,5111.14,TRANSFER,2026-08-02 05:16:00,21,"Mumbai, IN",0,0,0
TXN-12113,ACC-50104,ACC-50001,CUST-1104,6645.73,TRANSFER,2026-08-06 06:56:00,22,"Mumbai, IN",0,0,0
TXN-10120,ACC-50064,ACC-50117,CUST-1064,6286.49,CASH_DEPOSIT,2026-08-07 23:12:00,15,"Mumbai, IN",1,0,0
TXN-10283,ACC-50060,ACC-50078,CUST-1060,30665.43,TRANSFER,2026-08-09 18:42:00,10,"Mumbai, IN",0,0,0
TXN-10575,ACC-50038,ACC-50024,CUST-1038,21409.39,TRANSFER,2026-08-10 19:30:00,11,"Mumbai, IN",0,0,0
TXN-11301,ACC-50023,ACC-50083,CUST-1023,4778.6,CASH_DEPOSIT,2026-08-07 18:11:00,10,"Mumbai, IN",1,0,0
TXN-12413,ACC-50131,ACC-50068,CUST-1131,106163.07,WIRE,2026-08-02 11:09:00,3,"George Town, KY",1,1,1
TXN-10275,ACC-50017,ACC-50121,CUST-1017,74080.28,TRANSFER,2026-08-07 15:18:00,7,"Mumbai, IN",1,0,0
TXN-10965,ACC-50048,ACC-50038,CUST-1048,13988.96,TRANSFER,2026-08-03 15:14:00,7,"Mumbai, IN",0,0,0
TXN-11547,ACC-50068,ACC-50130,CUST-1068,9507.28,TRANSFER,2026-08-07 20:56:00,12,"Mumbai, IN",0,0,0
TXN-10360,ACC-50023,ACC-50118,CUST-1023,5718.47,TRANSFER,2026-08-03 01:54:00,17,"Mumbai, IN",1,0,0
TXN-11127,ACC-50102,ACC-50063,CUST-1102,12660.1,CASH_DEPOSIT,2026-08-11 06:21:00,22,"Mumbai, IN",0,0,0
TXN-10767,ACC-50097,ACC-50104,CUST-1097,5858.87,TRANSFER,2026-08-10 02:27:00,18,"Mumbai, IN",1,0,0
TXN-12003,ACC-50032,ACC-50024,CUST-1032,6096.15,TRANSFER,2026-08-02 03:13:00,19,"Mumbai, IN",0,0,0
TXN-11726,ACC-50069,ACC-50059,CUST-1069,6584.09,TRANSFER,2026-08-06 20:49:00,12,"Mumbai, IN",1,0,0
TXN-11888,ACC-50058,ACC-50043,CUST-1058,43094.62,CASH_DEPOSIT,2026-08-06 15:44:00,7,"Mumbai, IN",1,0,0
TXN-10286,ACC-50047,ACC-50138,CUST-1047,25744.99,CASH_DEPOSIT,2026-08-05 05:15:00,21,"Mumbai, IN",1,0,0
TXN-12102,ACC-50027,ACC-50014,CUST-1027,15205.38,TRANSFER,2026-08-03 23:42:00,15,"Mumbai, IN",1,0,0
TXN-11094,ACC-50025,ACC-50005,CUST-1025,71819.94,TRANSFER,2026-08-11 18:24:00,10,"Mumbai, IN",0,0,0
TXN-10888,ACC-50131,ACC-50015,CUST-1131,6658.29,TRANSFER,2026-08-06 05:07:00,21,"Mumbai, IN",0,0,0
TXN-10423,ACC-50057,ACC-50044,CUST-1057,12213.19,TRANSFER,2026-08-06 02:19:00,18,"Mumbai, IN",0,0,0
TXN-11808,ACC-50001,ACC-50084,CUST-1001,19789.65,TRANSFER,2026-08-02 02:19:00,18,"Mumbai, IN",0,0,0
TXN-12347,ACC-50091,ACC-50002,CUST-1091,122817.99,WIRE,2026-08-03 11:08:00,3,"Dubai, AE",1,1,1
TXN-11587,ACC-50133,ACC-50081,CUST-1133,8446.15,TRANSFER,2026-08-11 06:05:00,22,"Bangalore, IN",0,0,0
TXN-10840,ACC-50118,ACC-50000,CUST-1118,5115.23,TRANSFER,2026-08-06 16:24:00,8,"Mumbai, IN",1,0,0
TXN-10065,ACC-50064,ACC-50020,CUST-1064,5460.95,TRANSFER,2026-08-10 05:01:00,21,"Delhi, IN",0,0,0
TXN-11645,ACC-50070,ACC-50129,CUST-1070,93723.34,TRANSFER,2026-08-07 15:38:00,7,"Mumbai, IN",0,0,0
TXN-11710,ACC-50038,ACC-50039,CUST-1038,27018.45,TRANSFER,2026-08-04 23:36:00,15,"Mumbai, IN",0,0,0
TXN-11457,ACC-50071,ACC-50078,CUST-1071,11067.94,CASH_DEPOSIT,2026-08-12 02:04:00,18,"Mumbai, IN",1,0,0
TXN-11559,ACC-50082,ACC-50109,CUST-1082,5172.54,CASH_DEPOSIT,2026-08-02 06:47:00,22,"Mumbai, IN",0,0,0
TXN-10230,ACC-50081,ACC-50061,CUST-1081,9480.99,CASH_DEPOSIT,2026-08-06 04:07:00,20,"Mumbai, IN",0,0,0
TXN-11575,ACC-50120,ACC-50118,CUST-1120,57630.88,TRANSFER,2026-08-06 20:59:00,12,"Mumbai, IN",0,0,0
TXN-11569,ACC-50118,ACC-50124,CUST-1118,4909.01,TRANSFER,2026-08-03 06:35:00,22,"Mumbai, IN",0,0,0
TXN-11185,ACC-50031,ACC-50136,CUST-1031,27014.44,CASH_DEPOSIT,2026-08-04 22:44:00,14,"Mumbai, IN",1,0,0
TXN-10889,ACC-50024,ACC-50032,CUST-1024,16273.31,TRANSFER,2026-08-04 20:37:00,12,"Mumbai, IN",0,0,0
TXN-11399,ACC-50147,ACC-50122,CUST-1147,3730.47,TRANSFER,2026-08-07 05:17:00,21,"Mumbai, IN",0,0,0
TXN-10729,ACC-50053,ACC-50107,CUST-1053,16784.95,CASH_DEPOSIT,2026-08-07 03:02:00,19,"Mumbai, IN",0,0,0
TXN-10736,ACC-50016,ACC-50039,CUST-1016,4939.76,CASH_DEPOSIT,2026-08-01 22:53:00,14,"Bangalore, IN",0,0,0
TXN-11073,ACC-50006,ACC-50086,CUST-1006,18261.49,CASH_DEPOSIT,2026-08-02 22:15:00,14,"Mumbai, IN",0,0,0
TXN-10374,ACC-50100,ACC-50075,CUST-1100,9214.36,CASH_DEPOSIT,2026-08-04 15:50:00,7,"Mumbai, IN",0,0,0
TXN-10759,ACC-50145,ACC-50087,CUST-1145,1937.4,TRANSFER,2026-08-11 21:11:00,13,"Mumbai, IN",1,0,0
TXN-12250,ACC-50036,ACC-50102,CUST-1036,86461.49,WIRE,2026-08-02 09:52:00,1,"Panama City, PA",1,0,1
TXN-11667,ACC-50084,ACC-50040,CUST-1084,4556.78,TRANSFER,2026-08-02 21:29:00,13,"Mumbai, IN",1,0,0
TXN-10297,ACC-50065,ACC-50126,CUST-1065,8744.46,TRANSFER,2026-08-04 05:29:00,21,"Mumbai, IN",0,0,0
TXN-10598,ACC-50058,ACC-50081,CUST-1058,14916.62,TRANSFER,2026-08-10 03:22:00,19,"Mumbai, IN",0,0,0
TXN-11971,ACC-50096,ACC-50011,CUST-1096,30600.91,CASH_DEPOSIT,2026-08-04 23:11:00,15,"Bangalore, IN",1,0,0
TXN-10099,ACC-50073,ACC-50103,CUST-1073,8769.88,CASH_DEPOSIT,2026-08-02 15:29:00,7,"Mumbai, IN",0,0,0
TXN-11054,ACC-50054,ACC-50131,CUST-1054,2245.69,TRANSFER,2026-08-03 23:02:00,15,"Mumbai, IN",0,0,0
TXN-11779,ACC-50053,ACC-50143,CUST-1053,9254.19,CASH_DEPOSIT,2026-08-08 00:47:00,16,"Mumbai, IN",0,0,0
TXN-11237,ACC-50023,ACC-50043,CUST-1023,5666.9,TRANSFER,2026-08-05 15:05:00,7,"Mumbai, IN",1,0,0
TXN-10529,ACC-50041,ACC-50066,CUST-1041,5183.01,TRANSFER,2026-08-08 14:21:00,6,"Mumbai, IN",0,0,0
TXN-11933,ACC-50083,ACC-50118,CUST-1083,3477.36,CASH_DEPOSIT,2026-08-04 02:38:00,18,"Mumbai, IN",0,0,0
TXN-11612,ACC-50008,ACC-50083,CUST-1008,5239.78,TRANSFER,2026-08-06 17:40:00,9,"Mumbai, IN",1,0,0
TXN-11208,ACC-50050,ACC-50002,CUST-1050,5994.32,TRANSFER,2026-08-11 01:46:00,17,"Mumbai, IN",0,0,0
TXN-10636,ACC-50038,ACC-50012,CUST-1038,29939.08,CASH_DEPOSIT,2026-08-02 14:11:00,6,"Mumbai, IN",1,0,0
TXN-12196,ACC-50040,ACC-50048,CUST-1040,9277.4,WIRE,2026-08-01 09:51:00,1,"Delhi, IN",1,0,1
TXN-10185,ACC-50105,ACC-50093,CUST-1105,12416.43,CASH_DEPOSIT,2026-08-10 21:28:00,13,"Mumbai, IN",1,0,0
TXN-11996,ACC-50148,ACC-50133,CUST-1148,11000.95,TRANSFER,2026-08-05 19:07:00,11,"Mumbai, IN",0,0,0
TXN-10944,ACC-50090,ACC-50108,CUST-1090,2460.56,TRANSFER,2026-08-02 00:29:00,16,"Mumbai, IN",0,0,0
TXN-11804,ACC-50035,ACC-50088,CUST-1035,27943.12,CASH_DEPOSIT,2026-08-05 19:06:00,11,"Mumbai, IN",1,0,0
TXN-11656,ACC-50045,ACC-50040,CUST-1045,4289.24,CASH_DEPOSIT,2026-08-08 02:35:00,18,"Mumbai, IN",1,0,0
TXN-11778,ACC-50070,ACC-50115,CUST-1070,51773.2,TRANSFER,2026-08-08 15:20:00,7,"Delhi, IN",0,0,0
TXN-10511,ACC-50104,ACC-50027,CUST-1104,5039.14,TRANSFER,2026-08-04 22:39:00,14,"Mumbai, IN",1,0,0
TXN-10800,ACC-50146,ACC-50064,CUST-1146,27994.17,TRANSFER,2026-08-09 04:01:00,20,"Mumbai, IN",0,0,0
TXN-11134,ACC-50097,ACC-50087,CUST-1097,4959.04,CASH_DEPOSIT,2026-08-05 02:54:00,18,"Mumbai, IN",0,0,0
TXN-11394,ACC-50007,ACC-50058,CUST-1007,4329.02,TRANSFER,2026-08-01 15:52:00,7,"Mumbai, IN",0,0,0
TXN-12405,ACC-50131,ACC-50108,CUST-1131,120558.0,WIRE,2026-08-07 10:29:00,2,"Dubai, AE",1,1,1
TXN-10607,ACC-50003,ACC-50054,CUST-1003,4679.02,CASH_DEPOSIT,2026-08-03 02:37:00,18,"Mumbai, IN",0,0,0
TXN-11207,ACC-50117,ACC-50041,CUST-1117,6102.32,CASH_DEPOSIT,2026-08-08 18:28:00,10,"Mumbai, IN",0,0,0
TXN-10151,ACC-50105,ACC-50090,CUST-1105,10107.28,CASH_DEPOSIT,2026-08-02 03:55:00,19,"Mumbai, IN",0,0,0
TXN-11557,ACC-50069,ACC-50021,CUST-1069,7010.68,TRANSFER,2026-08-09 16:04:00,8,"Mumbai, IN",1,0,0
TXN-10856,ACC-50046,ACC-50044,CUST-1046,23057.18,TRANSFER,2026-08-04 18:10:00,10,"Mumbai, IN",0,0,0
TXN-11135,ACC-50029,ACC-50035,CUST-1029,3600.1,CASH_DEPOSIT,2026-08-09 00:42:00,16,"Mumbai, IN",0,0,0
TXN-10874,ACC-50106,ACC-50045,CUST-1106,14205.99,TRANSFER,2026-08-12 05:58:00,21,"Mumbai, IN",0,0,0
TXN-12275,ACC-50084,ACC-50117,CUST-1084,111227.41,WIRE,2026-08-02 08:43:00,0,"Bangalore, IN",1,0,1
TXN-10023,ACC-50103,ACC-50030,CUST-1103,4273.65,TRANSFER,2026-08-10 21:37:00,13,"Mumbai, IN",1,0,0
TXN-10158,ACC-50039,ACC-50041,CUST-1039,3652.38,CASH_DEPOSIT,2026-08-02 15:43:00,7,"Mumbai, IN",1,0,0
TXN-10331,ACC-50084,ACC-50111,CUST-1084,4510.96,CASH_DEPOSIT,2026-08-02 17:00:00,9,"Mumbai, IN",0,0,0
TXN-11110,ACC-50084,ACC-50064,CUST-1084,5655.41,CASH_DEPOSIT,2026-08-11 23:47:00,15,"Mumbai, IN",0,0,0
TXN-12387,ACC-50091,ACC-50113,CUST-1091,137496.02,WIRE,2026-08-10 12:24:00,4,"Dubai, AE",1,1,1
TXN-11717,ACC-50017,ACC-50020,CUST-1017,98458.19,TRANSFER,2026-08-02 16:35:00,8,"Mumbai, IN",0,0,0
TXN-12365,ACC-50131,ACC-50009,CUST-1131,72974.63,WIRE,2026-08-04 12:35:00,4,"Panama City, PA",1,1,1
TXN-12449,ACC-59903,ACC-59904,CUST-9002,1077688.94,WIRE,2026-08-05 10:34:00,2,"George Town, KY",1,1,1
TXN-10642,ACC-50121,ACC-50099,CUST-1121,49503.1,TRANSFER,2026-08-06 23:59:00,15,"Mumbai, IN",0,0,0
TXN-11437,ACC-50145,ACC-50118,CUST-1145,5820.1,TRANSFER,2026-08-07 19:24:00,11,"Mumbai, IN",1,0,0
TXN-10311,ACC-50098,ACC-50035,CUST-1098,35811.76,TRANSFER,2026-08-06 16:32:00,8,"Mumbai, IN",0,0,0
TXN-10351,ACC-50138,ACC-50010,CUST-1138,42030.2,CASH_DEPOSIT,2026-08-05 04:34:00,20,"Mumbai, IN",0,0,0
TXN-10548,ACC-50049,ACC-50029,CUST-1049,5266.55,TRANSFER,2026-08-10 19:42:00,11,"Bangalore, IN",1,0,0
TXN-11744,ACC-50036,ACC-50058,CUST-1036,6686.17,TRANSFER,2026-08-02 16:47:00,8,"Mumbai, IN",0,0,0
TXN-11125,ACC-50052,ACC-50080,CUST-1052,55877.06,CASH_DEPOSIT,2026-08-12 03:52:00,19,"Mumbai, IN",0,0,0
TXN-10306,ACC-50014,ACC-50002,CUST-1014,15622.65,CASH_DEPOSIT,2026-08-08 19:05:00,11,"Mumbai, IN",0,0,0
TXN-10287,ACC-50014,ACC-50144,CUST-1014,14704.99,TRANSFER,2026-08-10 03:26:00,19,"Mumbai, IN",0,0,0
TXN-10694,ACC-50022,ACC-50098,CUST-1022,4161.62,TRANSFER,2026-08-11 06:43:00,22,"Mumbai, IN",1,0,0
TXN-10962,ACC-50066,ACC-50029,CUST-1066,2610.51,CASH_DEPOSIT,2026-08-04 00:02:00,16,"Delhi, IN",0,0,0
TXN-10630,ACC-50073,ACC-50121,CUST-1073,17571.02,CASH_DEPOSIT,2026-08-08 14:44:00,6,"Mumbai, IN",1,0,0
TXN-11812,ACC-50027,ACC-50090,CUST-1027,9039.29,TRANSFER,2026-08-09 19:37:00,11,"Delhi, IN",0,0,0
TXN-10949,ACC-50146,ACC-50057,CUST-1146,35440.02,TRANSFER,2026-08-09 14:01:00,6,"Mumbai, IN",0,0,0
TXN-11389,ACC-50098,ACC-50060,CUST-1098,14212.92,TRANSFER,2026-08-01 14:18:00,6,"Mumbai, IN",0,0,0
TXN-10986,ACC-50115,ACC-50067,CUST-1115,18734.9,TRANSFER,2026-08-04 00:58:00,16,"Mumbai, IN",0,0,0
TXN-10990,ACC-50048,ACC-50006,CUST-1048,14281.6,TRANSFER,2026-08-11 20:30:00,12,"Mumbai, IN",1,0,0
TXN-11590,ACC-50108,ACC-50054,CUST-1108,4662.72,TRANSFER,2026-08-06 20:24:00,12,"Mumbai, IN",0,0,0
TXN-10781,ACC-50064,ACC-50033,CUST-1064,3966.22,TRANSFER,2026-08-05 22:17:00,14,"Mumbai, IN",0,0,0
TXN-11376,ACC-50023,ACC-50090,CUST-1023,5484.62,CASH_DEPOSIT,2026-08-08 23:29:00,15,"Mumbai, IN",1,0,0
TXN-10836,ACC-50122,ACC-50025,CUST-1122,4298.45,TRANSFER,2026-08-05 04:31:00,20,"Mumbai, IN",0,0,0
TXN-11435,ACC-50144,ACC-50111,CUST-1144,4242.84,TRANSFER,2026-08-11 00:51:00,16,"Mumbai, IN",0,0,0
TXN-12417,ACC-50047,ACC-50129,CUST-1047,75773.53,WIRE,2026-08-07 09:56:00,1,"Panama City, PA",1,1,1
TXN-10013,ACC-50146,ACC-50148,CUST-1146,22491.24,CASH_DEPOSIT,2026-08-09 05:15:00,21,"Mumbai, IN",0,0,0
TXN-11220,ACC-50108,ACC-50000,CUST-1108,5361.13,TRANSFER,2026-08-01 21:19:00,13,"Delhi, IN",1,0,0
TXN-11407,ACC-50090,ACC-50067,CUST-1090,3398.7,TRANSFER,2026-08-09 17:59:00,9,"Mumbai, IN",0,0,0
TXN-10514,ACC-50001,ACC-50136,CUST-1001,26400.75,TRANSFER,2026-08-07 15:35:00,7,"Mumbai, IN",0,0,0
TXN-10409,ACC-50047,ACC-50071,CUST-1047,37517.66,TRANSFER,2026-08-03 22:28:00,14,"Mumbai, IN",0,0,0
TXN-10861,ACC-50146,ACC-50037,CUST-1146,25389.59,TRANSFER,2026-08-03 04:21:00,20,"Mumbai, IN",0,0,0
TXN-10313,ACC-50125,ACC-50058,CUST-1125,3804.66,CASH_DEPOSIT,2026-08-08 01:35:00,17,"Mumbai, IN",1,0,0
TXN-11870,ACC-50146,ACC-50004,CUST-1146,18477.53,CASH_DEPOSIT,2026-08-04 23:24:00,15,"Mumbai, IN",0,0,0
TXN-11302,ACC-50123,ACC-50105,CUST-1123,10322.27,TRANSFER,2026-08-12 00:08:00,16,"Mumbai, IN",1,0,0
TXN-11279,ACC-50088,ACC-50095,CUST-1088,11302.83,CASH_DEPOSIT,2026-08-10 00:05:00,16,"Mumbai, IN",1,0,0
TXN-12499,ACC-59901,ACC-59902,CUST-9000,991770.11,WIRE,2026-08-06 12:39:00,4,"George Town, KY",1,1,1
TXN-12358,ACC-50047,ACC-50027,CUST-1047,91222.69,WIRE,2026-08-03 11:55:00,3,"Dubai, AE",1,1,1
TXN-10382,ACC-50044,ACC-50030,CUST-1044,86686.28,TRANSFER,2026-08-03 14:45:00,6,"Mumbai, IN",1,0,0
TXN-11199,ACC-50027,ACC-50102,CUST-1027,14936.65,CASH_DEPOSIT,2026-08-08 14:34:00,6,"Mumbai, IN",0,0,0
TXN-11623,ACC-50062,ACC-50024,CUST-1062,3994.07,TRANSFER,2026-08-07 02:08:00,18,"Mumbai, IN",0,0,0
TXN-11877,ACC-50035,ACC-50052,CUST-1035,29523.91,TRANSFER,2026-08-02 16:11:00,8,"Mumbai, IN",1,0,0
TXN-11509,ACC-50080,ACC-50131,CUST-1080,4746.77,TRANSFER,2026-08-11 06:50:00,22,"Mumbai, IN",0,0,0
TXN-11001,ACC-50041,ACC-50054,CUST-1041,8869.56,TRANSFER,2026-08-02 23:44:00,15,"Mumbai, IN",0,0,0
TXN-12240,ACC-50114,ACC-50035,CUST-1114,1253419.09,WIRE,2026-08-03 21:42:00,13,"Bangalore, IN",1,0,1
TXN-10263,ACC-50109,ACC-50132,CUST-1109,13940.08,TRANSFER,2026-08-08 00:05:00,16,"Mumbai, IN",0,0,0
TXN-11290,ACC-50027,ACC-50139,CUST-1027,11184.66,TRANSFER,2026-08-03 00:54:00,16,"Mumbai, IN",1,0,0
TXN-12159,ACC-50015,ACC-50138,CUST-1015,9569.44,CASH_DEPOSIT,2026-08-09 19:33:00,11,"Delhi, IN",1,0,1
TXN-11783,ACC-50092,ACC-50040,CUST-1092,4709.26,TRANSFER,2026-08-01 19:20:00,11,"Mumbai, IN",0,0,0
TXN-10415,ACC-50061,ACC-50069,CUST-1061,4918.56,TRANSFER,2026-08-04 15:48:00,7,"Delhi, IN",0,0,0
TXN-11113,ACC-50053,ACC-50122,CUST-1053,6654.37,TRANSFER,2026-08-10 21:33:00,13,"Mumbai, IN",1,0,0
TXN-10358,ACC-50147,ACC-50068,CUST-1147,5107.35,TRANSFER,2026-08-09 03:24:00,19,"Mumbai, IN",0,0,0
TXN-11173,ACC-50078,ACC-50106,CUST-1078,9275.54,TRANSFER,2026-08-11 16:06:00,8,"Mumbai, IN",0,0,0
TXN-10008,ACC-50032,ACC-50122,CUST-1032,3811.22,TRANSFER,2026-08-09 19:16:00,11,"Mumbai, IN",0,0,0
TXN-12020,ACC-50020,ACC-50135,CUST-1020,2823.24,CASH_DEPOSIT,2026-08-03 22:28:00,14,"Mumbai, IN",1,0,0
TXN-10316,ACC-50113,ACC-50092,CUST-1113,111134.38,TRANSFER,2026-08-03 22:06:00,14,"Mumbai, IN",1,0,0
TXN-10304,ACC-50068,ACC-50102,CUST-1068,8902.51,CASH_DEPOSIT,2026-08-07 16:23:00,8,"Mumbai, IN",0,0,0
TXN-10427,ACC-50114,ACC-50002,CUST-1114,47834.59,TRANSFER,2026-08-04 22:13:00,14,"Mumbai, IN",0,0,0
TXN-10105,ACC-50123,ACC-50120,CUST-1123,10843.01,TRANSFER,2026-08-09 21:29:00,13,"Mumbai, IN",0,0,0
TXN-12044,ACC-50039,ACC-50097,CUST-1039,6019.06,TRANSFER,2026-08-09 00:42:00,16,"Mumbai, IN",0,0,0
TXN-10121,ACC-50146,ACC-50091,CUST-1146,23800.46,TRANSFER,2026-08-05 23:44:00,15,"Bangalore, IN",1,0,0
TXN-10821,ACC-50135,ACC-50024,CUST-1135,26955.05,TRANSFER,2026-08-10 01:55:00,17,"Mumbai, IN",0,0,0
TXN-11552,ACC-50090,ACC-50142,CUST-1090,5123.66,TRANSFER,2026-08-01 16:41:00,8,"Mumbai, IN",0,0,0
TXN-12290,ACC-50093,ACC-50054,CUST-1093,667892.47,WIRE,2026-08-09 23:46:00,15,"Delhi, IN",1,0,1
TXN-11398,ACC-50081,ACC-50037,CUST-1081,13745.04,TRANSFER,2026-08-09 03:40:00,19,"Mumbai, IN",0,0,0
TXN-11775,ACC-50117,ACC-50147,CUST-1117,3774.37,TRANSFER,2026-08-08 06:02:00,22,"Mumbai, IN",1,0,0
TXN-12299,ACC-50128,ACC-50032,CUST-1128,874087.54,WIRE,2026-08-03 03:58:00,19,"Delhi, IN",1,1,1
TXN-10115,ACC-50113,ACC-50042,CUST-1113,57776.09,TRANSFER,2026-08-01 23:57:00,15,"Mumbai, IN",0,0,0
TXN-11513,ACC-50092,ACC-50059,CUST-1092,5357.55,TRANSFER,2026-08-03 04:20:00,20,"Mumbai, IN",1,0,0
TXN-10744,ACC-50026,ACC-50134,CUST-1026,43215.41,CASH_DEPOSIT,2026-08-10 23:01:00,15,"Mumbai, IN",0,0,0
TXN-11558,ACC-50005,ACC-50003,CUST-1005,2187.24,CASH_DEPOSIT,2026-08-10 18:06:00,10,"Mumbai, IN",0,0,0
TXN-12333,ACC-50091,ACC-50041,CUST-1091,173802.72,WIRE,2026-08-03 09:01:00,1,"Dubai, AE",1,1,1
TXN-10911,ACC-50067,ACC-50127,CUST-1067,51883.65,CASH_DEPOSIT,2026-08-12 02:39:00,18,"Mumbai, IN",0,0,0
TXN-11488,ACC-50031,ACC-50096,CUST-1031,28848.29,TRANSFER,2026-08-04 18:02:00,10,"Mumbai, IN",1,0,0
TXN-10672,ACC-50076,ACC-50009,CUST-1076,5286.65,CASH_DEPOSIT,2026-08-02 02:05:00,18,"Mumbai, IN",1,0,0
TXN-12306,ACC-50112,ACC-50074,CUST-1112,117883.1,WIRE,2026-08-01 12:47:00,4,"Bangalore, IN",1,0,1
TXN-12051,ACC-50062,ACC-50057,CUST-1062,3528.25,CASH_DEPOSIT,2026-08-08 14:27:00,6,"Mumbai, IN",0,0,0
TXN-11640,ACC-50134,ACC-50146,CUST-1134,4537.95,CASH_DEPOSIT,2026-08-03 04:02:00,20,"Mumbai, IN",0,0,0
TXN-10309,ACC-50045,ACC-50081,CUST-1045,3305.44,TRANSFER,2026-08-10 14:13:00,6,"Mumbai, IN",1,0,0
TXN-10591,ACC-50000,ACC-50041,CUST-1000,4455.74,CASH_DEPOSIT,2026-08-07 16:17:00,8,"Mumbai, IN",1,0,0
TXN-10462,ACC-50070,ACC-50109,CUST-1070,117793.04,CASH_DEPOSIT,2026-08-07 02:54:00,18,"Mumbai, IN",1,0,0
TXN-11987,ACC-50061,ACC-50134,CUST-1061,4629.46,CASH_DEPOSIT,2026-08-02 23:31:00,15,"Mumbai, IN",1,0,0
TXN-10941,ACC-50065,ACC-50078,CUST-1065,11774.66,CASH_DEPOSIT,2026-08-04 16:59:00,8,"Mumbai, IN",0,0,0
TXN-11647,ACC-50118,ACC-50081,CUST-1118,3791.19,TRANSFER,2026-08-04 17:14:00,9,"Mumbai, IN",0,0,0
TXN-12366,ACC-50091,ACC-50103,CUST-1091,82282.95,WIRE,2026-08-03 09:31:00,1,"George Town, KY",1,1,1
TXN-10552,ACC-50144,ACC-50146,CUST-1144,5839.69,CASH_DEPOSIT,2026-08-07 01:51:00,17,"Mumbai, IN",0,0,0
TXN-10087,ACC-50057,ACC-50134,CUST-1057,11531.49,CASH_DEPOSIT,2026-08-09 02:28:00,18,"Delhi, IN",0,0,0
TXN-10690,ACC-50128,ACC-50117,CUST-1128,51994.55,TRANSFER,2026-08-04 14:02:00,6,"Mumbai, IN",1,0,0
TXN-11691,ACC-50076,ACC-50146,CUST-1076,5358.87,TRANSFER,2026-08-07 14:37:00,6,"Mumbai, IN",1,0,0
TXN-12412,ACC-50091,ACC-50140,CUST-1091,78568.41,WIRE,2026-08-10 11:59:00,3,"George Town, KY",1,1,1
TXN-11615,ACC-50121,ACC-50062,CUST-1121,37007.38,TRANSFER,2026-08-06 22:46:00,14,"Mumbai, IN",1,0,0
TXN-11161,ACC-50092,ACC-50102,CUST-1092,5204.8,CASH_DEPOSIT,2026-08-09 02:10:00,18,"Mumbai, IN",1,0,0
TXN-12420,ACC-50131,ACC-50028,CUST-1131,124177.22,WIRE,2026-08-11 10:22:00,2,"Dubai, AE",1,1,1
TXN-11413,ACC-50100,ACC-50101,CUST-1100,13541.91,CASH_DEPOSIT,2026-08-05 17:14:00,9,"Mumbai, IN",0,0,0
TXN-12219,ACC-50040,ACC-50134,CUST-1040,9351.22,WIRE,2026-08-07 02:50:00,18,"Mumbai, IN",1,0,1
TXN-10543,ACC-50022,ACC-50073,CUST-1022,2644.66,TRANSFER,2026-08-08 04:24:00,20,"Mumbai, IN",0,0,0
TXN-11760,ACC-50000,ACC-50020,CUST-1000,6783.37,TRANSFER,2026-08-09 22:45:00,14,"Mumbai, IN",0,0,0
TXN-12216,ACC-50074,ACC-50149,CUST-1074,9701.42,CASH_DEPOSIT,2026-08-10 18:18:00,10,"Mumbai, IN",1,0,1
TXN-10494,ACC-50084,ACC-50092,CUST-1084,5027.65,TRANSFER,2026-08-06 04:39:00,20,"Mumbai, IN",0,0,0
TXN-10365,ACC-50021,ACC-50096,CUST-1021,3531.85,TRANSFER,2026-08-07 19:03:00,11,"Mumbai, IN",0,0,0
TXN-12258,ACC-50030,ACC-50117,CUST-1030,103048.91,WIRE,2026-08-08 09:25:00,1,"Dubai, AE",1,1,1
TXN-11550,ACC-50056,ACC-50147,CUST-1056,27429.19,TRANSFER,2026-08-04 19:34:00,11,"Mumbai, IN",0,0,0
TXN-10273,ACC-50143,ACC-50118,CUST-1143,10246.35,CASH_DEPOSIT,2026-08-01 23:46:00,15,"Mumbai, IN",0,0,0
TXN-10788,ACC-50114,ACC-50097,CUST-1114,57842.53,TRANSFER,2026-08-12 00:33:00,16,"Mumbai, IN",0,0,0
TXN-10071,ACC-50094,ACC-50017,CUST-1094,14197.33,TRANSFER,2026-08-07 06:41:00,22,"Delhi, IN",0,0,0
TXN-11242,ACC-50108,ACC-50127,CUST-1108,3822.65,TRANSFER,2026-08-07 02:10:00,18,"Mumbai, IN",0,0,0
TXN-11811,ACC-50113,ACC-50007,CUST-1113,104570.65,TRANSFER,2026-08-09 15:59:00,7,"Delhi, IN",0,0,0
TXN-10063,ACC-50021,ACC-50110,CUST-1021,3960.64,TRANSFER,2026-08-08 18:55:00,10,"Mumbai, IN",1,0,0
TXN-10394,ACC-50002,ACC-50086,CUST-1002,3515.59,CASH_DEPOSIT,2026-08-11 14:48:00,6,"Bangalore, IN",0,0,0
TXN-11204,ACC-50040,ACC-50005,CUST-1040,46269.63,TRANSFER,2026-08-08 02:21:00,18,"Mumbai, IN",0,0,0
TXN-10343,ACC-50021,ACC-50035,CUST-1021,1683.3,CASH_DEPOSIT,2026-08-05 00:07:00,16,"Mumbai, IN",0,0,0
TXN-11374,ACC-50132,ACC-50131,CUST-1132,51840.05,TRANSFER,2026-08-06 18:13:00,10,"Mumbai, IN",0,0,0
TXN-11380,ACC-50145,ACC-50090,CUST-1145,6324.66,TRANSFER,2026-08-12 01:57:00,17,"Mumbai, IN",0,0,0
TXN-10500,ACC-50132,ACC-50134,CUST-1132,56123.79,TRANSFER,2026-08-11 17:27:00,9,"Mumbai, IN",0,0,0
TXN-11672,ACC-50105,ACC-50086,CUST-1105,11613.71,CASH_DEPOSIT,2026-08-04 18:58:00,10,"Mumbai, IN",0,0,0
TXN-10677,ACC-50121,ACC-50147,CUST-1121,82448.82,CASH_DEPOSIT,2026-08-07 15:35:00,7,"Mumbai, IN",1,0,0
TXN-11027,ACC-50143,ACC-50132,CUST-1143,11799.23,TRANSFER,2026-08-06 02:55:00,18,"Mumbai, IN",1,0,0
TXN-11886,ACC-50016,ACC-50146,CUST-1016,1156.5,CASH_DEPOSIT,2026-08-06 22:46:00,14,"Mumbai, IN",1,0,0
TXN-12465,ACC-59903,ACC-59904,CUST-9002,931996.45,WIRE,2026-08-02 12:54:00,4,"George Town, KY",1,1,1
TXN-10272,ACC-50130,ACC-50114,CUST-1130,9657.69,TRANSFER,2026-08-03 15:29:00,7,"Mumbai, IN",0,0,0
TXN-12473,ACC-59903,ACC-59904,CUST-9002,810451.45,WIRE,2026-08-05 11:04:00,3,"George Town, KY",1,1,1
TXN-10205,ACC-50098,ACC-50086,CUST-1098,14649.24,CASH_DEPOSIT,2026-08-08 19:31:00,11,"Bangalore, IN",0,0,0
TXN-10733,ACC-50009,ACC-50035,CUST-1009,17184.42,CASH_DEPOSIT,2026-08-12 05:09:00,21,"Bangalore, IN",0,0,0
TXN-10152,ACC-50026,ACC-50148,CUST-1026,38613.01,TRANSFER,2026-08-04 06:13:00,22,"Mumbai, IN",0,0,0
TXN-12370,ACC-50091,ACC-50026,CUST-1091,78277.91,WIRE,2026-08-04 12:45:00,4,"George Town, KY",1,1,1
TXN-10557,ACC-50009,ACC-50142,CUST-1009,6020.54,CASH_DEPOSIT,2026-08-09 22:34:00,14,"Mumbai, IN",0,0,0
TXN-10377,ACC-50004,ACC-50018,CUST-1004,17385.76,TRANSFER,2026-08-04 14:16:00,6,"Delhi, IN",0,0,0
TXN-10535,ACC-50098,ACC-50065,CUST-1098,38281.0,CASH_DEPOSIT,2026-08-09 23:01:00,15,"Mumbai, IN",1,0,0
TXN-10973,ACC-50115,ACC-50083,CUST-1115,25304.44,TRANSFER,2026-08-01 18:13:00,10,"Mumbai, IN",0,0,0
TXN-11000,ACC-50075,ACC-50100,CUST-1075,48675.77,TRANSFER,2026-08-12 03:53:00,19,"Mumbai, IN",1,0,0
TXN-11872,ACC-50033,ACC-50089,CUST-1033,3215.88,CASH_DEPOSIT,2026-08-04 22:35:00,14,"Mumbai, IN",0,0,0
TXN-10198,ACC-50017,ACC-50135,CUST-1017,64502.24,TRANSFER,2026-08-10 06:50:00,22,"Mumbai, IN",1,0,0
TXN-10561,ACC-50123,ACC-50091,CUST-1123,7403.71,TRANSFER,2026-08-08 15:14:00,7,"Mumbai, IN",0,0,0
TXN-10685,ACC-50052,ACC-50140,CUST-1052,52799.14,TRANSFER,2026-08-06 06:48:00,22,"Mumbai, IN",0,0,0
TXN-11213,ACC-50094,ACC-50002,CUST-1094,9655.12,TRANSFER,2026-08-02 17:07:00,9,"Mumbai, IN",0,0,0
TXN-10590,ACC-50130,ACC-50133,CUST-1130,20276.03,TRANSFER,2026-08-03 21:39:00,13,"Mumbai, IN",0,0,0
TXN-10519,ACC-50033,ACC-50046,CUST-1033,2972.47,CASH_DEPOSIT,2026-08-12 06:34:00,22,"Mumbai, IN",0,0,0
TXN-10308,ACC-50069,ACC-50011,CUST-1069,6253.54,TRANSFER,2026-08-05 16:43:00,8,"Mumbai, IN",0,0,0
TXN-10604,ACC-50147,ACC-50070,CUST-1147,7325.75,CASH_DEPOSIT,2026-08-10 05:11:00,21,"Mumbai, IN",0,0,0
TXN-12154,ACC-50134,ACC-50044,CUST-1134,9619.31,CASH_DEPOSIT,2026-08-06 23:17:00,15,"Mumbai, IN",1,0,1
TXN-12259,ACC-50132,ACC-50037,CUST-1132,1374090.95,WIRE,2026-08-01 08:23:00,0,"Panama City, PA",1,0,1
TXN-10059,ACC-50107,ACC-50099,CUST-1107,21302.49,CASH_DEPOSIT,2026-08-10 14:54:00,6,"Mumbai, IN",0,0,0
TXN-10583,ACC-50052,ACC-50106,CUST-1052,27716.59,TRANSFER,2026-08-07 05:11:00,21,"Mumbai, IN",0,0,0
TXN-10859,ACC-50031,ACC-50006,CUST-1031,24720.83,TRANSFER,2026-08-09 02:59:00,18,"Delhi, IN",0,0,0
TXN-10207,ACC-50026,ACC-50020,CUST-1026,49166.78,CASH_DEPOSIT,2026-08-06 00:42:00,16,"Mumbai, IN",1,0,0
TXN-12017,ACC-50058,ACC-50069,CUST-1058,31912.38,CASH_DEPOSIT,2026-08-06 01:58:00,17,"Mumbai, IN",0,0,0
TXN-10869,ACC-50036,ACC-50054,CUST-1036,655.62,CASH_DEPOSIT,2026-08-09 23:30:00,15,"Mumbai, IN",1,0,0
TXN-10785,ACC-50053,ACC-50148,CUST-1053,10258.01,CASH_DEPOSIT,2026-08-12 01:03:00,17,"Mumbai, IN",0,0,0
TXN-10906,ACC-50133,ACC-50126,CUST-1133,14150.64,TRANSFER,2026-08-06 04:12:00,20,"Mumbai, IN",0,0,0
TXN-12427,ACC-59901,ACC-59902,CUST-9000,815090.05,WIRE,2026-08-05 09:06:00,1,"George Town, KY",1,1,1
TXN-10792,ACC-50134,ACC-50026,CUST-1134,7591.31,TRANSFER,2026-08-05 04:22:00,20,"Mumbai, IN",0,0,0
TXN-10831,ACC-50034,ACC-50028,CUST-1034,2390.43,TRANSFER,2026-08-08 04:29:00,20,"Mumbai, IN",0,0,0
TXN-10162,ACC-50083,ACC-50030,CUST-1083,6769.16,TRANSFER,2026-08-07 14:31:00,6,"Mumbai, IN",0,0,0
TXN-11307,ACC-50014,ACC-50036,CUST-1014,1659.86,CASH_DEPOSIT,2026-08-03 17:44:00,9,"Mumbai, IN",1,0,0
TXN-10526,ACC-50113,ACC-50057,CUST-1113,74249.27,TRANSFER,2026-08-11 01:48:00,17,"Mumbai, IN",0,0,0
TXN-11576,ACC-50042,ACC-50135,CUST-1042,2628.21,CASH_DEPOSIT,2026-08-07 05:00:00,21,"Mumbai, IN",1,0,0
TXN-10256,ACC-50001,ACC-50141,CUST-1001,37653.56,CASH_DEPOSIT,2026-08-11 19:26:00,11,"Mumbai, IN",0,0,0
TXN-10506,ACC-50009,ACC-50143,CUST-1009,17995.71,TRANSFER,2026-08-02 14:52:00,6,"Bangalore, IN",0,0,0
TXN-11956,ACC-50126,ACC-50036,CUST-1126,43561.33,TRANSFER,2026-08-05 16:44:00,8,"Mumbai, IN",0,0,0
TXN-12120,ACC-50147,ACC-50000,CUST-1147,6025.35,TRANSFER,2026-08-02 20:45:00,12,"Mumbai, IN",0,0,0
TXN-12228,ACC-50074,ACC-50037,CUST-1074,9469.02,CASH_DEPOSIT,2026-08-09 17:05:00,9,"Delhi, IN",1,0,1
TXN-12164,ACC-50040,ACC-50083,CUST-1040,9240.19,CASH_DEPOSIT,2026-08-03 05:37:00,21,"Mumbai, IN",1,0,1
TXN-10862,ACC-50035,ACC-50142,CUST-1035,30494.8,CASH_DEPOSIT,2026-08-01 17:19:00,9,"Mumbai, IN",0,0,0
TXN-11675,ACC-50009,ACC-50036,CUST-1009,7943.64,TRANSFER,2026-08-05 18:33:00,10,"Mumbai, IN",0,0,0
TXN-10020,ACC-50039,ACC-50049,CUST-1039,8183.23,TRANSFER,2026-08-01 23:13:00,15,"Mumbai, IN",0,0,0
TXN-11404,ACC-50098,ACC-50116,CUST-1098,17836.58,TRANSFER,2026-08-08 06:12:00,22,"Mumbai, IN",1,0,0
TXN-10439,ACC-50011,ACC-50068,CUST-1011,1889.91,TRANSFER,2026-08-06 04:29:00,20,"Bangalore, IN",0,0,0
TXN-11087,ACC-50084,ACC-50149,CUST-1084,4719.54,CASH_DEPOSIT,2026-08-06 00:39:00,16,"Mumbai, IN",0,0,0
TXN-10381,ACC-50062,ACC-50022,CUST-1062,3311.77,TRANSFER,2026-08-09 03:07:00,19,"Mumbai, IN",0,0,0
TXN-12108,ACC-50141,ACC-50076,CUST-1141,6048.24,TRANSFER,2026-08-07 17:57:00,9,"Mumbai, IN",1,0,0
TXN-11261,ACC-50059,ACC-50056,CUST-1059,52768.27,TRANSFER,2026-08-09 00:27:00,16,"Mumbai, IN",0,0,0
TXN-10538,ACC-50108,ACC-50026,CUST-1108,6061.63,TRANSFER,2026-08-07 20:34:00,12,"Mumbai, IN",0,0,0
TXN-10881,ACC-50036,ACC-50003,CUST-1036,5743.52,CASH_DEPOSIT,2026-08-05 18:33:00,10,"Mumbai, IN",1,0,0
TXN-10902,ACC-50091,ACC-50122,CUST-1091,46337.65,CASH_DEPOSIT,2026-08-10 02:31:00,18,"Mumbai, IN",1,0,0
TXN-10083,ACC-50070,ACC-50011,CUST-1070,100630.12,TRANSFER,2026-08-05 15:35:00,7,"Bangalore, IN",1,0,0
TXN-12103,ACC-50039,ACC-50072,CUST-1039,5862.81,TRANSFER,2026-08-08 00:54:00,16,"Delhi, IN",0,0,0
TXN-11200,ACC-50056,ACC-50128,CUST-1056,62907.1,CASH_DEPOSIT,2026-08-11 04:09:00,20,"Mumbai, IN",0,0,0
TXN-11309,ACC-50007,ACC-50038,CUST-1007,7658.38,TRANSFER,2026-08-03 01:09:00,17,"Mumbai, IN",1,0,0
TXN-11226,ACC-50049,ACC-50096,CUST-1049,6934.63,CASH_DEPOSIT,2026-08-04 06:38:00,22,"Delhi, IN",1,0,0
TXN-12130,ACC-50040,ACC-50070,CUST-1040,9832.7,WIRE,2026-08-06 01:51:00,17,"Mumbai, IN",1,0,1
TXN-11749,ACC-50088,ACC-50048,CUST-1088,7033.37,CASH_DEPOSIT,2026-08-05 02:28:00,18,"Mumbai, IN",1,0,0
TXN-10270,ACC-50015,ACC-50141,CUST-1015,6965.16,TRANSFER,2026-08-11 06:12:00,22,"Mumbai, IN",0,0,0
TXN-11271,ACC-50111,ACC-50017,CUST-1111,4994.94,TRANSFER,2026-08-10 05:26:00,21,"Mumbai, IN",0,0,0
TXN-11259,ACC-50058,ACC-50030,CUST-1058,44186.49,CASH_DEPOSIT,2026-08-01 18:25:00,10,"Mumbai, IN",1,0,0
TXN-12060,ACC-50023,ACC-50039,CUST-1023,5127.98,TRANSFER,2026-08-08 15:00:00,7,"Mumbai, IN",0,0,0
TXN-12263,ACC-50146,ACC-50035,CUST-1146,447326.65,WIRE,2026-08-10 20:29:00,12,"Mumbai, IN",1,0,1
TXN-11599,ACC-50103,ACC-50107,CUST-1103,5349.82,TRANSFER,2026-08-04 15:04:00,7,"Mumbai, IN",0,0,0
TXN-11960,ACC-50087,ACC-50100,CUST-1087,19287.51,CASH_DEPOSIT,2026-08-06 01:13:00,17,"Mumbai, IN",1,0,0
TXN-11029,ACC-50117,ACC-50033,CUST-1117,5114.01,TRANSFER,2026-08-10 06:55:00,22,"Mumbai, IN",1,0,0
TXN-10429,ACC-50105,ACC-50127,CUST-1105,10031.31,CASH_DEPOSIT,2026-08-10 02:22:00,18,"Mumbai, IN",1,0,0
TXN-12004,ACC-50028,ACC-50087,CUST-1028,5021.41,TRANSFER,2026-08-07 22:18:00,14,"Mumbai, IN",0,0,0
TXN-12193,ACC-50015,ACC-50024,CUST-1015,9636.24,CASH_DEPOSIT,2026-08-04 15:31:00,7,"Delhi, IN",1,0,1
TXN-12204,ACC-50040,ACC-50023,CUST-1040,9316.88,CASH_DEPOSIT,2026-08-05 10:44:00,2,"Delhi, IN",1,0,1
TXN-10458,ACC-50045,ACC-50122,CUST-1045,4458.55,CASH_DEPOSIT,2026-08-04 01:22:00,17,"Mumbai, IN",0,0,0
TXN-10078,ACC-50121,ACC-50126,CUST-1121,46734.78,TRANSFER,2026-08-02 04:50:00,20,"Mumbai, IN",1,0,0
TXN-12429,ACC-59903,ACC-59904,CUST-9002,880118.48,WIRE,2026-08-05 09:26:00,1,"George Town, KY",1,1,1
TXN-12132,ACC-50074,ACC-50148,CUST-1074,9779.15,WIRE,2026-08-04 01:58:00,17,"Mumbai, IN",1,0,1
TXN-10032,ACC-50033,ACC-50068,CUST-1033,4621.15,TRANSFER,2026-08-08 19:47:00,11,"Mumbai, IN",0,0,0
TXN-12124,ACC-50125,ACC-50126,CUST-1125,4446.08,CASH_DEPOSIT,2026-08-01 22:27:00,14,"Mumbai, IN",1,0,0
TXN-11349,ACC-50089,ACC-50053,CUST-1089,67229.56,TRANSFER,2026-08-10 20:43:00,12,"Mumbai, IN",0,0,0
TXN-12243,ACC-50134,ACC-50137,CUST-1134,83651.92,WIRE,2026-08-04 14:12:00,6,"George Town, KY",1,0,1
TXN-10380,ACC-50100,ACC-50016,CUST-1100,13007.89,TRANSFER,2026-08-07 23:44:00,15,"Mumbai, IN",0,0,0
TXN-10226,ACC-50053,ACC-50147,CUST-1053,10006.86,TRANSFER,2026-08-12 03:39:00,19,"Mumbai, IN",0,0,0
TXN-11994,ACC-50071,ACC-50067,CUST-1071,17110.57,TRANSFER,2026-08-12 03:42:00,19,"Mumbai, IN",0,0,0
TXN-11192,ACC-50007,ACC-50042,CUST-1007,3432.79,CASH_DEPOSIT,2026-08-08 00:57:00,16,"Mumbai, IN",0,0,0
TXN-10715,ACC-50144,ACC-50038,CUST-1144,3962.14,TRANSFER,2026-08-03 19:55:00,11,"Mumbai, IN",0,0,0
TXN-11762,ACC-50100,ACC-50040,CUST-1100,13265.21,TRANSFER,2026-08-11 03:25:00,19,"Mumbai, IN",0,0,0
TXN-10686,ACC-50004,ACC-50097,CUST-1004,10392.84,TRANSFER,2026-08-06 06:02:00,22,"Mumbai, IN",0,0,0
TXN-12131,ACC-50040,ACC-50146,CUST-1040,9913.58,CASH_DEPOSIT,2026-08-05 12:15:00,4,"Mumbai, IN",1,0,1
TXN-12484,ACC-59902,ACC-59903,CUST-9001,823849.47,WIRE,2026-08-01 12:09:00,4,"George Town, KY",1,1,1
TXN-10305,ACC-50076,ACC-50020,CUST-1076,4423.17,CASH_DEPOSIT,2026-08-07 15:05:00,7,"Mumbai, IN",1,0,0
TXN-10209,ACC-50070,ACC-50014,CUST-1070,99019.16,CASH_DEPOSIT,2026-08-11 16:42:00,8,"Mumbai, IN",0,0,0
TXN-12153,ACC-50134,ACC-50040,CUST-1134,9804.46,WIRE,2026-08-12 04:34:00,20,"Delhi, IN",1,0,1
TXN-11670,ACC-50093,ACC-50103,CUST-1093,33798.43,CASH_DEPOSIT,2026-08-12 06:40:00,22,"Mumbai, IN",0,0,0
TXN-12477,ACC-59903,ACC-59904,CUST-9002,982681.28,WIRE,2026-08-01 12:00:00,4,"George Town, KY",1,1,1
TXN-11071,ACC-50146,ACC-50006,CUST-1146,19331.91,TRANSFER,2026-08-07 21:44:00,13,"Mumbai, IN",0,0,0
TXN-11934,ACC-50063,ACC-50019,CUST-1063,18918.57,TRANSFER,2026-08-01 17:56:00,9,"Mumbai, IN",0,0,0
TXN-11137,ACC-50025,ACC-50046,CUST-1025,73455.92,TRANSFER,2026-08-09 23:07:00,15,"Mumbai, IN",0,0,0
TXN-12007,ACC-50124,ACC-50031,CUST-1124,120589.55,TRANSFER,2026-08-07 17:15:00,9,"Mumbai, IN",0,0,0
TXN-10937,ACC-50136,ACC-50095,CUST-1136,62801.23,CASH_DEPOSIT,2026-08-09 17:20:00,9,"Mumbai, IN",0,0,0
TXN-10191,ACC-50128,ACC-50095,CUST-1128,64573.56,CASH_DEPOSIT,2026-08-02 21:24:00,13,"Mumbai, IN",0,0,0
TXN-11211,ACC-50103,ACC-50062,CUST-1103,3054.75,CASH_DEPOSIT,2026-08-04 15:07:00,7,"Mumbai, IN",0,0,0
TXN-11075,ACC-50024,ACC-50115,CUST-1024,11967.17,TRANSFER,2026-08-01 17:05:00,9,"Mumbai, IN",0,0,0
TXN-12456,ACC-59902,ACC-59903,CUST-9001,881992.81,WIRE,2026-08-04 12:43:00,4,"George Town, KY",1,1,1
TXN-10483,ACC-50031,ACC-50094,CUST-1031,33274.76,CASH_DEPOSIT,2026-08-11 15:24:00,7,"Mumbai, IN",0,0,0
TXN-12383,ACC-50047,ACC-50070,CUST-1047,122512.8,WIRE,2026-08-11 11:15:00,3,"Dubai, AE",1,1,1
TXN-11604,ACC-50117,ACC-50020,CUST-1117,3284.41,TRANSFER,2026-08-11 21:19:00,13,"Mumbai, IN",0,0,0
TXN-10277,ACC-50089,ACC-50030,CUST-1089,37535.75,TRANSFER,2026-08-07 19:34:00,11,"Mumbai, IN",0,0,0
TXN-11508,ACC-50011,ACC-50075,CUST-1011,4843.33,TRANSFER,2026-08-10 18:58:00,10,"Mumbai, IN",0,0,0
TXN-10221,ACC-50032,ACC-50142,CUST-1032,5756.07,CASH_DEPOSIT,2026-08-03 19:49:00,11,"Mumbai, IN",0,0,0
TXN-11229,ACC-50070,ACC-50002,CUST-1070,63271.05,CASH_DEPOSIT,2026-08-04 17:24:00,9,"Mumbai, IN",0,0,0
TXN-10571,ACC-50046,ACC-50133,CUST-1046,21532.94,TRANSFER,2026-08-11 02:38:00,18,"Mumbai, IN",0,0,0
TXN-10411,ACC-50098,ACC-50035,CUST-1098,13726.43,TRANSFER,2026-08-12 03:12:00,19,"Mumbai, IN",0,0,0
TXN-11313,ACC-50108,ACC-50117,CUST-1108,5703.16,TRANSFER,2026-08-10 22:58:00,14,"Mumbai, IN",0,0,0
TXN-11677,ACC-50112,ACC-50075,CUST-1112,5214.41,TRANSFER,2026-08-03 18:47:00,10,"Mumbai, IN",1,0,0
TXN-12178,ACC-50015,ACC-50141,CUST-1015,9906.18,WIRE,2026-08-05 00:56:00,16,"Delhi, IN",1,0,1
TXN-10585,ACC-50058,ACC-50115,CUST-1058,31672.23,TRANSFER,2026-08-04 19:06:00,11,"Mumbai, IN",0,0,0
TXN-11730,ACC-50091,ACC-50081,CUST-1091,57816.84,TRANSFER,2026-08-05 03:12:00,19,"Mumbai, IN",0,0,0
TXN-12019,ACC-50058,ACC-50023,CUST-1058,36333.66,TRANSFER,2026-08-10 19:05:00,11,"Mumbai, IN",0,0,0
TXN-12493,ACC-59903,ACC-59904,CUST-9002,1145392.48,WIRE,2026-08-03 11:03:00,3,"George Town, KY",1,1,1
TXN-11563,ACC-50147,ACC-50006,CUST-1147,3872.05,CASH_DEPOSIT,2026-08-05 02:49:00,18,"Mumbai, IN",0,0,0
TXN-10674,ACC-50013,ACC-50079,CUST-1013,2960.22,TRANSFER,2026-08-07 06:02:00,22,"Mumbai, IN",0,0,0
TXN-11177,ACC-50046,ACC-50129,CUST-1046,23118.75,TRANSFER,2026-08-10 17:28:00,9,"Mumbai, IN",0,0,0
TXN-10855,ACC-50037,ACC-50091,CUST-1037,26790.92,TRANSFER,2026-08-03 23:29:00,15,"Bangalore, IN",0,0,0
TXN-10447,ACC-50133,ACC-50107,CUST-1133,16577.6,TRANSFER,2026-08-03 17:26:00,9,"Mumbai, IN",0,0,0
TXN-11905,ACC-50015,ACC-50122,CUST-1015,17576.47,TRANSFER,2026-08-11 21:14:00,13,"Mumbai, IN",1,0,0
TXN-11530,ACC-50073,ACC-50066,CUST-1073,12271.56,TRANSFER,2026-08-04 17:59:00,9,"Mumbai, IN",0,0,0
TXN-10222,ACC-50031,ACC-50133,CUST-1031,21023.07,TRANSFER,2026-08-03 18:19:00,10,"Mumbai, IN",0,0,0
TXN-11724,ACC-50006,ACC-50137,CUST-1006,8982.44,TRANSFER,2026-08-03 15:49:00,7,"Mumbai, IN",0,0,0
TXN-12225,ACC-50117,ACC-50092,CUST-1117,9652.66,WIRE,2026-08-12 01:08:00,17,"Mumbai, IN",1,0,1
TXN-11628,ACC-50079,ACC-50100,CUST-1079,4798.54,CASH_DEPOSIT,2026-08-06 05:02:00,21,"Mumbai, IN",1,0,0
TXN-11556,ACC-50063,ACC-50008,CUST-1063,27393.81,CASH_DEPOSIT,2026-08-02 22:47:00,14,"Mumbai, IN",0,0,0
TXN-10969,ACC-50149,ACC-50001,CUST-1149,10454.14,TRANSFER,2026-08-11 06:49:00,22,"Mumbai, IN",0,0,0
TXN-10045,ACC-50141,ACC-50032,CUST-1141,4099.67,CASH_DEPOSIT,2026-08-11 20:26:00,12,"Mumbai, IN",0,0,0
TXN-12189,ACC-50117,ACC-50014,CUST-1117,9944.16,WIRE,2026-08-04 18:15:00,10,"Mumbai, IN",1,0,1
TXN-12364,ACC-50091,ACC-50000,CUST-1091,59925.63,WIRE,2026-08-02 09:49:00,1,"Dubai, AE",1,1,1
TXN-10294,ACC-50081,ACC-50052,CUST-1081,6140.85,TRANSFER,2026-08-08 01:20:00,17,"Mumbai, IN",0,0,0
TXN-11159,ACC-50079,ACC-50042,CUST-1079,3983.43,TRANSFER,2026-08-07 20:15:00,12,"Mumbai, IN",0,0,0
TXN-10588,ACC-50098,ACC-50103,CUST-1098,21120.34,TRANSFER,2026-08-11 06:18:00,22,"Mumbai, IN",1,0,0
TXN-12053,ACC-50142,ACC-50057,CUST-1142,13663.42,CASH_DEPOSIT,2026-08-04 21:56:00,13,"Mumbai, IN",0,0,0
TXN-10257,ACC-50073,ACC-50083,CUST-1073,15173.9,TRANSFER,2026-08-01 23:41:00,15,"Mumbai, IN",0,0,0
TXN-12063,ACC-50125,ACC-50027,CUST-1125,5783.77,TRANSFER,2026-08-05 22:37:00,14,"Mumbai, IN",0,0,0
TXN-12466,ACC-59904,ACC-59901,CUST-9003,1035090.0,WIRE,2026-08-03 12:44:00,4,"George Town, KY",1,1,1
TXN-10926,ACC-50093,ACC-50119,CUST-1093,32363.24,TRANSFER,2026-08-03 18:15:00,10,"Mumbai, IN",0,0,0
TXN-12118,ACC-50147,ACC-50047,CUST-1147,6589.9,TRANSFER,2026-08-04 17:42:00,9,"Mumbai, IN",0,0,0
TXN-12297,ACC-50042,ACC-50035,CUST-1042,104344.07,WIRE,2026-08-06 18:32:00,10,"Singapore, SG",1,0,1
TXN-10436,ACC-50075,ACC-50123,CUST-1075,10235.45,TRANSFER,2026-08-01 20:06:00,12,"Mumbai, IN",0,0,0
TXN-10976,ACC-50030,ACC-50077,CUST-1030,2896.09,TRANSFER,2026-08-08 05:51:00,21,"Delhi, IN",0,0,0
TXN-12036,ACC-50119,ACC-50120,CUST-1119,10184.95,CASH_DEPOSIT,2026-08-05 01:56:00,17,"Mumbai, IN",0,0,0
TXN-10393,ACC-50050,ACC-50140,CUST-1050,4233.18,CASH_DEPOSIT,2026-08-01 21:09:00,13,"Mumbai, IN",0,0,0
TXN-10425,ACC-50144,ACC-50026,CUST-1144,4963.81,TRANSFER,2026-08-07 05:09:00,21,"Mumbai, IN",0,0,0
TXN-10534,ACC-50114,ACC-50061,CUST-1114,49475.17,CASH_DEPOSIT,2026-08-11 21:02:00,13,"Mumbai, IN",0,0,0
TXN-10030,ACC-50072,ACC-50053,CUST-1072,500.0,TRANSFER,2026-08-12 00:13:00,16,"Bangalore, IN",1,0,0
TXN-11642,ACC-50108,ACC-50102,CUST-1108,6965.46,TRANSFER,2026-08-05 14:11:00,6,"Mumbai, IN",0,0,0
TXN-12081,ACC-50121,ACC-50106,CUST-1121,57466.15,TRANSFER,2026-08-11 04:58:00,20,"Mumbai, IN",0,0,0
TXN-11146,ACC-50080,ACC-50003,CUST-1080,4091.58,TRANSFER,2026-08-09 02:13:00,18,"Mumbai, IN",0,0,0
TXN-10746,ACC-50030,ACC-50070,CUST-1030,2624.15,TRANSFER,2026-08-05 18:10:00,10,"Mumbai, IN",0,0,0
TXN-11750,ACC-50030,ACC-50072,CUST-1030,4059.92,CASH_DEPOSIT,2026-08-07 06:59:00,22,"Mumbai, IN",0,0,0
TXN-11984,ACC-50092,ACC-50057,CUST-1092,4344.92,CASH_DEPOSIT,2026-08-01 22:26:00,14,"Mumbai, IN",0,0,0
TXN-11268,ACC-50010,ACC-50049,CUST-1010,14802.1,TRANSFER,2026-08-08 20:45:00,12,"Mumbai, IN",0,0,0
TXN-12342,ACC-50091,ACC-50136,CUST-1091,147593.52,WIRE,2026-08-10 10:12:00,2,"Dubai, AE",1,1,1
TXN-11718,ACC-50146,ACC-50119,CUST-1146,11702.26,TRANSFER,2026-08-02 20:48:00,12,"Mumbai, IN",0,0,0
TXN-12212,ACC-50117,ACC-50010,CUST-1117,9198.45,CASH_DEPOSIT,2026-08-09 18:57:00,10,"Delhi, IN",1,0,1
TXN-11412,ACC-50147,ACC-50068,CUST-1147,3406.41,TRANSFER,2026-08-09 21:04:00,13,"Mumbai, IN",1,0,0
TXN-11711,ACC-50083,ACC-50147,CUST-1083,4485.21,CASH_DEPOSIT,2026-08-09 22:35:00,14,"Mumbai, IN",0,0,0
TXN-12012,ACC-50129,ACC-50099,CUST-1129,17821.97,CASH_DEPOSIT,2026-08-05 04:38:00,20,"Mumbai, IN",0,0,0
TXN-10344,ACC-50036,ACC-50131,CUST-1036,5353.42,TRANSFER,2026-08-11 02:26:00,18,"Mumbai, IN",1,0,0
TXN-10556,ACC-50019,ACC-50004,CUST-1019,11747.4,TRANSFER,2026-08-02 06:40:00,22,"Mumbai, IN",0,0,0
TXN-11423,ACC-50037,ACC-50106,CUST-1037,22784.49,CASH_DEPOSIT,2026-08-03 21:42:00,13,"Mumbai, IN",0,0,0
TXN-11037,ACC-50022,ACC-50105,CUST-1022,6854.14,CASH_DEPOSIT,2026-08-08 02:14:00,18,"Mumbai, IN",1,0,0
TXN-10680,ACC-50147,ACC-50022,CUST-1147,5374.08,CASH_DEPOSIT,2026-08-07 17:42:00,9,"Mumbai, IN",0,0,0
TXN-12229,ACC-50117,ACC-50104,CUST-1117,9635.8,CASH_DEPOSIT,2026-08-09 15:00:00,7,"Delhi, IN",1,0,1
TXN-11106,ACC-50110,ACC-50104,CUST-1110,10602.56,CASH_DEPOSIT,2026-08-09 01:51:00,17,"Mumbai, IN",0,0,0
TXN-10570,ACC-50034,ACC-50132,CUST-1034,5144.18,TRANSFER,2026-08-10 15:57:00,7,"Mumbai, IN",0,0,0
TXN-10352,ACC-50076,ACC-50008,CUST-1076,5272.8,TRANSFER,2026-08-07 04:16:00,20,"Mumbai, IN",0,0,0
TXN-10091,ACC-50018,ACC-50060,CUST-1018,8138.58,TRANSFER,2026-08-11 22:50:00,14,"Mumbai, IN",0,0,0
TXN-11210,ACC-50045,ACC-50013,CUST-1045,5271.53,CASH_DEPOSIT,2026-08-11 17:32:00,9,"Mumbai, IN",0,0,0
TXN-12106,ACC-50067,ACC-50086,CUST-1067,50105.95,TRANSFER,2026-08-03 00:56:00,16,"Mumbai, IN",0,0,0
TXN-11270,ACC-50140,ACC-50064,CUST-1140,37727.02,CASH_DEPOSIT,2026-08-07 01:57:00,17,"Mumbai, IN",0,0,0
TXN-12276,ACC-50138,ACC-50045,CUST-1138,650270.59,WIRE,2026-08-06 18:54:00,10,"Singapore, SG",1,0,1
TXN-10261,ACC-50028,ACC-50085,CUST-1028,3708.07,TRANSFER,2026-08-08 19:46:00,11,"Mumbai, IN",0,0,0
TXN-11462,ACC-50029,ACC-50009,CUST-1029,5189.57,TRANSFER,2026-08-06 16:28:00,8,"Mumbai, IN",0,0,0
TXN-10748,ACC-50146,ACC-50062,CUST-1146,30893.5,TRANSFER,2026-08-05 19:04:00,11,"Bangalore, IN",1,0,0
TXN-11411,ACC-50027,ACC-50012,CUST-1027,13628.54,TRANSFER,2026-08-04 21:07:00,13,"Mumbai, IN",0,0,0
TXN-11765,ACC-50133,ACC-50079,CUST-1133,8825.25,TRANSFER,2026-08-12 06:06:00,22,"Mumbai, IN",1,0,0
TXN-12437,ACC-59903,ACC-59904,CUST-9002,896901.62,WIRE,2026-08-04 10:40:00,2,"George Town, KY",1,1,1
TXN-11383,ACC-50062,ACC-50018,CUST-1062,9789.66,CASH_DEPOSIT,2026-08-06 20:42:00,12,"Mumbai, IN",0,0,0
TXN-11004,ACC-50128,ACC-50008,CUST-1128,75165.51,TRANSFER,2026-08-07 16:21:00,8,"Mumbai, IN",0,0,0
TXN-10567,ACC-50131,ACC-50071,CUST-1131,5044.63,TRANSFER,2026-08-03 20:09:00,12,"Mumbai, IN",0,0,0
TXN-10322,ACC-50117,ACC-50027,CUST-1117,5506.4,CASH_DEPOSIT,2026-08-01 18:19:00,10,"Mumbai, IN",1,0,0
TXN-11893,ACC-50005,ACC-50128,CUST-1005,5820.68,TRANSFER,2026-08-06 02:10:00,18,"Mumbai, IN",0,0,0
TXN-12083,ACC-50101,ACC-50067,CUST-1101,5632.38,TRANSFER,2026-08-04 14:33:00,6,"Mumbai, IN",1,0,0
TXN-10348,ACC-50113,ACC-50126,CUST-1113,110154.89,TRANSFER,2026-08-10 19:05:00,11,"Mumbai, IN",0,0,0
TXN-11089,ACC-50119,ACC-50054,CUST-1119,13906.89,TRANSFER,2026-08-06 21:30:00,13,"Mumbai, IN",1,0,0
TXN-11850,ACC-50145,ACC-50049,CUST-1145,2834.22,TRANSFER,2026-08-09 01:57:00,17,"Delhi, IN",0,0,0
TXN-10300,ACC-50002,ACC-50056,CUST-1002,4900.88,TRANSFER,2026-08-07 06:29:00,22,"Mumbai, IN",1,0,0
TXN-11658,ACC-50128,ACC-50138,CUST-1128,58194.26,CASH_DEPOSIT,2026-08-08 02:14:00,18,"Mumbai, IN",0,0,0
TXN-11316,ACC-50119,ACC-50123,CUST-1119,14757.89,CASH_DEPOSIT,2026-08-12 00:41:00,16,"Mumbai, IN",0,0,0
TXN-12014,ACC-50063,ACC-50075,CUST-1063,18259.12,CASH_DEPOSIT,2026-08-10 21:24:00,13,"Bangalore, IN",0,0,0
TXN-11010,ACC-50001,ACC-50063,CUST-1001,20637.39,TRANSFER,2026-08-06 05:21:00,21,"Mumbai, IN",0,0,0
TXN-10964,ACC-50080,ACC-50126,CUST-1080,4970.54,TRANSFER,2026-08-11 18:35:00,10,"Mumbai, IN",0,0,0
TXN-12369,ACC-50047,ACC-50015,CUST-1047,107566.47,WIRE,2026-08-01 10:32:00,2,"George Town, KY",1,1,1
TXN-12355,ACC-50131,ACC-50092,CUST-1131,127923.91,WIRE,2026-08-09 12:14:00,4,"George Town, KY",1,1,1
TXN-11128,ACC-50023,ACC-50074,CUST-1023,4977.04,CASH_DEPOSIT,2026-08-06 04:22:00,20,"Mumbai, IN",0,0,0
TXN-10315,ACC-50039,ACC-50100,CUST-1039,4695.43,TRANSFER,2026-08-03 00:23:00,16,"Mumbai, IN",0,0,0
TXN-12069,ACC-50032,ACC-50039,CUST-1032,3502.91,TRANSFER,2026-08-06 16:18:00,8,"Mumbai, IN",0,0,0
TXN-10453,ACC-50022,ACC-50049,CUST-1022,6069.5,TRANSFER,2026-08-08 04:13:00,20,"Mumbai, IN",0,0,0
TXN-10913,ACC-50087,ACC-50098,CUST-1087,12056.08,CASH_DEPOSIT,2026-08-06 17:27:00,9,"Mumbai, IN",0,0,0
TXN-10601,ACC-50127,ACC-50051,CUST-1127,3848.3,CASH_DEPOSIT,2026-08-04 21:47:00,13,"Mumbai, IN",0,0,0
TXN-10175,ACC-50128,ACC-50038,CUST-1128,47864.31,CASH_DEPOSIT,2026-08-02 15:28:00,7,"Mumbai, IN",0,0,0
TXN-10900,ACC-50016,ACC-50094,CUST-1016,7420.57,TRANSFER,2026-08-04 20:21:00,12,"Delhi, IN",0,0,0
TXN-12272,ACC-50039,ACC-50033,CUST-1039,88810.47,WIRE,2026-08-09 02:12:00,18,"Mumbai, IN",1,0,1
TXN-11298,ACC-50073,ACC-50090,CUST-1073,12507.19,TRANSFER,2026-08-08 17:17:00,9,"Mumbai, IN",0,0,0
TXN-10037,ACC-50040,ACC-50027,CUST-1040,51961.11,CASH_DEPOSIT,2026-08-02 02:55:00,18,"Mumbai, IN",1,0,0
TXN-10974,ACC-50018,ACC-50141,CUST-1018,3947.01,CASH_DEPOSIT,2026-08-08 02:05:00,18,"Mumbai, IN",1,0,0
TXN-10123,ACC-50058,ACC-50091,CUST-1058,17481.03,TRANSFER,2026-08-04 21:40:00,13,"Mumbai, IN",0,0,0
TXN-11741,ACC-50028,ACC-50122,CUST-1028,5292.1,CASH_DEPOSIT,2026-08-10 04:26:00,20,"Mumbai, IN",0,0,0
TXN-12418,ACC-50091,ACC-50102,CUST-1091,109735.69,WIRE,2026-08-10 12:38:00,4,"Panama City, PA",1,1,1
TXN-10039,ACC-50071,ACC-50017,CUST-1071,6830.9,TRANSFER,2026-08-11 22:22:00,14,"Mumbai, IN",0,0,0
TXN-12416,ACC-50131,ACC-50000,CUST-1131,112841.93,WIRE,2026-08-09 10:17:00,2,"George Town, KY",1,1,1
TXN-12009,ACC-50148,ACC-50098,CUST-1148,29383.1,TRANSFER,2026-08-05 04:13:00,20,"Delhi, IN",1,0,0
TXN-11771,ACC-50003,ACC-50026,CUST-1003,4538.06,CASH_DEPOSIT,2026-08-11 05:15:00,21,"Mumbai, IN",1,0,0
TXN-11965,ACC-50008,ACC-50083,CUST-1008,5028.72,TRANSFER,2026-08-08 23:35:00,15,"Mumbai, IN",0,0,0
TXN-11498,ACC-50068,ACC-50064,CUST-1068,11195.52,TRANSFER,2026-08-05 14:07:00,6,"Mumbai, IN",0,0,0
TXN-10634,ACC-50136,ACC-50068,CUST-1136,54287.98,TRANSFER,2026-08-03 03:12:00,19,"Mumbai, IN",0,0,0
TXN-11966,ACC-50002,ACC-50033,CUST-1002,4037.77,CASH_DEPOSIT,2026-08-09 14:59:00,6,"Mumbai, IN",0,0,0
TXN-10579,ACC-50122,ACC-50059,CUST-1122,4340.4,TRANSFER,2026-08-10 16:18:00,8,"Mumbai, IN",0,0,0
TXN-11535,ACC-50090,ACC-50020,CUST-1090,4736.17,CASH_DEPOSIT,2026-08-02 21:46:00,13,"Mumbai, IN",0,0,0
TXN-10892,ACC-50072,ACC-50043,CUST-1072,7450.15,TRANSFER,2026-08-02 14:46:00,6,"Bangalore, IN",1,0,0
TXN-10780,ACC-50074,ACC-50006,CUST-1074,8112.89,TRANSFER,2026-08-02 23:31:00,15,"Mumbai, IN",0,0,0
TXN-10159,ACC-50124,ACC-50113,CUST-1124,114757.58,TRANSFER,2026-08-05 03:17:00,19,"Mumbai, IN",1,0,0
TXN-11652,ACC-50021,ACC-50054,CUST-1021,4960.39,CASH_DEPOSIT,2026-08-06 06:23:00,22,"Mumbai, IN",1,0,0
TXN-11151,ACC-50059,ACC-50005,CUST-1059,40914.28,TRANSFER,2026-08-04 17:19:00,9,"Mumbai, IN",0,0,0
TXN-10061,ACC-50069,ACC-50112,CUST-1069,6274.4,CASH_DEPOSIT,2026-08-08 05:01:00,21,"Mumbai, IN",1,0,0
TXN-10849,ACC-50027,ACC-50043,CUST-1027,10742.67,CASH_DEPOSIT,2026-08-03 22:07:00,14,"Mumbai, IN",0,0,0
TXN-11544,ACC-50075,ACC-50024,CUST-1075,40823.46,CASH_DEPOSIT,2026-08-05 21:07:00,13,"Delhi, IN",0,0,0
TXN-12410,ACC-50131,ACC-50117,CUST-1131,123439.56,WIRE,2026-08-05 12:11:00,4,"Dubai, AE",1,1,1
TXN-11043,ACC-50006,ACC-50136,CUST-1006,26062.88,TRANSFER,2026-08-06 00:24:00,16,"Mumbai, IN",0,0,0
TXN-12203,ACC-50015,ACC-50130,CUST-1015,9225.7,CASH_DEPOSIT,2026-08-05 16:28:00,8,"Delhi, IN",1,0,1
TXN-12166,ACC-50015,ACC-50091,CUST-1015,9365.92,WIRE,2026-08-10 06:07:00,22,"Delhi, IN",1,0,1
TXN-10053,ACC-50031,ACC-50117,CUST-1031,10359.34,TRANSFER,2026-08-08 18:51:00,10,"Mumbai, IN",0,0,0
TXN-11546,ACC-50032,ACC-50124,CUST-1032,4356.05,TRANSFER,2026-08-08 05:38:00,21,"Mumbai, IN",0,0,0
TXN-10505,ACC-50114,ACC-50080,CUST-1114,64740.36,TRANSFER,2026-08-11 17:31:00,9,"Mumbai, IN",1,0,0
TXN-10752,ACC-50119,ACC-50146,CUST-1119,11987.03,TRANSFER,2026-08-08 18:05:00,10,"Mumbai, IN",1,0,0
TXN-11379,ACC-50108,ACC-50069,CUST-1108,2655.21,TRANSFER,2026-08-03 00:39:00,16,"Mumbai, IN",0,0,0
TXN-11421,ACC-50124,ACC-50064,CUST-1124,89405.01,CASH_DEPOSIT,2026-08-02 01:29:00,17,"Mumbai, IN",0,0,0
TXN-11391,ACC-50086,ACC-50004,CUST-1086,9594.68,CASH_DEPOSIT,2026-08-02 16:30:00,8,"Mumbai, IN",0,0,0
TXN-12374,ACC-50047,ACC-50091,CUST-1047,105320.68,WIRE,2026-08-05 12:38:00,4,"George Town, KY",1,1,1
TXN-12283,ACC-50057,ACC-50130,CUST-1057,166941.49,WIRE,2026-08-07 06:25:00,22,"London, UK",1,0,1
TXN-10771,ACC-50046,ACC-50117,CUST-1046,20147.97,CASH_DEPOSIT,2026-08-10 06:27:00,22,"Mumbai, IN",0,0,0
TXN-12338,ACC-50047,ACC-50038,CUST-1047,143786.98,WIRE,2026-08-03 09:13:00,1,"Panama City, PA",1,1,1
TXN-12234,ACC-50134,ACC-50016,CUST-1134,9948.68,WIRE,2026-08-07 12:53:00,4,"Mumbai, IN",1,0,1
TXN-11193,ACC-50121,ACC-50031,CUST-1121,20504.65,TRANSFER,2026-08-09 18:59:00,10,"Mumbai, IN",0,0,0
TXN-11189,ACC-50036,ACC-50134,CUST-1036,6608.76,CASH_DEPOSIT,2026-08-04 06:02:00,22,"Mumbai, IN",0,0,0
TXN-11898,ACC-50087,ACC-50096,CUST-1087,13578.51,CASH_DEPOSIT,2026-08-10 18:23:00,10,"Mumbai, IN",1,0,0
TXN-11818,ACC-50109,ACC-50103,CUST-1109,14970.35,CASH_DEPOSIT,2026-08-03 03:24:00,19,"Mumbai, IN",0,0,0
TXN-11865,ACC-50038,ACC-50028,CUST-1038,16961.07,CASH_DEPOSIT,2026-08-06 20:40:00,12,"Mumbai, IN",0,0,0
TXN-11190,ACC-50140,ACC-50119,CUST-1140,44525.71,TRANSFER,2026-08-08 19:57:00,11,"Mumbai, IN",0,0,0
TXN-10963,ACC-50110,ACC-50072,CUST-1110,13585.71,TRANSFER,2026-08-05 22:39:00,14,"Mumbai, IN",0,0,0
TXN-11666,ACC-50062,ACC-50114,CUST-1062,5841.38,CASH_DEPOSIT,2026-08-03 21:50:00,13,"Mumbai, IN",0,0,0
TXN-10398,ACC-50111,ACC-50033,CUST-1111,2461.3,CASH_DEPOSIT,2026-08-05 21:18:00,13,"Delhi, IN",0,0,0
TXN-10584,ACC-50078,ACC-50148,CUST-1078,12961.38,TRANSFER,2026-08-08 01:49:00,17,"Mumbai, IN",0,0,0
TXN-10948,ACC-50072,ACC-50050,CUST-1072,5269.84,TRANSFER,2026-08-06 16:26:00,8,"Mumbai, IN",1,0,0
TXN-10704,ACC-50052,ACC-50016,CUST-1052,34681.51,TRANSFER,2026-08-08 19:59:00,11,"Mumbai, IN",0,0,0
TXN-10431,ACC-50066,ACC-50026,CUST-1066,4184.86,CASH_DEPOSIT,2026-08-03 16:21:00,8,"Mumbai, IN",0,0,0
TXN-10292,ACC-50101,ACC-50061,CUST-1101,3855.11,CASH_DEPOSIT,2026-08-06 00:49:00,16,"Mumbai, IN",0,0,0
TXN-11851,ACC-50078,ACC-50054,CUST-1078,3733.75,TRANSFER,2026-08-09 02:09:00,18,"Mumbai, IN",1,0,0
TXN-11444,ACC-50052,ACC-50133,CUST-1052,68257.38,TRANSFER,2026-08-08 18:35:00,10,"Mumbai, IN",0,0,0
TXN-11601,ACC-50044,ACC-50000,CUST-1044,54306.86,CASH_DEPOSIT,2026-08-09 23:17:00,15,"Mumbai, IN",1,0,0
TXN-10002,ACC-50108,ACC-50016,CUST-1108,8215.92,CASH_DEPOSIT,2026-08-11 02:24:00,18,"Mumbai, IN",0,0,0
TXN-10576,ACC-50023,ACC-50124,CUST-1023,6883.63,TRANSFER,2026-08-10 18:57:00,10,"Bangalore, IN",1,0,0
TXN-11790,ACC-50106,ACC-50143,CUST-1106,16898.37,TRANSFER,2026-08-03 20:26:00,12,"Mumbai, IN",1,0,0
TXN-10339,ACC-50115,ACC-50109,CUST-1115,37573.28,TRANSFER,2026-08-05 02:00:00,18,"Mumbai, IN",0,0,0
TXN-11105,ACC-50058,ACC-50010,CUST-1058,22731.48,CASH_DEPOSIT,2026-08-11 04:32:00,20,"Mumbai, IN",1,0,0
TXN-10925,ACC-50068,ACC-50137,CUST-1068,20108.77,TRANSFER,2026-08-11 03:59:00,19,"Mumbai, IN",0,0,0
TXN-10265,ACC-50084,ACC-50077,CUST-1084,4714.49,CASH_DEPOSIT,2026-08-11 14:16:00,6,"Mumbai, IN",0,0,0
TXN-10376,ACC-50145,ACC-50107,CUST-1145,2331.92,TRANSFER,2026-08-12 01:34:00,17,"Mumbai, IN",0,0,0
TXN-10271,ACC-50133,ACC-50113,CUST-1133,14026.69,TRANSFER,2026-08-04 17:43:00,9,"Mumbai, IN",0,0,0
TXN-10696,ACC-50052,ACC-50035,CUST-1052,73482.86,CASH_DEPOSIT,2026-08-03 20:55:00,12,"Mumbai, IN",0,0,0
TXN-11618,ACC-50145,ACC-50035,CUST-1145,4030.66,TRANSFER,2026-08-06 18:42:00,10,"Delhi, IN",0,0,0
TXN-10244,ACC-50013,ACC-50123,CUST-1013,5864.84,TRANSFER,2026-08-11 19:33:00,11,"Mumbai, IN",1,0,0
TXN-11651,ACC-50065,ACC-50104,CUST-1065,9867.13,TRANSFER,2026-08-10 15:42:00,7,"Mumbai, IN",0,0,0
TXN-10476,ACC-50022,ACC-50034,CUST-1022,1877.11,CASH_DEPOSIT,2026-08-08 03:40:00,19,"Mumbai, IN",1,0,0
TXN-11178,ACC-50046,ACC-50050,CUST-1046,34961.46,CASH_DEPOSIT,2026-08-07 22:57:00,14,"Mumbai, IN",0,0,0
TXN-11195,ACC-50143,ACC-50111,CUST-1143,8028.45,TRANSFER,2026-08-05 21:14:00,13,"Mumbai, IN",0,0,0
TXN-11285,ACC-50048,ACC-50146,CUST-1048,14270.92,TRANSFER,2026-08-04 05:46:00,21,"Mumbai, IN",0,0,0
TXN-11165,ACC-50048,ACC-50001,CUST-1048,8502.19,TRANSFER,2026-08-09 14:55:00,6,"Mumbai, IN",1,0,0
TXN-12252,ACC-50120,ACC-50137,CUST-1120,697454.36,WIRE,2026-08-08 12:57:00,4,"George Town, KY",1,0,1
TXN-10250,ACC-50073,ACC-50053,CUST-1073,6216.79,CASH_DEPOSIT,2026-08-09 05:20:00,21,"Mumbai, IN",0,0,0
TXN-10413,ACC-50099,ACC-50069,CUST-1099,45909.15,TRANSFER,2026-08-06 19:01:00,11,"Mumbai, IN",0,0,0
TXN-12411,ACC-50131,ACC-50107,CUST-1131,139771.49,WIRE,2026-08-10 11:53:00,3,"George Town, KY",1,1,1
TXN-12080,ACC-50011,ACC-50073,CUST-1011,5345.11,TRANSFER,2026-08-08 00:01:00,16,"Mumbai, IN",0,0,0
TXN-10310,ACC-50019,ACC-50077,CUST-1019,13907.3,TRANSFER,2026-08-04 19:36:00,11,"Delhi, IN",0,0,0
TXN-10893,ACC-50093,ACC-50047,CUST-1093,16402.41,TRANSFER,2026-08-03 04:43:00,20,"Delhi, IN",1,0,0
TXN-12422,ACC-50131,ACC-50054,CUST-1131,109139.9,WIRE,2026-08-01 12:57:00,4,"George Town, KY",1,1,1
TXN-10015,ACC-50015,ACC-50104,CUST-1015,9648.01,TRANSFER,2026-08-03 00:51:00,16,"Mumbai, IN",1,0,0
TXN-10721,ACC-50037,ACC-50008,CUST-1037,35828.23,TRANSFER,2026-08-02 23:21:00,15,"Mumbai, IN",0,0,0
TXN-12190,ACC-50117,ACC-50049,CUST-1117,9804.25,WIRE,2026-08-06 17:37:00,9,"Mumbai, IN",1,0,1
TXN-10981,ACC-50076,ACC-50038,CUST-1076,6342.39,TRANSFER,2026-08-05 18:43:00,10,"Mumbai, IN",0,0,0
TXN-12104,ACC-50127,ACC-50078,CUST-1127,5751.0,TRANSFER,2026-08-01 23:26:00,15,"Delhi, IN",0,0,0
TXN-11973,ACC-50112,ACC-50128,CUST-1112,5708.61,TRANSFER,2026-08-08 01:50:00,17,"Mumbai, IN",0,0,0
TXN-10363,ACC-50004,ACC-50032,CUST-1004,10163.94,TRANSFER,2026-08-08 19:28:00,11,"Delhi, IN",0,0,0
TXN-11619,ACC-50088,ACC-50118,CUST-1088,18391.12,TRANSFER,2026-08-09 02:10:00,18,"Mumbai, IN",0,0,0
TXN-10182,ACC-50054,ACC-50088,CUST-1054,5498.47,TRANSFER,2026-08-05 05:12:00,21,"Mumbai, IN",0,0,0
TXN-10985,ACC-50100,ACC-50011,CUST-1100,13004.38,CASH_DEPOSIT,2026-08-05 16:26:00,8,"Mumbai, IN",1,0,0
TXN-11387,ACC-50146,ACC-50107,CUST-1146,33613.34,TRANSFER,2026-08-07 03:20:00,19,"Mumbai, IN",1,0,0
TXN-12119,ACC-50063,ACC-50011,CUST-1063,29627.54,TRANSFER,2026-08-07 16:43:00,8,"Delhi, IN",0,0,0
TXN-12075,ACC-50085,ACC-50037,CUST-1085,11340.49,TRANSFER,2026-08-03 15:56:00,7,"Mumbai, IN",1,0,0
TXN-10187,ACC-50118,ACC-50072,CUST-1118,5101.28,CASH_DEPOSIT,2026-08-10 02:32:00,18,"Mumbai, IN",0,0,0
TXN-10619,ACC-50107,ACC-50147,CUST-1107,20833.92,TRANSFER,2026-08-03 02:54:00,18,"Mumbai, IN",0,0,0
TXN-11121,ACC-50008,ACC-50126,CUST-1008,6138.73,TRANSFER,2026-08-04 14:11:00,6,"Delhi, IN",0,0,0
TXN-10614,ACC-50015,ACC-50056,CUST-1015,13041.01,TRANSFER,2026-08-11 22:30:00,14,"Mumbai, IN",0,0,0
TXN-12195,ACC-50117,ACC-50099,CUST-1117,9181.01,WIRE,2026-08-08 01:54:00,17,"Mumbai, IN",1,0,1
TXN-10994,ACC-50026,ACC-50111,CUST-1026,50657.17,TRANSFER,2026-08-09 03:54:00,19,"Mumbai, IN",0,0,0
TXN-12033,ACC-50097,ACC-50096,CUST-1097,6788.76,CASH_DEPOSIT,2026-08-01 23:23:00,15,"Mumbai, IN",0,0,0
TXN-10371,ACC-50038,ACC-50106,CUST-1038,35167.28,TRANSFER,2026-08-05 04:55:00,20,"Mumbai, IN",0,0,0
TXN-11338,ACC-50029,ACC-50072,CUST-1029,6191.4,TRANSFER,2026-08-10 04:02:00,20,"Mumbai, IN",0,0,0
TXN-10593,ACC-50088,ACC-50070,CUST-1088,17232.18,CASH_DEPOSIT,2026-08-04 21:38:00,13,"Bangalore, IN",0,0,0
TXN-10726,ACC-50109,ACC-50081,CUST-1109,14051.16,TRANSFER,2026-08-10 22:33:00,14,"Mumbai, IN",0,0,0
TXN-11842,ACC-50145,ACC-50030,CUST-1145,4073.52,TRANSFER,2026-08-11 21:48:00,13,"Mumbai, IN",0,0,0
TXN-10687,ACC-50069,ACC-50013,CUST-1069,5291.13,TRANSFER,2026-08-02 04:41:00,20,"Mumbai, IN",0,0,0
TXN-11660,ACC-50118,ACC-50044,CUST-1118,4345.42,TRANSFER,2026-08-10 17:24:00,9,"Mumbai, IN",1,0,0
TXN-10136,ACC-50048,ACC-50031,CUST-1048,12351.63,TRANSFER,2026-08-12 04:05:00,20,"Mumbai, IN",0,0,0
TXN-10628,ACC-50088,ACC-50124,CUST-1088,12730.52,CASH_DEPOSIT,2026-08-02 21:51:00,13,"Mumbai, IN",1,0,0
TXN-10334,ACC-50036,ACC-50090,CUST-1036,1942.81,TRANSFER,2026-08-08 23:21:00,15,"Mumbai, IN",0,0,0
TXN-11480,ACC-50090,ACC-50049,CUST-1090,1741.0,TRANSFER,2026-08-02 00:27:00,16,"Mumbai, IN",0,0,0
TXN-12236,ACC-50134,ACC-50136,CUST-1134,9147.59,CASH_DEPOSIT,2026-08-03 05:17:00,21,"Mumbai, IN",1,0,1
TXN-11109,ACC-50025,ACC-50031,CUST-1025,100091.38,TRANSFER,2026-08-01 16:23:00,8,"Mumbai, IN",0,0,0
TXN-11360,ACC-50095,ACC-50133,CUST-1095,5654.84,TRANSFER,2026-08-04 00:21:00,16,"Mumbai, IN",1,0,0
TXN-11786,ACC-50037,ACC-50088,CUST-1037,29765.64,CASH_DEPOSIT,2026-08-04 01:25:00,17,"Mumbai, IN",0,0,0
TXN-10710,ACC-50118,ACC-50115,CUST-1118,5975.3,TRANSFER,2026-08-09 16:46:00,8,"Mumbai, IN",0,0,0
TXN-11039,ACC-50143,ACC-50031,CUST-1143,14192.9,TRANSFER,2026-08-10 16:12:00,8,"Mumbai, IN",0,0,0
TXN-11308,ACC-50095,ACC-50013,CUST-1095,4958.73,TRANSFER,2026-08-10 17:42:00,9,"Mumbai, IN",0,0,0
TXN-11774,ACC-50148,ACC-50107,CUST-1148,25009.04,CASH_DEPOSIT,2026-08-02 02:45:00,18,"Mumbai, IN",1,0,0
TXN-12298,ACC-50108,ACC-50093,CUST-1108,131694.22,WIRE,2026-08-10 18:50:00,10,"Singapore, SG",1,0,1
TXN-11112,ACC-50148,ACC-50003,CUST-1148,32121.66,TRANSFER,2026-08-10 05:41:00,21,"Mumbai, IN",0,0,0
TXN-10465,ACC-50083,ACC-50070,CUST-1083,3123.33,CASH_DEPOSIT,2026-08-11 22:41:00,14,"Mumbai, IN",0,0,0
TXN-11359,ACC-50106,ACC-50061,CUST-1106,1483.14,TRANSFER,2026-08-07 14:57:00,6,"Mumbai, IN",0,0,0
TXN-12471,ACC-59901,ACC-59902,CUST-9000,831469.78,WIRE,2026-08-04 12:56:00,4,"George Town, KY",1,1,1
TXN-12145,ACC-50074,ACC-50071,CUST-1074,9100.08,WIRE,2026-08-07 07:22:00,23,"Mumbai, IN",1,0,1
TXN-11104,ACC-50065,ACC-50141,CUST-1065,9791.75,CASH_DEPOSIT,2026-08-02 16:08:00,8,"Mumbai, IN",0,0,0
TXN-11386,ACC-50134,ACC-50055,CUST-1134,4360.46,TRANSFER,2026-08-05 17:35:00,9,"Mumbai, IN",0,0,0
TXN-11999,ACC-50140,ACC-50100,CUST-1140,61859.38,CASH_DEPOSIT,2026-08-04 14:04:00,6,"Delhi, IN",0,0,0
TXN-11451,ACC-50126,ACC-50094,CUST-1126,54865.39,TRANSFER,2026-08-07 22:25:00,14,"Mumbai, IN",1,0,0
TXN-12091,ACC-50016,ACC-50070,CUST-1016,7511.74,CASH_DEPOSIT,2026-08-08 19:07:00,11,"Mumbai, IN",1,0,0
TXN-11859,ACC-50149,ACC-50114,CUST-1149,13081.71,CASH_DEPOSIT,2026-08-04 05:21:00,21,"Mumbai, IN",0,0,0
TXN-11170,ACC-50037,ACC-50067,CUST-1037,33892.78,CASH_DEPOSIT,2026-08-04 04:43:00,20,"Mumbai, IN",0,0,0
TXN-12098,ACC-50009,ACC-50116,CUST-1009,10941.72,CASH_DEPOSIT,2026-08-10 20:00:00,12,"Mumbai, IN",0,0,0
TXN-10816,ACC-50112,ACC-50062,CUST-1112,7214.81,TRANSFER,2026-08-02 15:08:00,7,"Mumbai, IN",0,0,0
TXN-11067,ACC-50005,ACC-50137,CUST-1005,5482.55,CASH_DEPOSIT,2026-08-09 22:43:00,14,"Mumbai, IN",1,0,0
TXN-10274,ACC-50055,ACC-50149,CUST-1055,4111.41,CASH_DEPOSIT,2026-08-07 16:02:00,8,"Mumbai, IN",0,0,0
TXN-11701,ACC-50037,ACC-50079,CUST-1037,24205.39,TRANSFER,2026-08-07 00:46:00,16,"Mumbai, IN",0,0,0
TXN-10865,ACC-50131,ACC-50100,CUST-1131,2002.7,TRANSFER,2026-08-06 20:31:00,12,"Mumbai, IN",0,0,0
TXN-10101,ACC-50132,ACC-50092,CUST-1132,39842.57,TRANSFER,2026-08-09 05:40:00,21,"Mumbai, IN",0,0,0
TXN-11613,ACC-50085,ACC-50087,CUST-1085,8300.37,CASH_DEPOSIT,2026-08-06 17:11:00,9,"Mumbai, IN",0,0,0
TXN-10107,ACC-50148,ACC-50125,CUST-1148,20772.07,CASH_DEPOSIT,2026-08-09 18:28:00,10,"Mumbai, IN",1,0,0
TXN-12488,ACC-59902,ACC-59903,CUST-9001,905573.65,WIRE,2026-08-05 12:03:00,4,"George Town, KY",1,1,1
TXN-11483,ACC-50062,ACC-50075,CUST-1062,4864.2,CASH_DEPOSIT,2026-08-07 18:38:00,10,"Mumbai, IN",0,0,0
TXN-11361,ACC-50049,ACC-50101,CUST-1049,6355.9,CASH_DEPOSIT,2026-08-10 15:51:00,7,"Mumbai, IN",1,0,0
TXN-11222,ACC-50025,ACC-50011,CUST-1025,116965.29,TRANSFER,2026-08-04 21:02:00,13,"Mumbai, IN",0,0,0
TXN-11368,ACC-50028,ACC-50118,CUST-1028,4725.66,CASH_DEPOSIT,2026-08-03 17:06:00,9,"Mumbai, IN",0,0,0
TXN-12172,ACC-50015,ACC-50106,CUST-1015,9226.88,WIRE,2026-08-04 17:32:00,9,"Delhi, IN",1,0,1
TXN-12372,ACC-50091,ACC-50076,CUST-1091,71931.76,WIRE,2026-08-02 12:11:00,4,"Dubai, AE",1,1,1
TXN-11499,ACC-50045,ACC-50114,CUST-1045,4476.02,TRANSFER,2026-08-09 04:01:00,20,"Mumbai, IN",0,0,0
TXN-10712,ACC-50116,ACC-50023,CUST-1116,18647.89,TRANSFER,2026-08-11 22:20:00,14,"Mumbai, IN",0,0,0
TXN-10072,ACC-50110,ACC-50092,CUST-1110,11924.75,CASH_DEPOSIT,2026-08-04 04:45:00,20,"Mumbai, IN",0,0,0
TXN-11800,ACC-50036,ACC-50139,CUST-1036,5714.54,TRANSFER,2026-08-02 00:55:00,16,"Mumbai, IN",0,0,0
TXN-12403,ACC-50091,ACC-50145,CUST-1091,56492.28,WIRE,2026-08-11 12:05:00,4,"Dubai, AE",1,1,1
TXN-10481,ACC-50111,ACC-50034,CUST-1111,5598.7,CASH_DEPOSIT,2026-08-09 00:57:00,16,"Mumbai, IN",0,0,0
TXN-11665,ACC-50082,ACC-50033,CUST-1082,7397.97,TRANSFER,2026-08-01 23:04:00,15,"Mumbai, IN",1,0,0
TXN-11419,ACC-50145,ACC-50074,CUST-1145,5488.69,TRANSFER,2026-08-09 21:33:00,13,"Mumbai, IN",0,0,0
TXN-11171,ACC-50003,ACC-50030,CUST-1003,6078.43,CASH_DEPOSIT,2026-08-07 16:41:00,8,"Mumbai, IN",0,0,0
TXN-12022,ACC-50023,ACC-50013,CUST-1023,3121.41,CASH_DEPOSIT,2026-08-09 19:18:00,11,"Mumbai, IN",0,0,0
TXN-11441,ACC-50013,ACC-50101,CUST-1013,3616.38,TRANSFER,2026-08-11 18:25:00,10,"Mumbai, IN",1,0,0
TXN-10405,ACC-50003,ACC-50016,CUST-1003,5109.98,CASH_DEPOSIT,2026-08-04 21:08:00,13,"Mumbai, IN",0,0,0
TXN-10757,ACC-50102,ACC-50106,CUST-1102,12096.79,TRANSFER,2026-08-04 21:39:00,13,"Mumbai, IN",1,0,0
TXN-11362,ACC-50044,ACC-50104,CUST-1044,14556.01,CASH_DEPOSIT,2026-08-04 00:33:00,16,"Mumbai, IN",0,0,0
TXN-11620,ACC-50044,ACC-50078,CUST-1044,32095.45,TRANSFER,2026-08-03 23:05:00,15,"Delhi, IN",0,0,0
TXN-11611,ACC-50132,ACC-50047,CUST-1132,51392.67,TRANSFER,2026-08-09 05:08:00,21,"Mumbai, IN",1,0,0
TXN-12220,ACC-50015,ACC-50085,CUST-1015,9580.54,WIRE,2026-08-09 18:01:00,10,"Mumbai, IN",1,0,1
TXN-10743,ACC-50001,ACC-50080,CUST-1001,10828.44,TRANSFER,2026-08-10 15:43:00,7,"Mumbai, IN",0,0,0
TXN-10806,ACC-50091,ACC-50125,CUST-1091,53366.78,CASH_DEPOSIT,2026-08-11 16:56:00,8,"Mumbai, IN",0,0,0
TXN-12308,ACC-50139,ACC-50027,CUST-1139,631670.78,WIRE,2026-08-02 14:53:00,6,"Bangalore, IN",1,0,1
TXN-11317,ACC-50095,ACC-50109,CUST-1095,6840.4,TRANSFER,2026-08-02 20:17:00,12,"Mumbai, IN",0,0,0
TXN-11896,ACC-50132,ACC-50126,CUST-1132,60730.72,TRANSFER,2026-08-08 20:26:00,12,"Bangalore, IN",0,0,0
TXN-11506,ACC-50018,ACC-50110,CUST-1018,6425.46,CASH_DEPOSIT,2026-08-01 23:09:00,15,"Mumbai, IN",0,0,0
TXN-10148,ACC-50102,ACC-50107,CUST-1102,8977.0,CASH_DEPOSIT,2026-08-07 17:20:00,9,"Mumbai, IN",0,0,0
TXN-12111,ACC-50040,ACC-50144,CUST-1040,42109.48,TRANSFER,2026-08-06 21:05:00,13,"Mumbai, IN",0,0,0
TXN-11436,ACC-50064,ACC-50034,CUST-1064,6260.93,CASH_DEPOSIT,2026-08-05 03:35:00,19,"Mumbai, IN",0,0,0
TXN-10692,ACC-50060,ACC-50129,CUST-1060,33962.85,TRANSFER,2026-08-01 22:51:00,14,"Mumbai, IN",1,0,0
TXN-10818,ACC-50106,ACC-50122,CUST-1106,9747.97,TRANSFER,2026-08-03 18:13:00,10,"Mumbai, IN",1,0,0
TXN-11756,ACC-50144,ACC-50135,CUST-1144,4037.78,CASH_DEPOSIT,2026-08-10 06:03:00,22,"Mumbai, IN",0,0,0
TXN-11653,ACC-50119,ACC-50007,CUST-1119,13008.58,TRANSFER,2026-08-10 18:39:00,10,"Mumbai, IN",1,0,0
TXN-11714,ACC-50065,ACC-50005,CUST-1065,13357.56,CASH_DEPOSIT,2026-08-11 18:07:00,10,"Mumbai, IN",1,0,0
TXN-10701,ACC-50020,ACC-50123,CUST-1020,1701.79,CASH_DEPOSIT,2026-08-10 18:32:00,10,"Mumbai, IN",0,0,0
TXN-12211,ACC-50134,ACC-50124,CUST-1134,9460.8,WIRE,2026-08-04 02:41:00,18,"Delhi, IN",1,0,1
TXN-10921,ACC-50148,ACC-50024,CUST-1148,15076.83,TRANSFER,2026-08-03 00:17:00,16,"Delhi, IN",1,0,0
TXN-10905,ACC-50097,ACC-50083,CUST-1097,3158.59,TRANSFER,2026-08-10 18:19:00,10,"Mumbai, IN",0,0,0
TXN-10454,ACC-50014,ACC-50132,CUST-1014,11134.83,TRANSFER,2026-08-05 19:04:00,11,"Mumbai, IN",0,0,0
TXN-12393,ACC-50091,ACC-50035,CUST-1091,48551.44,WIRE,2026-08-09 12:03:00,4,"George Town, KY",1,1,1
TXN-11793,ACC-50137,ACC-50149,CUST-1137,12661.86,TRANSFER,2026-08-09 18:06:00,10,"Mumbai, IN",0,0,0
TXN-11228,ACC-50016,ACC-50085,CUST-1016,4792.32,CASH_DEPOSIT,2026-08-06 16:23:00,8,"Mumbai, IN",0,0,0
TXN-10167,ACC-50134,ACC-50020,CUST-1134,6856.72,TRANSFER,2026-08-06 02:55:00,18,"Mumbai, IN",0,0,0
TXN-10730,ACC-50002,ACC-50052,CUST-1002,5294.78,CASH_DEPOSIT,2026-08-02 23:16:00,15,"Mumbai, IN",0,0,0
TXN-11578,ACC-50084,ACC-50024,CUST-1084,4275.41,TRANSFER,2026-08-08 15:39:00,7,"Mumbai, IN",0,0,0
TXN-10026,ACC-50018,ACC-50002,CUST-1018,5665.73,TRANSFER,2026-08-11 04:39:00,20,"Mumbai, IN",0,0,0
TXN-11344,ACC-50111,ACC-50090,CUST-1111,2577.3,TRANSFER,2026-08-02 02:52:00,18,"Mumbai, IN",0,0,0
TXN-11523,ACC-50074,ACC-50123,CUST-1074,7060.49,TRANSFER,2026-08-03 18:46:00,10,"Mumbai, IN",0,0,0
TXN-10997,ACC-50068,ACC-50107,CUST-1068,19957.88,TRANSFER,2026-08-09 05:07:00,21,"Delhi, IN",1,0,0
TXN-11176,ACC-50110,ACC-50043,CUST-1110,10838.35,TRANSFER,2026-08-03 19:23:00,11,"Mumbai, IN",1,0,0
TXN-11040,ACC-50145,ACC-50133,CUST-1145,3361.53,TRANSFER,2026-08-08 20:48:00,12,"Mumbai, IN",0,0,0
TXN-11621,ACC-50062,ACC-50039,CUST-1062,6378.73,TRANSFER,2026-08-09 01:00:00,17,"Mumbai, IN",1,0,0
TXN-11255,ACC-50060,ACC-50013,CUST-1060,11793.93,TRANSFER,2026-08-11 00:27:00,16,"Mumbai, IN",1,0,0
TXN-11887,ACC-50094,ACC-50128,CUST-1094,11312.3,CASH_DEPOSIT,2026-08-08 23:48:00,15,"Mumbai, IN",0,0,0
TXN-10041,ACC-50088,ACC-50080,CUST-1088,12036.84,TRANSFER,2026-08-10 03:38:00,19,"Mumbai, IN",0,0,0
TXN-11244,ACC-50145,ACC-50100,CUST-1145,4818.58,TRANSFER,2026-08-05 20:59:00,12,"Mumbai, IN",0,0,0
TXN-11626,ACC-50101,ACC-50019,CUST-1101,5433.04,TRANSFER,2026-08-08 21:08:00,13,"Mumbai, IN",0,0,0
TXN-12194,ACC-50015,ACC-50010,CUST-1015,9850.03,WIRE,2026-08-02 10:46:00,2,"Delhi, IN",1,0,1
TXN-11375,ACC-50035,ACC-50057,CUST-1035,37185.09,CASH_DEPOSIT,2026-08-03 16:46:00,8,"Mumbai, IN",0,0,0
TXN-11922,ACC-50082,ACC-50100,CUST-1082,3109.75,CASH_DEPOSIT,2026-08-10 02:01:00,18,"Mumbai, IN",1,0,0
TXN-10609,ACC-50047,ACC-50128,CUST-1047,30061.15,TRANSFER,2026-08-08 03:13:00,19,"Mumbai, IN",0,0,0
TXN-11132,ACC-50094,ACC-50019,CUST-1094,16307.66,CASH_DEPOSIT,2026-08-06 17:32:00,9,"Mumbai, IN",0,0,0
TXN-12002,ACC-50092,ACC-50013,CUST-1092,3183.24,CASH_DEPOSIT,2026-08-02 15:54:00,7,"Mumbai, IN",0,0,0
TXN-10441,ACC-50141,ACC-50015,CUST-1141,4442.84,CASH_DEPOSIT,2026-08-10 02:52:00,18,"Bangalore, IN",1,0,0
TXN-11352,ACC-50029,ACC-50046,CUST-1029,5643.22,TRANSFER,2026-08-07 04:27:00,20,"Mumbai, IN",0,0,0
TXN-11942,ACC-50147,ACC-50011,CUST-1147,3747.29,TRANSFER,2026-08-05 16:49:00,8,"Mumbai, IN",1,0,0
TXN-10493,ACC-50080,ACC-50110,CUST-1080,4724.02,TRANSFER,2026-08-01 17:06:00,9,"Bangalore, IN",0,0,0
TXN-11975,ACC-50017,ACC-50016,CUST-1017,110668.4,CASH_DEPOSIT,2026-08-11 16:16:00,8,"Mumbai, IN",0,0,0
TXN-10236,ACC-50093,ACC-50104,CUST-1093,21021.24,TRANSFER,2026-08-08 01:02:00,17,"Mumbai, IN",0,0,0
TXN-10551,ACC-50049,ACC-50082,CUST-1049,5915.88,TRANSFER,2026-08-07 05:28:00,21,"Mumbai, IN",0,0,0
TXN-10520,ACC-50143,ACC-50122,CUST-1143,8486.86,CASH_DEPOSIT,2026-08-10 03:43:00,19,"Delhi, IN",0,0,0
TXN-12296,ACC-50083,ACC-50130,CUST-1083,97396.14,WIRE,2026-08-08 22:34:00,14,"Singapore, SG",1,0,1
TXN-11232,ACC-50046,ACC-50089,CUST-1046,20646.07,TRANSFER,2026-08-11 02:30:00,18,"Mumbai, IN",0,0,0
TXN-11138,ACC-50002,ACC-50070,CUST-1002,4740.58,TRANSFER,2026-08-06 18:28:00,10,"Mumbai, IN",0,0,0
TXN-10720,ACC-50142,ACC-50053,CUST-1142,7494.46,TRANSFER,2026-08-03 15:11:00,7,"Mumbai, IN",0,0,0
TXN-11907,ACC-50048,ACC-50030,CUST-1048,6716.91,TRANSFER,2026-08-01 23:46:00,15,"Bangalore, IN",0,0,0
TXN-12208,ACC-50074,ACC-50022,CUST-1074,9795.45,WIRE,2026-08-03 09:24:00,1,"Mumbai, IN",1,0,1
TXN-10058,ACC-50016,ACC-50107,CUST-1016,4687.82,CASH_DEPOSIT,2026-08-10 03:21:00,19,"Mumbai, IN",0,0,0
TXN-10631,ACC-50074,ACC-50059,CUST-1074,7693.82,TRANSFER,2026-08-06 14:35:00,6,"Mumbai, IN",1,0,0
TXN-11181,ACC-50001,ACC-50011,CUST-1001,41237.52,TRANSFER,2026-08-09 17:13:00,9,"Mumbai, IN",0,0,0
TXN-11644,ACC-50012,ACC-50096,CUST-1012,9976.2,CASH_DEPOSIT,2026-08-08 05:13:00,21,"Mumbai, IN",0,0,0
TXN-10592,ACC-50051,ACC-50133,CUST-1051,4331.75,TRANSFER,2026-08-02 14:47:00,6,"Mumbai, IN",0,0,0
TXN-12176,ACC-50015,ACC-50017,CUST-1015,9151.61,WIRE,2026-08-02 10:59:00,2,"Delhi, IN",1,0,1
TXN-10939,ACC-50013,ACC-50062,CUST-1013,5421.79,CASH_DEPOSIT,2026-08-07 22:35:00,14,"Mumbai, IN",0,0,0
TXN-12325,ACC-50063,ACC-50120,CUST-1063,641885.53,WIRE,2026-08-02 23:46:00,15,"Dubai, AE",1,0,1
TXN-11249,ACC-50095,ACC-50076,CUST-1095,4440.75,TRANSFER,2026-08-04 01:27:00,17,"Mumbai, IN",1,0,0
TXN-10904,ACC-50007,ACC-50026,CUST-1007,6784.21,CASH_DEPOSIT,2026-08-02 15:53:00,7,"Mumbai, IN",0,0,0
TXN-11946,ACC-50095,ACC-50096,CUST-1095,8035.41,CASH_DEPOSIT,2026-08-11 18:20:00,10,"Mumbai, IN",1,0,0
TXN-12398,ACC-50131,ACC-50018,CUST-1131,176018.61,WIRE,2026-08-05 12:57:00,4,"George Town, KY",1,1,1
TXN-12013,ACC-50096,ACC-50043,CUST-1096,51565.34,CASH_DEPOSIT,2026-08-05 02:13:00,18,"Mumbai, IN",0,0,0
TXN-11422,ACC-50132,ACC-50123,CUST-1132,55077.26,TRANSFER,2026-08-11 17:17:00,9,"Mumbai, IN",0,0,0
TXN-11995,ACC-50075,ACC-50048,CUST-1075,40993.65,TRANSFER,2026-08-10 01:45:00,17,"Mumbai, IN",1,0,0
TXN-11911,ACC-50027,ACC-50071,CUST-1027,12878.23,TRANSFER,2026-08-05 04:17:00,20,"Mumbai, IN",0,0,0
TXN-10706,ACC-50080,ACC-50101,CUST-1080,5365.7,TRANSFER,2026-08-02 06:41:00,22,"Mumbai, IN",1,0,0
TXN-11022,ACC-50031,ACC-50012,CUST-1031,34207.52,TRANSFER,2026-08-05 17:28:00,9,"Mumbai, IN",1,0,0
TXN-10745,ACC-50082,ACC-50051,CUST-1082,1364.18,TRANSFER,2026-08-05 20:18:00,12,"Mumbai, IN",1,0,0
TXN-11829,ACC-50101,ACC-50010,CUST-1101,4793.94,TRANSFER,2026-08-12 04:08:00,20,"Mumbai, IN",0,0,0
TXN-11712,ACC-50017,ACC-50081,CUST-1017,118647.16,TRANSFER,2026-08-09 01:57:00,17,"Mumbai, IN",0,0,0
TXN-10513,ACC-50031,ACC-50116,CUST-1031,19556.92,TRANSFER,2026-08-11 04:42:00,20,"Mumbai, IN",1,0,0
TXN-10081,ACC-50080,ACC-50030,CUST-1080,6220.26,TRANSFER,2026-08-04 19:12:00,11,"Mumbai, IN",0,0,0
TXN-12215,ACC-50040,ACC-50095,CUST-1040,9483.8,WIRE,2026-08-11 07:01:00,23,"Delhi, IN",1,0,1
TXN-10914,ACC-50062,ACC-50064,CUST-1062,3355.59,TRANSFER,2026-08-05 21:41:00,13,"Mumbai, IN",0,0,0
TXN-12301,ACC-50078,ACC-50096,CUST-1078,282059.65,WIRE,2026-08-05 02:41:00,18,"Delhi, IN",1,0,1
TXN-11817,ACC-50139,ACC-50051,CUST-1139,26163.93,CASH_DEPOSIT,2026-08-03 23:20:00,15,"Mumbai, IN",0,0,0
TXN-10150,ACC-50033,ACC-50143,CUST-1033,1814.16,TRANSFER,2026-08-09 15:37:00,7,"Mumbai, IN",0,0,0
TXN-10774,ACC-50028,ACC-50149,CUST-1028,6342.79,TRANSFER,2026-08-03 05:44:00,21,"Mumbai, IN",0,0,0
TXN-10329,ACC-50139,ACC-50009,CUST-1139,40565.51,TRANSFER,2026-08-10 01:44:00,17,"Mumbai, IN",0,0,0
TXN-10006,ACC-50082,ACC-50126,CUST-1082,4007.32,CASH_DEPOSIT,2026-08-06 14:07:00,6,"Mumbai, IN",0,0,0
TXN-10943,ACC-50105,ACC-50085,CUST-1105,10989.57,TRANSFER,2026-08-03 03:56:00,19,"Mumbai, IN",0,0,0
TXN-11594,ACC-50120,ACC-50116,CUST-1120,33644.01,TRANSFER,2026-08-09 05:11:00,21,"Bangalore, IN",0,0,0
TXN-10734,ACC-50118,ACC-50105,CUST-1118,3985.41,CASH_DEPOSIT,2026-08-09 15:53:00,7,"Mumbai, IN",0,0,0
TXN-10909,ACC-50042,ACC-50126,CUST-1042,7063.56,TRANSFER,2026-08-06 03:08:00,19,"Mumbai, IN",0,0,0
TXN-10468,ACC-50087,ACC-50056,CUST-1087,10118.2,CASH_DEPOSIT,2026-08-12 05:58:00,21,"Mumbai, IN",0,0,0
TXN-10181,ACC-50134,ACC-50023,CUST-1134,6916.52,TRANSFER,2026-08-07 03:32:00,19,"Mumbai, IN",0,0,0
TXN-10164,ACC-50117,ACC-50019,CUST-1117,2430.3,TRANSFER,2026-08-08 00:36:00,16,"Mumbai, IN",1,0,0
TXN-10451,ACC-50095,ACC-50005,CUST-1095,5734.06,CASH_DEPOSIT,2026-08-06 00:52:00,16,"Mumbai, IN",1,0,0
TXN-10490,ACC-50084,ACC-50060,CUST-1084,2977.72,TRANSFER,2026-08-11 14:00:00,6,"Bangalore, IN",1,0,0
TXN-11916,ACC-50127,ACC-50016,CUST-1127,4845.12,TRANSFER,2026-08-03 16:08:00,8,"Mumbai, IN",0,0,0
TXN-11143,ACC-50024,ACC-50043,CUST-1024,11246.43,TRANSFER,2026-08-07 19:02:00,11,"Mumbai, IN",0,0,0
TXN-11697,ACC-50049,ACC-50027,CUST-1049,7937.52,TRANSFER,2026-08-05 21:13:00,13,"Mumbai, IN",1,0,0
TXN-11111,ACC-50139,ACC-50066,CUST-1139,33929.85,CASH_DEPOSIT,2026-08-05 14:49:00,6,"Delhi, IN",1,0,0
TXN-12380,ACC-50047,ACC-50006,CUST-1047,146937.97,WIRE,2026-08-08 09:03:00,1,"Dubai, AE",1,1,1
TXN-11475,ACC-50088,ACC-50018,CUST-1088,18839.57,TRANSFER,2026-08-11 03:38:00,19,"Delhi, IN",0,0,0
TXN-11487,ACC-50071,ACC-50020,CUST-1071,10432.25,TRANSFER,2026-08-03 20:58:00,12,"Mumbai, IN",0,0,0
TXN-11713,ACC-50119,ACC-50058,CUST-1119,10669.4,TRANSFER,2026-08-07 04:23:00,20,"Mumbai, IN",0,0,0
TXN-11820,ACC-50014,ACC-50136,CUST-1014,9630.78,CASH_DEPOSIT,2026-08-02 15:12:00,7,"Bangalore, IN",0,0,0
TXN-12079,ACC-50111,ACC-50010,CUST-1111,7692.82,TRANSFER,2026-08-11 04:46:00,20,"Mumbai, IN",1,0,0
TXN-11849,ACC-50086,ACC-50083,CUST-1086,14164.34,TRANSFER,2026-08-10 02:08:00,18,"Mumbai, IN",0,0,0
TXN-11732,ACC-50102,ACC-50025,CUST-1102,14000.18,TRANSFER,2026-08-06 01:23:00,17,"Mumbai, IN",0,0,0
TXN-11792,ACC-50138,ACC-50091,CUST-1138,2353.66,CASH_DEPOSIT,2026-08-03 16:44:00,8,"Bangalore, IN",0,0,0
TXN-10327,ACC-50017,ACC-50105,CUST-1017,87370.47,CASH_DEPOSIT,2026-08-12 05:08:00,21,"Mumbai, IN",0,0,0
TXN-10442,ACC-50146,ACC-50060,CUST-1146,14443.66,CASH_DEPOSIT,2026-08-03 05:19:00,21,"Bangalore, IN",0,0,0
TXN-11592,ACC-50094,ACC-50064,CUST-1094,12607.16,TRANSFER,2026-08-02 06:58:00,22,"Mumbai, IN",0,0,0
TXN-11381,ACC-50130,ACC-50064,CUST-1130,11719.79,TRANSFER,2026-08-11 03:18:00,19,"Bangalore, IN",0,0,0
TXN-10832,ACC-50075,ACC-50040,CUST-1075,44563.39,TRANSFER,2026-08-09 19:36:00,11,"Mumbai, IN",1,0,0
TXN-12467,ACC-59901,ACC-59902,CUST-9000,880135.7,WIRE,2026-08-04 09:40:00,1,"George Town, KY",1,1,1
TXN-11891,ACC-50102,ACC-50093,CUST-1102,11053.59,TRANSFER,2026-08-11 14:27:00,6,"Mumbai, IN",0,0,0
TXN-11310,ACC-50038,ACC-50047,CUST-1038,37459.44,TRANSFER,2026-08-04 05:47:00,21,"Mumbai, IN",0,0,0
TXN-10086,ACC-50038,ACC-50039,CUST-1038,27431.25,TRANSFER,2026-08-04 23:05:00,15,"Mumbai, IN",1,0,0
TXN-12440,ACC-59902,ACC-59903,CUST-9001,928122.41,WIRE,2026-08-03 12:59:00,4,"George Town, KY",1,1,1
TXN-10777,ACC-50120,ACC-50116,CUST-1120,41971.47,TRANSFER,2026-08-09 06:57:00,22,"Mumbai, IN",1,0,0
TXN-12426,ACC-59904,ACC-59901,CUST-9003,1157893.09,WIRE,2026-08-03 11:31:00,3,"George Town, KY",1,1,1
TXN-10054,ACC-50113,ACC-50130,CUST-1113,95446.45,CASH_DEPOSIT,2026-08-10 03:53:00,19,"Bangalore, IN",1,0,0
TXN-11875,ACC-50022,ACC-50019,CUST-1022,5957.59,TRANSFER,2026-08-01 14:46:00,6,"Bangalore, IN",0,0,0
TXN-11287,ACC-50109,ACC-50062,CUST-1109,18674.73,CASH_DEPOSIT,2026-08-12 04:58:00,20,"Mumbai, IN",0,0,0
TXN-11731,ACC-50122,ACC-50065,CUST-1122,5967.82,TRANSFER,2026-08-09 06:07:00,22,"Mumbai, IN",1,0,0
TXN-11801,ACC-50030,ACC-50018,CUST-1030,5758.21,TRANSFER,2026-08-07 16:33:00,8,"Mumbai, IN",0,0,0
TXN-11245,ACC-50118,ACC-50125,CUST-1118,5629.3,TRANSFER,2026-08-01 15:22:00,7,"Mumbai, IN",0,0,0
TXN-10113,ACC-50136,ACC-50097,CUST-1136,53480.75,TRANSFER,2026-08-09 00:40:00,16,"Mumbai, IN",0,0,0
TXN-12341,ACC-50131,ACC-50010,CUST-1131,61329.17,WIRE,2026-08-03 09:28:00,1,"Dubai, AE",1,1,1
TXN-10987,ACC-50027,ACC-50112,CUST-1027,19722.54,TRANSFER,2026-08-07 14:00:00,6,"Mumbai, IN",1,0,0
TXN-12261,ACC-50100,ACC-50093,CUST-1100,147203.74,WIRE,2026-08-08 18:34:00,10,"Delhi, IN",1,0,1
TXN-12073,ACC-50082,ACC-50116,CUST-1082,9664.88,TRANSFER,2026-08-06 18:52:00,10,"Delhi, IN",0,0,0
TXN-11009,ACC-50039,ACC-50094,CUST-1039,4694.63,TRANSFER,2026-08-04 00:52:00,16,"Delhi, IN",1,0,0
TXN-11198,ACC-50108,ACC-50081,CUST-1108,5461.11,TRANSFER,2026-08-12 01:51:00,17,"Mumbai, IN",0,0,0
TXN-10589,ACC-50112,ACC-50002,CUST-1112,7114.02,TRANSFER,2026-08-11 20:54:00,12,"Mumbai, IN",0,0,0
TXN-10768,ACC-50035,ACC-50049,CUST-1035,35495.17,CASH_DEPOSIT,2026-08-07 02:53:00,18,"Mumbai, IN",0,0,0
TXN-10017,ACC-50140,ACC-50025,CUST-1140,56074.73,TRANSFER,2026-08-09 15:41:00,7,"Mumbai, IN",0,0,0
TXN-11042,ACC-50102,ACC-50011,CUST-1102,16367.15,CASH_DEPOSIT,2026-08-02 05:55:00,21,"Mumbai, IN",1,0,0
TXN-12040,ACC-50037,ACC-50144,CUST-1037,19932.19,TRANSFER,2026-08-01 22:03:00,14,"Mumbai, IN",0,0,0
TXN-10285,ACC-50088,ACC-50098,CUST-1088,8480.8,CASH_DEPOSIT,2026-08-08 06:20:00,22,"Mumbai, IN",1,0,0
TXN-10428,ACC-50027,ACC-50000,CUST-1027,9934.82,TRANSFER,2026-08-08 15:24:00,7,"Mumbai, IN",0,0,0
TXN-11921,ACC-50122,ACC-50010,CUST-1122,5346.05,TRANSFER,2026-08-04 15:14:00,7,"Mumbai, IN",0,0,0
TXN-11356,ACC-50074,ACC-50108,CUST-1074,3758.61,TRANSFER,2026-08-08 20:14:00,12,"Mumbai, IN",0,0,0
TXN-10669,ACC-50024,ACC-50009,CUST-1024,10583.98,TRANSFER,2026-08-04 04:22:00,20,"Mumbai, IN",0,0,0
TXN-10031,ACC-50064,ACC-50013,CUST-1064,3463.42,CASH_DEPOSIT,2026-08-07 16:40:00,8,"Mumbai, IN",0,0,0
TXN-10722,ACC-50041,ACC-50073,CUST-1041,4876.77,CASH_DEPOSIT,2026-08-10 19:29:00,11,"Mumbai, IN",0,0,0
TXN-10951,ACC-50066,ACC-50038,CUST-1066,2644.25,TRANSFER,2026-08-03 16:23:00,8,"Mumbai, IN",1,0,0
TXN-11764,ACC-50052,ACC-50114,CUST-1052,49602.18,CASH_DEPOSIT,2026-08-05 18:43:00,10,"Mumbai, IN",0,0,0
TXN-10214,ACC-50067,ACC-50066,CUST-1067,55498.97,CASH_DEPOSIT,2026-08-11 04:13:00,20,"Mumbai, IN",1,0,0
TXN-11789,ACC-50037,ACC-50003,CUST-1037,27080.33,TRANSFER,2026-08-01 23:15:00,15,"Mumbai, IN",1,0,0
TXN-11164,ACC-50143,ACC-50123,CUST-1143,7150.35,TRANSFER,2026-08-03 16:21:00,8,"Mumbai, IN",0,0,0
TXN-10326,ACC-50139,ACC-50046,CUST-1139,27958.39,TRANSFER,2026-08-08 14:46:00,6,"Mumbai, IN",0,0,0
TXN-10560,ACC-50042,ACC-50132,CUST-1042,5407.37,TRANSFER,2026-08-03 18:28:00,10,"Mumbai, IN",0,0,0
TXN-11086,ACC-50017,ACC-50088,CUST-1017,81714.63,TRANSFER,2026-08-08 20:42:00,12,"Mumbai, IN",1,0,0
TXN-11830,ACC-50029,ACC-50041,CUST-1029,5585.7,TRANSFER,2026-08-04 05:04:00,21,"Mumbai, IN",0,0,0
TXN-10341,ACC-50125,ACC-50136,CUST-1125,4671.35,TRANSFER,2026-08-08 00:38:00,16,"Mumbai, IN",0,0,0
TXN-10147,ACC-50141,ACC-50055,CUST-1141,3787.55,CASH_DEPOSIT,2026-08-05 03:28:00,19,"Mumbai, IN",1,0,0
TXN-11840,ACC-50104,ACC-50133,CUST-1104,5132.99,TRANSFER,2026-08-03 14:39:00,6,"Delhi, IN",0,0,0
TXN-11107,ACC-50045,ACC-50114,CUST-1045,5255.62,TRANSFER,2026-08-11 21:16:00,13,"Mumbai, IN",0,0,0
TXN-10848,ACC-50048,ACC-50118,CUST-1048,10744.85,TRANSFER,2026-08-07 16:05:00,8,"Mumbai, IN",0,0,0
TXN-10966,ACC-50119,ACC-50111,CUST-1119,12806.09,TRANSFER,2026-08-08 17:57:00,9,"Mumbai, IN",1,0,0
TXN-11072,ACC-50084,ACC-50079,CUST-1084,5804.76,TRANSFER,2026-08-11 16:40:00,8,"Mumbai, IN",1,0,0
TXN-10155,ACC-50069,ACC-50080,CUST-1069,7814.26,TRANSFER,2026-08-02 00:22:00,16,"Bangalore, IN",1,0,0
TXN-12141,ACC-50074,ACC-50105,CUST-1074,9202.24,WIRE,2026-08-10 17:41:00,9,"Mumbai, IN",1,0,1
TXN-12110,ACC-50027,ACC-50123,CUST-1027,13771.27,CASH_DEPOSIT,2026-08-06 15:30:00,7,"Mumbai, IN",0,0,0
TXN-11002,ACC-50051,ACC-50040,CUST-1051,3794.49,CASH_DEPOSIT,2026-08-08 05:06:00,21,"Mumbai, IN",0,0,0
TXN-11844,ACC-50125,ACC-50064,CUST-1125,5923.66,CASH_DEPOSIT,2026-08-09 01:40:00,17,"Mumbai, IN",1,0,0
TXN-12092,ACC-50130,ACC-50031,CUST-1130,11979.85,CASH_DEPOSIT,2026-08-11 05:42:00,21,"Mumbai, IN",0,0,0
TXN-11848,ACC-50107,ACC-50106,CUST-1107,25003.96,CASH_DEPOSIT,2026-08-09 04:46:00,20,"Delhi, IN",0,0,0
TXN-12209,ACC-50117,ACC-50054,CUST-1117,9184.95,CASH_DEPOSIT,2026-08-04 14:49:00,6,"Delhi, IN",1,0,1
TXN-12352,ACC-50131,ACC-50108,CUST-1131,171247.79,WIRE,2026-08-06 11:34:00,3,"George Town, KY",1,1,1
TXN-11203,ACC-50053,ACC-50058,CUST-1053,13017.29,CASH_DEPOSIT,2026-08-03 15:59:00,7,"Mumbai, IN",0,0,0
TXN-11632,ACC-50115,ACC-50129,CUST-1115,34782.55,TRANSFER,2026-08-09 01:49:00,17,"Mumbai, IN",0,0,0
TXN-12345,ACC-50091,ACC-50134,CUST-1091,58989.99,WIRE,2026-08-02 11:11:00,3,"Panama City, PA",1,1,1
TXN-11393,ACC-50100,ACC-50076,CUST-1100,15888.17,TRANSFER,2026-08-12 04:31:00,20,"Bangalore, IN",0,0,0
TXN-12351,ACC-50131,ACC-50024,CUST-1131,75896.54,WIRE,2026-08-03 12:07:00,4,"George Town, KY",1,1,1
TXN-12288,ACC-50009,ACC-50023,CUST-1009,325129.57,WIRE,2026-08-05 14:25:00,6,"Delhi, IN",1,0,1
TXN-11980,ACC-50134,ACC-50068,CUST-1134,6323.5,TRANSFER,2026-08-06 06:00:00,22,"Mumbai, IN",0,0,0
TXN-12242,ACC-50012,ACC-50042,CUST-1012,266131.02,WIRE,2026-08-06 03:04:00,19,"Mumbai, IN",1,1,1
TXN-10938,ACC-50071,ACC-50037,CUST-1071,14732.14,CASH_DEPOSIT,2026-08-07 01:30:00,17,"Mumbai, IN",0,0,0
TXN-12244,ACC-50022,ACC-50034,CUST-1022,145877.39,WIRE,2026-08-03 18:22:00,10,"Dubai, AE",1,0,1
TXN-10346,ACC-50080,ACC-50116,CUST-1080,2782.12,TRANSFER,2026-08-06 15:55:00,7,"Mumbai, IN",0,0,0
TXN-12084,ACC-50061,ACC-50102,CUST-1061,6258.41,TRANSFER,2026-08-01 14:27:00,6,"Delhi, IN",1,0,0
TXN-12474,ACC-59904,ACC-59901,CUST-9003,925564.58,WIRE,2026-08-01 09:11:00,1,"George Town, KY",1,1,1
TXN-11418,ACC-50149,ACC-50000,CUST-1149,14086.68,CASH_DEPOSIT,2026-08-05 05:55:00,21,"Mumbai, IN",0,0,0
TXN-10385,ACC-50147,ACC-50019,CUST-1147,6088.65,CASH_DEPOSIT,2026-08-10 05:29:00,21,"Mumbai, IN",0,0,0
TXN-11580,ACC-50149,ACC-50078,CUST-1149,17803.99,CASH_DEPOSIT,2026-08-08 01:39:00,17,"Mumbai, IN",0,0,0
TXN-12097,ACC-50058,ACC-50127,CUST-1058,31368.27,TRANSFER,2026-08-07 04:24:00,20,"Mumbai, IN",0,0,0
TXN-10243,ACC-50106,ACC-50078,CUST-1106,11103.47,CASH_DEPOSIT,2026-08-08 14:38:00,6,"Bangalore, IN",0,0,0
TXN-11622,ACC-50140,ACC-50100,CUST-1140,65008.73,TRANSFER,2026-08-08 20:58:00,12,"Mumbai, IN",1,0,0
TXN-10936,ACC-50044,ACC-50055,CUST-1044,58921.32,CASH_DEPOSIT,2026-08-07 22:28:00,14,"Mumbai, IN",1,0,0
TXN-12221,ACC-50015,ACC-50049,CUST-1015,9192.1,WIRE,2026-08-03 16:18:00,8,"Delhi, IN",1,0,1
TXN-10312,ACC-50019,ACC-50088,CUST-1019,3102.08,TRANSFER,2026-08-07 02:49:00,18,"Mumbai, IN",1,0,0
TXN-12439,ACC-59901,ACC-59902,CUST-9000,1027410.67,WIRE,2026-08-06 10:37:00,2,"George Town, KY",1,1,1
TXN-11524,ACC-50038,ACC-50001,CUST-1038,23969.14,CASH_DEPOSIT,2026-08-12 01:43:00,17,"Mumbai, IN",1,0,0
TXN-11332,ACC-50093,ACC-50132,CUST-1093,30526.33,TRANSFER,2026-08-03 00:23:00,16,"Mumbai, IN",1,0,0
TXN-10968,ACC-50072,ACC-50046,CUST-1072,5187.84,CASH_DEPOSIT,2026-08-09 19:47:00,11,"Mumbai, IN",0,0,0
TXN-10660,ACC-50018,ACC-50078,CUST-1018,6600.01,TRANSFER,2026-08-09 16:13:00,8,"Mumbai, IN",0,0,0
TXN-10935,ACC-50080,ACC-50085,CUST-1080,5845.86,CASH_DEPOSIT,2026-08-05 02:51:00,18,"Mumbai, IN",0,0,0
TXN-10370,ACC-50135,ACC-50145,CUST-1135,31522.04,TRANSFER,2026-08-11 14:39:00,6,"Mumbai, IN",0,0,0
TXN-10566,ACC-50124,ACC-50123,CUST-1124,100849.55,CASH_DEPOSIT,2026-08-03 14:32:00,6,"Mumbai, IN",0,0,0
TXN-11957,ACC-50053,ACC-50139,CUST-1053,14118.79,TRANSFER,2026-08-04 17:52:00,9,"Mumbai, IN",0,0,0
TXN-10824,ACC-50064,ACC-50086,CUST-1064,4961.67,TRANSFER,2026-08-03 04:02:00,20,"Mumbai, IN",0,0,0
TXN-10982,ACC-50145,ACC-50012,CUST-1145,4557.58,TRANSFER,2026-08-01 16:58:00,8,"Mumbai, IN",1,0,0
TXN-11979,ACC-50034,ACC-50101,CUST-1034,5906.77,TRANSFER,2026-08-01 14:23:00,6,"Mumbai, IN",0,0,0
TXN-11477,ACC-50110,ACC-50123,CUST-1110,8491.69,TRANSFER,2026-08-04 23:50:00,15,"Mumbai, IN",0,0,0
TXN-12148,ACC-50134,ACC-50015,CUST-1134,9662.41,CASH_DEPOSIT,2026-08-03 16:39:00,8,"Mumbai, IN",1,0,1
TXN-10813,ACC-50029,ACC-50128,CUST-1029,6325.49,CASH_DEPOSIT,2026-08-04 21:04:00,13,"Mumbai, IN",1,0,0
TXN-10778,ACC-50090,ACC-50075,CUST-1090,6976.09,TRANSFER,2026-08-01 23:10:00,15,"Bangalore, IN",0,0,0
TXN-11320,ACC-50144,ACC-50123,CUST-1144,3683.03,TRANSFER,2026-08-06 15:03:00,7,"Mumbai, IN",0,0,0
TXN-11521,ACC-50142,ACC-50061,CUST-1142,5409.72,CASH_DEPOSIT,2026-08-06 23:07:00,15,"Mumbai, IN",0,0,0
TXN-11052,ACC-50010,ACC-50000,CUST-1010,9170.44,CASH_DEPOSIT,2026-08-11 04:53:00,20,"Mumbai, IN",0,0,0
TXN-11813,ACC-50039,ACC-50087,CUST-1039,6681.55,TRANSFER,2026-08-12 04:59:00,20,"Delhi, IN",0,0,0
TXN-11013,ACC-50007,ACC-50114,CUST-1007,3164.09,TRANSFER,2026-08-01 18:49:00,10,"Mumbai, IN",0,0,0
TXN-11401,ACC-50019,ACC-50020,CUST-1019,15707.86,TRANSFER,2026-08-05 05:03:00,21,"Mumbai, IN",1,0,0
TXN-11709,ACC-50028,ACC-50121,CUST-1028,4412.53,CASH_DEPOSIT,2026-08-02 18:56:00,10,"Bangalore, IN",1,0,0
TXN-12071,ACC-50053,ACC-50122,CUST-1053,12900.72,CASH_DEPOSIT,2026-08-03 15:23:00,7,"Mumbai, IN",0,0,0
TXN-11753,ACC-50117,ACC-50028,CUST-1117,5769.63,TRANSFER,2026-08-05 17:35:00,9,"Delhi, IN",1,0,0
TXN-10126,ACC-50135,ACC-50128,CUST-1135,27420.39,CASH_DEPOSIT,2026-08-03 22:53:00,14,"Delhi, IN",0,0,0
TXN-10887,ACC-50019,ACC-50004,CUST-1019,15782.36,TRANSFER,2026-08-08 05:48:00,21,"Mumbai, IN",0,0,0
TXN-12029,ACC-50034,ACC-50000,CUST-1034,5606.44,CASH_DEPOSIT,2026-08-09 23:29:00,15,"Mumbai, IN",1,0,0
TXN-11347,ACC-50067,ACC-50134,CUST-1067,37846.21,TRANSFER,2026-08-03 14:28:00,6,"Mumbai, IN",0,0,0
TXN-11007,ACC-50027,ACC-50026,CUST-1027,17862.23,TRANSFER,2026-08-02 15:32:00,7,"Mumbai, IN",0,0,0
TXN-10355,ACC-50082,ACC-50074,CUST-1082,3725.23,TRANSFER,2026-08-05 23:36:00,15,"Bangalore, IN",0,0,0
TXN-11003,ACC-50142,ACC-50012,CUST-1142,17900.82,CASH_DEPOSIT,2026-08-05 14:22:00,6,"Mumbai, IN",0,0,0
TXN-10682,ACC-50037,ACC-50113,CUST-1037,24285.28,TRANSFER,2026-08-04 15:59:00,7,"Mumbai, IN",0,0,0
TXN-10827,ACC-50083,ACC-50058,CUST-1083,4444.08,TRANSFER,2026-08-07 17:15:00,9,"Mumbai, IN",0,0,0
TXN-11491,ACC-50098,ACC-50114,CUST-1098,29615.26,CASH_DEPOSIT,2026-08-04 15:14:00,7,"Mumbai, IN",1,0,0
TXN-10984,ACC-50128,ACC-50004,CUST-1128,39897.64,CASH_DEPOSIT,2026-08-11 17:47:00,9,"Mumbai, IN",0,0,0
TXN-11233,ACC-50032,ACC-50037,CUST-1032,5882.87,TRANSFER,2026-08-06 02:36:00,18,"Bangalore, IN",0,0,0
TXN-12121,ACC-50087,ACC-50052,CUST-1087,7082.56,TRANSFER,2026-08-04 04:09:00,20,"Mumbai, IN",0,0,0
TXN-10140,ACC-50033,ACC-50003,CUST-1033,7176.72,TRANSFER,2026-08-05 01:50:00,17,"Mumbai, IN",0,0,0
TXN-10217,ACC-50040,ACC-50045,CUST-1040,34111.8,TRANSFER,2026-08-05 01:32:00,17,"Mumbai, IN",0,0,0
TXN-12048,ACC-50016,ACC-50042,CUST-1016,2411.29,TRANSFER,2026-08-08 15:16:00,7,"Mumbai, IN",0,0,0
TXN-11654,ACC-50106,ACC-50005,CUST-1106,9085.43,TRANSFER,2026-08-08 23:35:00,15,"Mumbai, IN",0,0,0
TXN-12218,ACC-50074,ACC-50147,CUST-1074,9786.86,WIRE,2026-08-10 06:18:00,22,"Delhi, IN",1,0,1
TXN-11700,ACC-50106,ACC-50068,CUST-1106,10324.88,CASH_DEPOSIT,2026-08-05 21:59:00,13,"Delhi, IN",0,0,0
TXN-11453,ACC-50002,ACC-50149,CUST-1002,6781.52,TRANSFER,2026-08-11 23:02:00,15,"Bangalore, IN",1,0,0
TXN-10022,ACC-50014,ACC-50131,CUST-1014,6530.27,TRANSFER,2026-08-03 16:54:00,8,"Mumbai, IN",0,0,0
TXN-10711,ACC-50100,ACC-50106,CUST-1100,11642.97,TRANSFER,2026-08-02 00:28:00,16,"Mumbai, IN",0,0,0
TXN-11157,ACC-50016,ACC-50126,CUST-1016,3869.87,TRANSFER,2026-08-01 16:12:00,8,"Mumbai, IN",0,0,0
TXN-11684,ACC-50051,ACC-50094,CUST-1051,3818.32,TRANSFER,2026-08-11 15:25:00,7,"Bangalore, IN",0,0,0
TXN-10871,ACC-50145,ACC-50035,CUST-1145,4790.62,CASH_DEPOSIT,2026-08-07 20:11:00,12,"Mumbai, IN",0,0,0
TXN-11461,ACC-50060,ACC-50026,CUST-1060,14905.15,CASH_DEPOSIT,2026-08-07 19:46:00,11,"Mumbai, IN",0,0,0
TXN-10010,ACC-50030,ACC-50064,CUST-1030,5757.48,TRANSFER,2026-08-06 21:04:00,13,"Mumbai, IN",0,0,0
TXN-11740,ACC-50040,ACC-50025,CUST-1040,59838.51,TRANSFER,2026-08-04 14:22:00,6,"Mumbai, IN",0,0,0
TXN-12356,ACC-50091,ACC-50015,CUST-1091,67457.5,WIRE,2026-08-02 09:28:00,1,"George Town, KY",1,1,1
TXN-12323,ACC-50147,ACC-50127,CUST-1147,115009.16,WIRE,2026-08-04 07:07:00,23,"George Town, KY",1,0,1
TXN-11315,ACC-50102,ACC-50014,CUST-1102,13086.45,TRANSFER,2026-08-03 21:25:00,13,"Bangalore, IN",0,0,0
TXN-10754,ACC-50084,ACC-50083,CUST-1084,7255.1,TRANSFER,2026-08-02 04:31:00,20,"Mumbai, IN",0,0,0
TXN-10626,ACC-50083,ACC-50122,CUST-1083,4171.67,CASH_DEPOSIT,2026-08-10 04:55:00,20,"Mumbai, IN",0,0,0
TXN-11728,ACC-50102,ACC-50050,CUST-1102,11802.38,TRANSFER,2026-08-07 20:49:00,12,"Mumbai, IN",0,0,0
TXN-11468,ACC-50128,ACC-50090,CUST-1128,55259.45,TRANSFER,2026-08-10 01:39:00,17,"Delhi, IN",1,0,0
TXN-10129,ACC-50116,ACC-50094,CUST-1116,17517.86,TRANSFER,2026-08-07 22:37:00,14,"Mumbai, IN",0,0,0
TXN-10843,ACC-50010,ACC-50094,CUST-1010,10222.48,TRANSFER,2026-08-12 01:11:00,17,"Mumbai, IN",0,0,0
TXN-10323,ACC-50084,ACC-50113,CUST-1084,4382.18,TRANSFER,2026-08-12 00:27:00,16,"Mumbai, IN",0,0,0
TXN-12156,ACC-50074,ACC-50029,CUST-1074,9777.11,CASH_DEPOSIT,2026-08-01 13:57:00,5,"Mumbai, IN",1,0,1
TXN-11448,ACC-50076,ACC-50104,CUST-1076,5605.6,TRANSFER,2026-08-05 05:11:00,21,"Mumbai, IN",1,0,0
TXN-11284,ACC-50037,ACC-50123,CUST-1037,36350.87,CASH_DEPOSIT,2026-08-03 16:31:00,8,"Mumbai, IN",0,0,0
TXN-12421,ACC-50047,ACC-50041,CUST-1047,179808.16,WIRE,2026-08-07 10:45:00,2,"Panama City, PA",1,1,1
TXN-10014,ACC-50110,ACC-50090,CUST-1110,10290.2,TRANSFER,2026-08-09 03:26:00,19,"Mumbai, IN",0,0,0
TXN-12046,ACC-50010,ACC-50012,CUST-1010,14398.73,TRANSFER,2026-08-03 23:00:00,15,"Mumbai, IN",0,0,0
TXN-10215,ACC-50051,ACC-50031,CUST-1051,3590.18,CASH_DEPOSIT,2026-08-02 18:54:00,10,"Mumbai, IN",1,0,0
TXN-11624,ACC-50072,ACC-50109,CUST-1072,7088.7,CASH_DEPOSIT,2026-08-03 02:34:00,18,"Mumbai, IN",0,0,0
TXN-11937,ACC-50019,ACC-50072,CUST-1019,13678.89,CASH_DEPOSIT,2026-08-02 03:41:00,19,"Mumbai, IN",0,0,0
TXN-11182,ACC-50124,ACC-50121,CUST-1124,80694.45,CASH_DEPOSIT,2026-08-08 00:38:00,16,"Mumbai, IN",0,0,0
TXN-11650,ACC-50038,ACC-50119,CUST-1038,15742.38,TRANSFER,2026-08-10 05:13:00,21,"Mumbai, IN",1,0,0
TXN-11561,ACC-50143,ACC-50071,CUST-1143,14416.82,TRANSFER,2026-08-10 05:18:00,21,"Mumbai, IN",0,0,0
TXN-10864,ACC-50071,ACC-50050,CUST-1071,12283.09,CASH_DEPOSIT,2026-08-09 14:05:00,6,"Mumbai, IN",0,0,0
TXN-10516,ACC-50129,ACC-50098,CUST-1129,9798.54,CASH_DEPOSIT,2026-08-05 03:38:00,19,"Mumbai, IN",0,0,0
TXN-10597,ACC-50007,ACC-50124,CUST-1007,4577.32,CASH_DEPOSIT,2026-08-02 17:16:00,9,"Mumbai, IN",0,0,0
TXN-10195,ACC-50061,ACC-50108,CUST-1061,6029.08,CASH_DEPOSIT,2026-08-03 04:04:00,20,"Mumbai, IN",0,0,0
TXN-11277,ACC-50011,ACC-50137,CUST-1011,7216.3,TRANSFER,2026-08-01 21:18:00,13,"Mumbai, IN",0,0,0
TXN-10288,ACC-50065,ACC-50052,CUST-1065,5990.14,CASH_DEPOSIT,2026-08-03 00:41:00,16,"Mumbai, IN",0,0,0
TXN-10950,ACC-50022,ACC-50119,CUST-1022,6377.47,TRANSFER,2026-08-03 20:16:00,12,"Mumbai, IN",1,0,0
TXN-12350,ACC-50131,ACC-50146,CUST-1131,125487.37,WIRE,2026-08-10 10:49:00,2,"George Town, KY",1,1,1
TXN-11854,ACC-50145,ACC-50044,CUST-1145,4237.79,TRANSFER,2026-08-11 22:47:00,14,"Mumbai, IN",1,0,0
TXN-12381,ACC-50091,ACC-50120,CUST-1091,61783.66,WIRE,2026-08-01 11:02:00,3,"Dubai, AE",1,1,1
TXN-11120,ACC-50084,ACC-50146,CUST-1084,5812.19,TRANSFER,2026-08-06 04:40:00,20,"Mumbai, IN",0,0,0
TXN-11572,ACC-50035,ACC-50141,CUST-1035,11476.45,CASH_DEPOSIT,2026-08-02 03:25:00,19,"Mumbai, IN",0,0,0
TXN-10549,ACC-50140,ACC-50018,CUST-1140,29969.83,CASH_DEPOSIT,2026-08-02 23:42:00,15,"Mumbai, IN",1,0,0
TXN-10156,ACC-50017,ACC-50037,CUST-1017,128512.72,TRANSFER,2026-08-09 14:05:00,6,"Mumbai, IN",1,0,0
TXN-10419,ACC-50000,ACC-50085,CUST-1000,6689.85,CASH_DEPOSIT,2026-08-03 20:51:00,12,"Mumbai, IN",0,0,0
TXN-10922,ACC-50053,ACC-50089,CUST-1053,17911.25,TRANSFER,2026-08-05 16:41:00,8,"Delhi, IN",0,0,0
TXN-11641,ACC-50025,ACC-50098,CUST-1025,123389.82,CASH_DEPOSIT,2026-08-03 06:46:00,22,"Bangalore, IN",0,0,0
TXN-10477,ACC-50098,ACC-50001,CUST-1098,37723.42,TRANSFER,2026-08-04 15:34:00,7,"Mumbai, IN",0,0,0
TXN-11605,ACC-50079,ACC-50013,CUST-1079,5162.84,TRANSFER,2026-08-06 02:45:00,18,"Mumbai, IN",0,0,0
TXN-12269,ACC-50099,ACC-50123,CUST-1099,776389.87,WIRE,2026-08-02 05:11:00,21,"George Town, KY",1,0,1
TXN-11471,ACC-50091,ACC-50017,CUST-1091,66645.5,TRANSFER,2026-08-02 19:18:00,11,"Mumbai, IN",0,0,0
TXN-10553,ACC-50063,ACC-50056,CUST-1063,33105.86,TRANSFER,2026-08-07 03:17:00,19,"Mumbai, IN",0,0,0
TXN-11202,ACC-50055,ACC-50127,CUST-1055,4749.32,TRANSFER,2026-08-07 23:45:00,15,"Delhi, IN",0,0,0
TXN-10390,ACC-50030,ACC-50129,CUST-1030,7823.04,TRANSFER,2026-08-04 15:11:00,7,"Delhi, IN",0,0,0
TXN-10578,ACC-50123,ACC-50097,CUST-1123,11327.26,TRANSFER,2026-08-11 01:37:00,17,"Mumbai, IN",0,0,0
TXN-12313,ACC-50143,ACC-50068,CUST-1143,248508.0,WIRE,2026-08-10 20:09:00,12,"Mumbai, IN",1,0,1
TXN-12367,ACC-50047,ACC-50010,CUST-1047,118490.31,WIRE,2026-08-11 09:51:00,1,"George Town, KY",1,1,1
TXN-12266,ACC-50129,ACC-50074,CUST-1129,284048.06,WIRE,2026-08-10 17:56:00,9,"London, UK",1,0,1
TXN-10820,ACC-50022,ACC-50078,CUST-1022,5741.05,TRANSFER,2026-08-02 01:26:00,17,"Mumbai, IN",0,0,0
TXN-12485,ACC-59903,ACC-59904,CUST-9002,1078701.09,WIRE,2026-08-01 10:13:00,2,"George Town, KY",1,1,1
TXN-11006,ACC-50038,ACC-50132,CUST-1038,29267.37,CASH_DEPOSIT,2026-08-01 17:45:00,9,"Mumbai, IN",0,0,0
TXN-11248,ACC-50124,ACC-50001,CUST-1124,121671.44,CASH_DEPOSIT,2026-08-11 18:49:00,10,"Mumbai, IN",1,0,0
TXN-12058,ACC-50073,ACC-50062,CUST-1073,18260.04,TRANSFER,2026-08-03 19:21:00,11,"Mumbai, IN",1,0,0
TXN-10664,ACC-50040,ACC-50137,CUST-1040,47493.23,CASH_DEPOSIT,2026-08-07 04:59:00,20,"Mumbai, IN",0,0,0
TXN-12462,ACC-59904,ACC-59901,CUST-9003,1102132.58,WIRE,2026-08-03 11:14:00,3,"George Town, KY",1,1,1
TXN-10142,ACC-50121,ACC-50114,CUST-1121,82297.74,TRANSFER,2026-08-11 01:32:00,17,"Mumbai, IN",0,0,0
TXN-12174,ACC-50074,ACC-50010,CUST-1074,9631.26,CASH_DEPOSIT,2026-08-04 10:26:00,2,"Delhi, IN",1,0,1
TXN-11825,ACC-50001,ACC-50062,CUST-1001,31557.92,TRANSFER,2026-08-08 00:11:00,16,"Mumbai, IN",1,0,0
TXN-10421,ACC-50095,ACC-50102,CUST-1095,3340.21,CASH_DEPOSIT,2026-08-05 17:21:00,9,"Mumbai, IN",0,0,0
TXN-10799,ACC-50055,ACC-50027,CUST-1055,2497.12,TRANSFER,2026-08-06 04:45:00,20,"Mumbai, IN",0,0,0
TXN-10615,ACC-50066,ACC-50093,CUST-1066,8682.95,CASH_DEPOSIT,2026-08-10 01:35:00,17,"Mumbai, IN",1,0,0
TXN-11318,ACC-50007,ACC-50062,CUST-1007,4849.77,TRANSFER,2026-08-09 23:10:00,15,"Mumbai, IN",0,0,0
TXN-10295,ACC-50037,ACC-50004,CUST-1037,25360.64,TRANSFER,2026-08-10 22:35:00,14,"Mumbai, IN",0,0,0
TXN-10401,ACC-50053,ACC-50116,CUST-1053,10463.23,TRANSFER,2026-08-05 23:29:00,15,"Mumbai, IN",0,0,0
TXN-10088,ACC-50145,ACC-50015,CUST-1145,5145.49,TRANSFER,2026-08-04 17:48:00,9,"Mumbai, IN",0,0,0
TXN-12035,ACC-50101,ACC-50062,CUST-1101,5479.48,CASH_DEPOSIT,2026-08-04 18:01:00,10,"Mumbai, IN",1,0,0
TXN-12459,ACC-59901,ACC-59902,CUST-9000,822823.18,WIRE,2026-08-03 11:27:00,3,"George Town, KY",1,1,1
TXN-10131,ACC-50077,ACC-50105,CUST-1077,112051.35,TRANSFER,2026-08-01 17:08:00,9,"Mumbai, IN",1,0,0
TXN-11573,ACC-50069,ACC-50134,CUST-1069,2623.8,TRANSFER,2026-08-07 00:39:00,16,"Mumbai, IN",0,0,0
TXN-11562,ACC-50127,ACC-50100,CUST-1127,5319.79,TRANSFER,2026-08-10 01:48:00,17,"Mumbai, IN",0,0,0
TXN-11828,ACC-50106,ACC-50105,CUST-1106,15063.23,CASH_DEPOSIT,2026-08-05 02:17:00,18,"Mumbai, IN",0,0,0
TXN-11402,ACC-50098,ACC-50048,CUST-1098,22489.19,TRANSFER,2026-08-07 05:06:00,21,"Bangalore, IN",0,0,0
TXN-12052,ACC-50127,ACC-50103,CUST-1127,4303.39,CASH_DEPOSIT,2026-08-05 15:37:00,7,"Mumbai, IN",0,0,0
TXN-12167,ACC-50117,ACC-50040,CUST-1117,9172.28,WIRE,2026-08-11 13:38:00,5,"Delhi, IN",1,0,1
TXN-12001,ACC-50027,ACC-50122,CUST-1027,15213.35,TRANSFER,2026-08-07 03:24:00,19,"Mumbai, IN",0,0,0
TXN-10724,ACC-50120,ACC-50034,CUST-1120,55140.88,CASH_DEPOSIT,2026-08-05 17:44:00,9,"Mumbai, IN",0,0,0
TXN-11314,ACC-50108,ACC-50040,CUST-1108,3502.42,CASH_DEPOSIT,2026-08-09 22:05:00,14,"Mumbai, IN",0,0,0
TXN-11767,ACC-50010,ACC-50098,CUST-1010,9318.35,CASH_DEPOSIT,2026-08-11 22:07:00,14,"Mumbai, IN",0,0,0
TXN-10269,ACC-50063,ACC-50020,CUST-1063,39320.62,TRANSFER,2026-08-10 06:28:00,22,"Mumbai, IN",0,0,0
TXN-11780,ACC-50127,ACC-50022,CUST-1127,3846.29,TRANSFER,2026-08-11 00:22:00,16,"Mumbai, IN",0,0,0
TXN-12067,ACC-50107,ACC-50060,CUST-1107,13726.9,TRANSFER,2026-08-06 23:42:00,15,"Mumbai, IN",0,0,0
TXN-11372,ACC-50145,ACC-50008,CUST-1145,4275.88,CASH_DEPOSIT,2026-08-06 17:21:00,9,"Bangalore, IN",0,0,0
TXN-10917,ACC-50005,ACC-50082,CUST-1005,3729.56,CASH_DEPOSIT,2026-08-08 02:36:00,18,"Mumbai, IN",1,0,0
TXN-11610,ACC-50131,ACC-50053,CUST-1131,4176.91,CASH_DEPOSIT,2026-08-08 22:13:00,14,"Mumbai, IN",0,0,0
TXN-11319,ACC-50079,ACC-50048,CUST-1079,4694.49,TRANSFER,2026-08-01 20:40:00,12,"Mumbai, IN",0,0,0
TXN-12138,ACC-50040,ACC-50026,CUST-1040,9580.39,WIRE,2026-08-07 13:14:00,5,"Mumbai, IN",1,0,1
TXN-12021,ACC-50071,ACC-50047,CUST-1071,11956.48,TRANSFER,2026-08-05 21:26:00,13,"Mumbai, IN",0,0,0
TXN-11593,ACC-50122,ACC-50101,CUST-1122,5662.91,CASH_DEPOSIT,2026-08-05 15:44:00,7,"Mumbai, IN",0,0,0
TXN-12490,ACC-59904,ACC-59901,CUST-9003,915823.1,WIRE,2026-08-05 11:11:00,3,"George Town, KY",1,1,1
TXN-10375,ACC-50127,ACC-50018,CUST-1127,3133.02,CASH_DEPOSIT,2026-08-02 06:56:00,22,"Mumbai, IN",1,0,0
TXN-10333,ACC-50088,ACC-50006,CUST-1088,10530.93,CASH_DEPOSIT,2026-08-06 05:06:00,21,"Mumbai, IN",0,0,0
TXN-11791,ACC-50066,ACC-50094,CUST-1066,3036.77,CASH_DEPOSIT,2026-08-06 22:27:00,14,"Mumbai, IN",0,0,0
TXN-12348,ACC-50091,ACC-50097,CUST-1091,62389.0,WIRE,2026-08-06 10:44:00,2,"George Town, KY",1,1,1
TXN-11118,ACC-50035,ACC-50040,CUST-1035,16224.15,TRANSFER,2026-08-12 00:36:00,16,"Bangalore, IN",1,0,0
TXN-11442,ACC-50013,ACC-50022,CUST-1013,7423.06,TRANSFER,2026-08-11 15:17:00,7,"Mumbai, IN",0,0,0
TXN-10910,ACC-50145,ACC-50125,CUST-1145,4774.92,TRANSFER,2026-08-10 05:30:00,21,"Mumbai, IN",1,0,0
TXN-10776,ACC-50138,ACC-50149,CUST-1138,32871.65,CASH_DEPOSIT,2026-08-01 23:39:00,15,"Mumbai, IN",0,0,0
TXN-11743,ACC-50024,ACC-50123,CUST-1024,10601.33,TRANSFER,2026-08-11 05:47:00,21,"Mumbai, IN",0,0,0
TXN-10328,ACC-50108,ACC-50096,CUST-1108,5434.66,CASH_DEPOSIT,2026-08-10 16:28:00,8,"Mumbai, IN",1,0,0
TXN-11342,ACC-50107,ACC-50135,CUST-1107,28498.22,TRANSFER,2026-08-05 20:42:00,12,"Mumbai, IN",1,0,0
TXN-10320,ACC-50068,ACC-50127,CUST-1068,16204.02,CASH_DEPOSIT,2026-08-03 18:04:00,10,"Mumbai, IN",0,0,0
TXN-12010,ACC-50113,ACC-50038,CUST-1113,159293.22,CASH_DEPOSIT,2026-08-11 02:54:00,18,"Mumbai, IN",0,0,0
TXN-10012,ACC-50084,ACC-50018,CUST-1084,3199.56,TRANSFER,2026-08-06 06:15:00,22,"Mumbai, IN",0,0,0
TXN-10897,ACC-50113,ACC-50057,CUST-1113,109862.87,TRANSFER,2026-08-08 03:18:00,19,"Delhi, IN",0,0,0
TXN-10171,ACC-50080,ACC-50038,CUST-1080,5070.47,CASH_DEPOSIT,2026-08-09 04:04:00,20,"Mumbai, IN",0,0,0
TXN-10260,ACC-50072,ACC-50117,CUST-1072,5116.05,TRANSFER,2026-08-04 06:31:00,22,"Mumbai, IN",0,0,0
TXN-12402,ACC-50091,ACC-50122,CUST-1091,88226.75,WIRE,2026-08-03 09:53:00,1,"Panama City, PA",1,1,1
TXN-10689,ACC-50130,ACC-50025,CUST-1130,8304.54,TRANSFER,2026-08-11 00:31:00,16,"Mumbai, IN",0,0,0
TXN-10901,ACC-50059,ACC-50109,CUST-1059,56803.01,TRANSFER,2026-08-11 05:17:00,21,"Mumbai, IN",1,0,0
TXN-10258,ACC-50136,ACC-50009,CUST-1136,49880.41,TRANSFER,2026-08-03 19:26:00,11,"Delhi, IN",1,0,0
TXN-10844,ACC-50035,ACC-50086,CUST-1035,13325.64,TRANSFER,2026-08-02 21:34:00,13,"Mumbai, IN",0,0,0
TXN-12302,ACC-50033,ACC-50029,CUST-1033,131938.09,WIRE,2026-08-04 18:04:00,10,"Mumbai, IN",1,0,1
TXN-10138,ACC-50055,ACC-50060,CUST-1055,5036.77,TRANSFER,2026-08-04 00:49:00,16,"Mumbai, IN",0,0,0
TXN-10319,ACC-50146,ACC-50133,CUST-1146,23832.42,TRANSFER,2026-08-07 19:43:00,11,"Mumbai, IN",0,0,0
TXN-10653,ACC-50004,ACC-50094,CUST-1004,18648.15,TRANSFER,2026-08-02 21:20:00,13,"Delhi, IN",0,0,0
TXN-12202,ACC-50074,ACC-50035,CUST-1074,9743.04,WIRE,2026-08-03 22:12:00,14,"Mumbai, IN",1,0,1
TXN-11814,ACC-50141,ACC-50016,CUST-1141,5000.31,TRANSFER,2026-08-07 00:15:00,16,"Mumbai, IN",1,0,0
TXN-10558,ACC-50093,ACC-50101,CUST-1093,28222.14,TRANSFER,2026-08-10 21:57:00,13,"Mumbai, IN",1,0,0
TXN-10139,ACC-50033,ACC-50139,CUST-1033,5747.0,TRANSFER,2026-08-03 22:51:00,14,"Mumbai, IN",0,0,0
TXN-10112,ACC-50120,ACC-50067,CUST-1120,42934.43,TRANSFER,2026-08-08 00:39:00,16,"Mumbai, IN",0,0,0
TXN-10531,ACC-50134,ACC-50056,CUST-1134,4855.91,TRANSFER,2026-08-02 19:33:00,11,"Mumbai, IN",1,0,0
TXN-10224,ACC-50032,ACC-50078,CUST-1032,4839.45,TRANSFER,2026-08-11 16:32:00,8,"Mumbai, IN",0,0,0
TXN-10723,ACC-50082,ACC-50095,CUST-1082,6675.94,CASH_DEPOSIT,2026-08-03 02:52:00,18,"Mumbai, IN",0,0,0
TXN-12319,ACC-50060,ACC-50142,CUST-1060,547796.52,WIRE,2026-08-03 15:57:00,7,"London, UK",1,0,1
TXN-12136,ACC-50040,ACC-50098,CUST-1040,9501.08,CASH_DEPOSIT,2026-08-04 15:56:00,7,"Delhi, IN",1,0,1
TXN-11433,ACC-50074,ACC-50056,CUST-1074,4965.7,TRANSFER,2026-08-06 15:30:00,7,"Bangalore, IN",1,0,0
TXN-10325,ACC-50147,ACC-50062,CUST-1147,4351.16,CASH_DEPOSIT,2026-08-06 00:24:00,16,"Mumbai, IN",0,0,0
TXN-11323,ACC-50006,ACC-50098,CUST-1006,27755.24,CASH_DEPOSIT,2026-08-02 05:37:00,21,"Mumbai, IN",1,0,0
TXN-11939,ACC-50121,ACC-50044,CUST-1121,48860.73,TRANSFER,2026-08-02 14:07:00,6,"Mumbai, IN",0,0,0
TXN-11458,ACC-50046,ACC-50148,CUST-1046,29400.2,TRANSFER,2026-08-12 06:49:00,22,"Mumbai, IN",0,0,0
TXN-11927,ACC-50085,ACC-50050,CUST-1085,14007.69,CASH_DEPOSIT,2026-08-06 00:57:00,16,"Mumbai, IN",0,0,0
TXN-12248,ACC-50096,ACC-50031,CUST-1096,771348.48,WIRE,2026-08-11 22:04:00,14,"Singapore, SG",1,0,1
TXN-10714,ACC-50130,ACC-50040,CUST-1130,6508.11,TRANSFER,2026-08-08 02:35:00,18,"Mumbai, IN",0,0,0
TXN-10846,ACC-50013,ACC-50017,CUST-1013,7251.14,CASH_DEPOSIT,2026-08-09 01:22:00,17,"Mumbai, IN",0,0,0
TXN-10193,ACC-50120,ACC-50114,CUST-1120,70529.47,TRANSFER,2026-08-02 14:57:00,6,"Mumbai, IN",0,0,0
TXN-11925,ACC-50054,ACC-50038,CUST-1054,4523.43,TRANSFER,2026-08-11 14:58:00,6,"Mumbai, IN",0,0,0
TXN-10573,ACC-50036,ACC-50047,CUST-1036,4536.24,TRANSFER,2026-08-04 06:16:00,22,"Mumbai, IN",1,0,0
TXN-10946,ACC-50028,ACC-50041,CUST-1028,3517.11,TRANSFER,2026-08-11 21:33:00,13,"Bangalore, IN",1,0,0
TXN-10503,ACC-50012,ACC-50130,CUST-1012,13701.35,CASH_DEPOSIT,2026-08-11 21:35:00,13,"Mumbai, IN",0,0,0
TXN-11807,ACC-50142,ACC-50015,CUST-1142,5631.33,TRANSFER,2026-08-04 01:06:00,17,"Bangalore, IN",0,0,0
TXN-12407,ACC-50091,ACC-50058,CUST-1091,141306.57,WIRE,2026-08-02 11:57:00,3,"Dubai, AE",1,1,1
TXN-10645,ACC-50070,ACC-50030,CUST-1070,106713.64,TRANSFER,2026-08-05 02:50:00,18,"Bangalore, IN",1,0,0
TXN-10003,ACC-50029,ACC-50138,CUST-1029,5950.88,CASH_DEPOSIT,2026-08-11 22:49:00,14,"Mumbai, IN",1,0,0
TXN-11777,ACC-50007,ACC-50117,CUST-1007,6406.36,CASH_DEPOSIT,2026-08-11 22:22:00,14,"Mumbai, IN",0,0,0
TXN-10467,ACC-50075,ACC-50066,CUST-1075,47226.47,TRANSFER,2026-08-08 03:25:00,19,"Mumbai, IN",0,0,0
TXN-11345,ACC-50019,ACC-50149,CUST-1019,16193.06,TRANSFER,2026-08-11 18:20:00,10,"Mumbai, IN",0,0,0
TXN-10005,ACC-50076,ACC-50130,CUST-1076,5279.68,TRANSFER,2026-08-06 20:09:00,12,"Mumbai, IN",0,0,0
TXN-12031,ACC-50147,ACC-50103,CUST-1147,3393.42,TRANSFER,2026-08-07 22:33:00,14,"Mumbai, IN",1,0,0
TXN-10919,ACC-50093,ACC-50112,CUST-1093,8849.57,TRANSFER,2026-08-11 20:31:00,12,"Bangalore, IN",0,0,0
TXN-10547,ACC-50054,ACC-50106,CUST-1054,5931.01,TRANSFER,2026-08-04 06:09:00,22,"Mumbai, IN",0,0,0
TXN-10228,ACC-50015,ACC-50041,CUST-1015,19073.01,CASH_DEPOSIT,2026-08-09 04:26:00,20,"Mumbai, IN",0,0,0
TXN-11063,ACC-50056,ACC-50060,CUST-1056,48516.66,CASH_DEPOSIT,2026-08-02 05:23:00,21,"Mumbai, IN",0,0,0
TXN-10542,ACC-50149,ACC-50011,CUST-1149,14238.52,TRANSFER,2026-08-09 16:22:00,8,"Mumbai, IN",0,0,0
TXN-10242,ACC-50144,ACC-50076,CUST-1144,7467.45,CASH_DEPOSIT,2026-08-02 05:52:00,21,"Mumbai, IN",0,0,0
TXN-10898,ACC-50045,ACC-50003,CUST-1045,5482.04,CASH_DEPOSIT,2026-08-03 05:43:00,21,"Mumbai, IN",0,0,0
TXN-11754,ACC-50111,ACC-50142,CUST-1111,6087.64,TRANSFER,2026-08-09 16:55:00,8,"Mumbai, IN",0,0,0
TXN-11160,ACC-50073,ACC-50148,CUST-1073,19248.19,CASH_DEPOSIT,2026-08-05 04:40:00,20,"Delhi, IN",0,0,0
TXN-11832,ACC-50101,ACC-50051,CUST-1101,5398.04,TRANSFER,2026-08-08 16:35:00,8,"Mumbai, IN",0,0,0
TXN-11688,ACC-50033,ACC-50134,CUST-1033,2031.05,TRANSFER,2026-08-04 23:03:00,15,"Mumbai, IN",1,0,0
TXN-11809,ACC-50044,ACC-50049,CUST-1044,43860.76,TRANSFER,2026-08-10 05:11:00,21,"Mumbai, IN",0,0,0
TXN-10842,ACC-50014,ACC-50132,CUST-1014,15586.56,TRANSFER,2026-08-02 01:56:00,17,"Mumbai, IN",1,0,0
TXN-11373,ACC-50040,ACC-50134,CUST-1040,35700.07,TRANSFER,2026-08-02 22:59:00,14,"Mumbai, IN",0,0,0
TXN-12107,ACC-50059,ACC-50012,CUST-1059,40095.18,TRANSFER,2026-08-09 22:19:00,14,"Mumbai, IN",0,0,0
TXN-12112,ACC-50004,ACC-50121,CUST-1004,4247.97,TRANSFER,2026-08-03 20:46:00,12,"Mumbai, IN",0,0,0
TXN-11526,ACC-50012,ACC-50145,CUST-1012,17804.2,TRANSFER,2026-08-10 06:57:00,22,"Mumbai, IN",1,0,0
TXN-10276,ACC-50095,ACC-50098,CUST-1095,5072.78,CASH_DEPOSIT,2026-08-08 04:55:00,20,"Mumbai, IN",0,0,0
TXN-10661,ACC-50136,ACC-50098,CUST-1136,67539.43,TRANSFER,2026-08-09 20:12:00,12,"Mumbai, IN",0,0,0
TXN-11826,ACC-50011,ACC-50040,CUST-1011,5393.84,TRANSFER,2026-08-04 18:38:00,10,"Mumbai, IN",1,0,0
TXN-12116,ACC-50068,ACC-50063,CUST-1068,14496.52,CASH_DEPOSIT,2026-08-07 17:45:00,9,"Mumbai, IN",1,0,0
TXN-12357,ACC-50091,ACC-50005,CUST-1091,100666.05,WIRE,2026-08-05 10:08:00,2,"Dubai, AE",1,1,1
TXN-11858,ACC-50051,ACC-50038,CUST-1051,5490.12,CASH_DEPOSIT,2026-08-02 20:19:00,12,"Mumbai, IN",0,0,0
TXN-10314,ACC-50021,ACC-50076,CUST-1021,5865.61,TRANSFER,2026-08-02 21:45:00,13,"Mumbai, IN",1,0,0
TXN-11466,ACC-50052,ACC-50008,CUST-1052,57708.62,CASH_DEPOSIT,2026-08-01 18:57:00,10,"Mumbai, IN",0,0,0
TXN-11343,ACC-50087,ACC-50076,CUST-1087,11871.69,CASH_DEPOSIT,2026-08-06 19:12:00,11,"Mumbai, IN",0,0,0
TXN-11845,ACC-50137,ACC-50092,CUST-1137,16333.98,TRANSFER,2026-08-05 21:09:00,13,"Mumbai, IN",1,0,0
TXN-10691,ACC-50100,ACC-50040,CUST-1100,9479.57,CASH_DEPOSIT,2026-08-11 14:22:00,6,"Mumbai, IN",0,0,0
TXN-11541,ACC-50142,ACC-50053,CUST-1142,12700.59,TRANSFER,2026-08-07 19:02:00,11,"Mumbai, IN",1,0,0
TXN-10612,ACC-50121,ACC-50002,CUST-1121,52496.78,TRANSFER,2026-08-08 19:26:00,11,"Bangalore, IN",0,0,0
TXN-10424,ACC-50146,ACC-50100,CUST-1146,25104.47,CASH_DEPOSIT,2026-08-10 15:11:00,7,"Bangalore, IN",0,0,0
TXN-11577,ACC-50017,ACC-50001,CUST-1017,126851.15,TRANSFER,2026-08-04 23:44:00,15,"Mumbai, IN",1,0,0
TXN-10594,ACC-50066,ACC-50044,CUST-1066,7369.36,TRANSFER,2026-08-03 03:32:00,19,"Mumbai, IN",0,0,0
TXN-12475,ACC-59901,ACC-59902,CUST-9000,876418.77,WIRE,2026-08-01 09:23:00,1,"George Town, KY",1,1,1
TXN-11950,ACC-50087,ACC-50139,CUST-1087,11350.59,TRANSFER,2026-08-10 19:54:00,11,"Mumbai, IN",1,0,0
TXN-10622,ACC-50032,ACC-50061,CUST-1032,7130.76,TRANSFER,2026-08-02 22:47:00,14,"Mumbai, IN",0,0,0
TXN-11805,ACC-50064,ACC-50128,CUST-1064,4236.55,CASH_DEPOSIT,2026-08-05 16:11:00,8,"Mumbai, IN",0,0,0
TXN-11493,ACC-50067,ACC-50055,CUST-1067,66289.73,CASH_DEPOSIT,2026-08-10 14:21:00,6,"Bangalore, IN",0,0,0
TXN-12238,ACC-50105,ACC-50036,CUST-1105,154864.62,WIRE,2026-08-11 19:14:00,11,"Singapore, SG",1,0,1
TXN-10227,ACC-50077,ACC-50124,CUST-1077,64063.66,CASH_DEPOSIT,2026-08-11 21:51:00,13,"Mumbai, IN",0,0,0
TXN-12322,ACC-50100,ACC-50074,CUST-1100,197381.23,WIRE,2026-08-06 08:36:00,0,"Singapore, SG",1,0,1
TXN-11169,ACC-50098,ACC-50109,CUST-1098,29024.9,TRANSFER,2026-08-08 21:15:00,13,"Delhi, IN",0,0,0
TXN-12037,ACC-50062,ACC-50037,CUST-1062,4877.72,TRANSFER,2026-08-06 17:18:00,9,"Mumbai, IN",1,0,0
TXN-11702,ACC-50108,ACC-50145,CUST-1108,8966.52,TRANSFER,2026-08-08 02:48:00,18,"Mumbai, IN",1,0,0
TXN-10066,ACC-50017,ACC-50010,CUST-1017,124385.86,TRANSFER,2026-08-04 14:15:00,6,"Mumbai, IN",0,0,0
TXN-11417,ACC-50067,ACC-50019,CUST-1067,88843.45,TRANSFER,2026-08-01 19:43:00,11,"Mumbai, IN",1,0,0
TXN-12254,ACC-50026,ACC-50050,CUST-1026,834988.53,WIRE,2026-08-10 21:10:00,13,"London, UK",1,0,1
TXN-10024,ACC-50149,ACC-50144,CUST-1149,16560.88,TRANSFER,2026-08-06 06:20:00,22,"Mumbai, IN",0,0,0
TXN-11235,ACC-50070,ACC-50110,CUST-1070,111840.15,CASH_DEPOSIT,2026-08-05 06:45:00,22,"Mumbai, IN",0,0,0
TXN-12463,ACC-59901,ACC-59902,CUST-9000,836529.38,WIRE,2026-08-04 09:08:00,1,"George Town, KY",1,1,1
TXN-10144,ACC-50102,ACC-50110,CUST-1102,15140.35,TRANSFER,2026-08-08 17:31:00,9,"Delhi, IN",0,0,0
TXN-10536,ACC-50124,ACC-50011,CUST-1124,81190.99,TRANSFER,2026-08-11 23:57:00,15,"Mumbai, IN",0,0,0
TXN-10811,ACC-50004,ACC-50121,CUST-1004,11861.37,TRANSFER,2026-08-11 15:15:00,7,"Mumbai, IN",0,0,0
TXN-11735,ACC-50035,ACC-50121,CUST-1035,23865.45,TRANSFER,2026-08-10 15:03:00,7,"Bangalore, IN",0,0,0
TXN-11497,ACC-50138,ACC-50075,CUST-1138,38786.38,TRANSFER,2026-08-08 00:36:00,16,"Mumbai, IN",0,0,0
TXN-10085,ACC-50064,ACC-50123,CUST-1064,4534.6,CASH_DEPOSIT,2026-08-02 17:52:00,9,"Mumbai, IN",0,0,0
TXN-11254,ACC-50033,ACC-50028,CUST-1033,2872.45,TRANSFER,2026-08-01 17:50:00,9,"Mumbai, IN",0,0,0
TXN-12207,ACC-50040,ACC-50050,CUST-1040,9843.6,CASH_DEPOSIT,2026-08-04 10:33:00,2,"Delhi, IN",1,0,1
TXN-12361,ACC-50091,ACC-50095,CUST-1091,102130.53,WIRE,2026-08-02 11:39:00,3,"George Town, KY",1,1,1
TXN-12066,ACC-50115,ACC-50091,CUST-1115,29878.38,TRANSFER,2026-08-06 06:19:00,22,"Mumbai, IN",1,0,0
TXN-11669,ACC-50136,ACC-50006,CUST-1136,44992.71,CASH_DEPOSIT,2026-08-02 04:30:00,20,"Bangalore, IN",0,0,0
TXN-10484,ACC-50012,ACC-50028,CUST-1012,12411.22,CASH_DEPOSIT,2026-08-02 14:03:00,6,"Mumbai, IN",0,0,0
TXN-12226,ACC-50117,ACC-50000,CUST-1117,9862.66,CASH_DEPOSIT,2026-08-11 22:56:00,14,"Mumbai, IN",1,0,1
TXN-12386,ACC-50091,ACC-50136,CUST-1091,178609.22,WIRE,2026-08-02 10:41:00,2,"Panama City, PA",1,1,1
TXN-10738,ACC-50008,ACC-50070,CUST-1008,5192.16,TRANSFER,2026-08-09 03:05:00,19,"Mumbai, IN",0,0,0
TXN-11770,ACC-50070,ACC-50064,CUST-1070,76227.4,TRANSFER,2026-08-08 06:21:00,22,"Delhi, IN",0,0,0
TXN-12188,ACC-50117,ACC-50034,CUST-1117,9495.83,WIRE,2026-08-12 07:03:00,23,"Mumbai, IN",1,0,1
TXN-12461,ACC-59903,ACC-59904,CUST-9002,991883.08,WIRE,2026-08-05 09:28:00,1,"George Town, KY",1,1,1
TXN-11742,ACC-50079,ACC-50122,CUST-1079,4971.94,TRANSFER,2026-08-06 05:57:00,21,"Mumbai, IN",0,0,0
TXN-10362,ACC-50144,ACC-50124,CUST-1144,6556.31,TRANSFER,2026-08-12 00:57:00,16,"Mumbai, IN",1,0,0
TXN-10749,ACC-50012,ACC-50034,CUST-1012,13531.65,TRANSFER,2026-08-11 14:30:00,6,"Mumbai, IN",0,0,0
TXN-12105,ACC-50023,ACC-50036,CUST-1023,5074.66,TRANSFER,2026-08-11 06:38:00,22,"Mumbai, IN",0,0,0
TXN-11646,ACC-50001,ACC-50105,CUST-1001,12374.21,TRANSFER,2026-08-07 20:01:00,12,"Mumbai, IN",0,0,0
TXN-11026,ACC-50108,ACC-50033,CUST-1108,3942.48,TRANSFER,2026-08-09 05:13:00,21,"Mumbai, IN",1,0,0
TXN-11030,ACC-50121,ACC-50008,CUST-1121,58081.34,TRANSFER,2026-08-06 19:35:00,11,"Mumbai, IN",1,0,0
TXN-11868,ACC-50013,ACC-50062,CUST-1013,5564.61,CASH_DEPOSIT,2026-08-08 23:16:00,15,"Mumbai, IN",0,0,0
TXN-11335,ACC-50118,ACC-50023,CUST-1118,5773.91,TRANSFER,2026-08-09 01:29:00,17,"Mumbai, IN",1,0,0
TXN-12059,ACC-50021,ACC-50026,CUST-1021,6468.29,TRANSFER,2026-08-01 16:05:00,8,"Mumbai, IN",1,0,0
TXN-11894,ACC-50124,ACC-50128,CUST-1124,64575.62,CASH_DEPOSIT,2026-08-04 03:27:00,19,"Mumbai, IN",0,0,0
TXN-10665,ACC-50095,ACC-50106,CUST-1095,5220.07,TRANSFER,2026-08-07 03:52:00,19,"Mumbai, IN",0,0,0
TXN-10364,ACC-50033,ACC-50078,CUST-1033,4595.19,TRANSFER,2026-08-05 19:55:00,11,"Mumbai, IN",0,0,0
TXN-12292,ACC-50027,ACC-50073,CUST-1027,349283.55,WIRE,2026-08-06 10:02:00,2,"Bangalore, IN",1,0,1
TXN-11239,ACC-50103,ACC-50003,CUST-1103,4085.33,TRANSFER,2026-08-01 20:58:00,12,"Mumbai, IN",0,0,0
TXN-10077,ACC-50132,ACC-50048,CUST-1132,46967.11,CASH_DEPOSIT,2026-08-07 16:15:00,8,"Mumbai, IN",0,0,0
TXN-10027,ACC-50129,ACC-50067,CUST-1129,14788.68,TRANSFER,2026-08-06 18:59:00,10,"Delhi, IN",0,0,0
TXN-10473,ACC-50013,ACC-50039,CUST-1013,5909.01,CASH_DEPOSIT,2026-08-06 18:12:00,10,"Delhi, IN",0,0,0
TXN-10525,ACC-50099,ACC-50107,CUST-1099,52772.54,TRANSFER,2026-08-02 00:35:00,16,"Mumbai, IN",0,0,0
TXN-10725,ACC-50053,ACC-50014,CUST-1053,13644.31,TRANSFER,2026-08-11 17:36:00,9,"Delhi, IN",0,0,0
TXN-10055,ACC-50115,ACC-50066,CUST-1115,29412.38,CASH_DEPOSIT,2026-08-11 21:53:00,13,"Mumbai, IN",1,0,0
TXN-10638,ACC-50079,ACC-50128,CUST-1079,4734.58,CASH_DEPOSIT,2026-08-02 01:29:00,17,"Mumbai, IN",0,0,0
TXN-10302,ACC-50137,ACC-50073,CUST-1137,9653.39,CASH_DEPOSIT,2026-08-11 14:32:00,6,"Mumbai, IN",0,0,0
TXN-10718,ACC-50139,ACC-50001,CUST-1139,23190.73,TRANSFER,2026-08-05 05:15:00,21,"Mumbai, IN",1,0,0
TXN-11871,ACC-50069,ACC-50097,CUST-1069,6688.15,CASH_DEPOSIT,2026-08-10 00:23:00,16,"Mumbai, IN",0,0,0
TXN-10624,ACC-50026,ACC-50068,CUST-1026,37514.67,CASH_DEPOSIT,2026-08-11 18:05:00,10,"Mumbai, IN",0,0,0
TXN-10007,ACC-50145,ACC-50020,CUST-1145,6278.65,TRANSFER,2026-08-08 16:46:00,8,"Bangalore, IN",0,0,0
TXN-11280,ACC-50075,ACC-50084,CUST-1075,39247.67,CASH_DEPOSIT,2026-08-01 15:40:00,7,"Mumbai, IN",0,0,0
TXN-10803,ACC-50123,ACC-50031,CUST-1123,17666.35,CASH_DEPOSIT,2026-08-12 01:21:00,17,"Mumbai, IN",0,0,0
TXN-11049,ACC-50007,ACC-50105,CUST-1007,4771.3,CASH_DEPOSIT,2026-08-01 21:58:00,13,"Mumbai, IN",0,0,0
TXN-10336,ACC-50029,ACC-50005,CUST-1029,2193.81,TRANSFER,2026-08-03 00:41:00,16,"Bangalore, IN",0,0,0
TXN-11596,ACC-50021,ACC-50108,CUST-1021,4852.12,TRANSFER,2026-08-08 17:03:00,9,"Mumbai, IN",0,0,0
TXN-10047,ACC-50148,ACC-50082,CUST-1148,22110.15,TRANSFER,2026-08-09 04:28:00,20,"Mumbai, IN",1,0,0
TXN-12152,ACC-50015,ACC-50043,CUST-1015,9326.22,WIRE,2026-08-10 01:45:00,17,"Delhi, IN",1,0,1
TXN-10106,ACC-50017,ACC-50071,CUST-1017,112387.94,CASH_DEPOSIT,2026-08-10 03:21:00,19,"Delhi, IN",0,0,0
TXN-10349,ACC-50074,ACC-50008,CUST-1074,4377.07,CASH_DEPOSIT,2026-08-09 22:14:00,14,"Mumbai, IN",1,0,0
TXN-11079,ACC-50086,ACC-50006,CUST-1086,14943.96,TRANSFER,2026-08-07 04:33:00,20,"Mumbai, IN",0,0,0
TXN-10238,ACC-50030,ACC-50033,CUST-1030,4587.42,CASH_DEPOSIT,2026-08-06 17:25:00,9,"Mumbai, IN",0,0,0
TXN-10213,ACC-50071,ACC-50063,CUST-1071,14410.82,CASH_DEPOSIT,2026-08-03 17:01:00,9,"Mumbai, IN",0,0,0
TXN-11144,ACC-50082,ACC-50144,CUST-1082,3996.39,TRANSFER,2026-08-04 20:39:00,12,"Mumbai, IN",1,0,0
TXN-12379,ACC-50091,ACC-50104,CUST-1091,100998.54,WIRE,2026-08-06 09:19:00,1,"Dubai, AE",1,1,1
TXN-11761,ACC-50015,ACC-50106,CUST-1015,14549.89,TRANSFER,2026-08-08 18:09:00,10,"Mumbai, IN",0,0,0
TXN-10793,ACC-50008,ACC-50006,CUST-1008,5654.49,TRANSFER,2026-08-10 16:03:00,8,"Mumbai, IN",0,0,0
TXN-11096,ACC-50016,ACC-50031,CUST-1016,3185.46,TRANSFER,2026-08-03 18:56:00,10,"Mumbai, IN",1,0,0
TXN-12206,ACC-50134,ACC-50011,CUST-1134,9541.44,CASH_DEPOSIT,2026-08-03 12:07:00,4,"Mumbai, IN",1,0,1
TXN-11739,ACC-50008,ACC-50037,CUST-1008,589.42,CASH_DEPOSIT,2026-08-10 03:02:00,19,"Mumbai, IN",0,0,0
TXN-12222,ACC-50134,ACC-50145,CUST-1134,9575.87,WIRE,2026-08-10 10:26:00,2,"Delhi, IN",1,0,1
TXN-10345,ACC-50047,ACC-50125,CUST-1047,30781.49,CASH_DEPOSIT,2026-08-03 19:35:00,11,"Mumbai, IN",0,0,0
TXN-10523,ACC-50052,ACC-50139,CUST-1052,89485.73,TRANSFER,2026-08-08 15:22:00,7,"Mumbai, IN",0,0,0
TXN-10232,ACC-50083,ACC-50148,CUST-1083,4831.51,CASH_DEPOSIT,2026-08-04 00:12:00,16,"Delhi, IN",1,0,0
TXN-10644,ACC-50013,ACC-50056,CUST-1013,4223.58,CASH_DEPOSIT,2026-08-11 17:15:00,9,"Mumbai, IN",0,0,0
TXN-11917,ACC-50023,ACC-50093,CUST-1023,2535.22,CASH_DEPOSIT,2026-08-03 01:21:00,17,"Mumbai, IN",0,0,0
TXN-12170,ACC-50040,ACC-50012,CUST-1040,9102.38,CASH_DEPOSIT,2026-08-04 17:56:00,9,"Delhi, IN",1,0,1
TXN-11428,ACC-50127,ACC-50037,CUST-1127,6975.67,TRANSFER,2026-08-04 04:43:00,20,"Bangalore, IN",0,0,0
TXN-10533,ACC-50075,ACC-50055,CUST-1075,39452.35,TRANSFER,2026-08-10 06:30:00,22,"Mumbai, IN",0,0,0
TXN-12171,ACC-50040,ACC-50093,CUST-1040,9715.31,CASH_DEPOSIT,2026-08-03 17:33:00,9,"Mumbai, IN",1,0,1
TXN-10603,ACC-50001,ACC-50139,CUST-1001,26756.61,CASH_DEPOSIT,2026-08-08 15:54:00,7,"Mumbai, IN",1,0,0
TXN-11489,ACC-50029,ACC-50005,CUST-1029,4610.68,CASH_DEPOSIT,2026-08-02 05:53:00,21,"Mumbai, IN",1,0,0
TXN-11857,ACC-50021,ACC-50005,CUST-1021,7178.7,CASH_DEPOSIT,2026-08-01 14:58:00,6,"Delhi, IN",0,0,0
TXN-11426,ACC-50084,ACC-50101,CUST-1084,3490.19,TRANSFER,2026-08-06 03:17:00,19,"Mumbai, IN",0,0,0
TXN-11074,ACC-50013,ACC-50086,CUST-1013,5042.27,TRANSFER,2026-08-05 06:50:00,22,"Mumbai, IN",1,0,0
TXN-12005,ACC-50141,ACC-50090,CUST-1141,3569.09,TRANSFER,2026-08-01 21:09:00,13,"Mumbai, IN",0,0,0
TXN-10060,ACC-50076,ACC-50100,CUST-1076,4115.95,TRANSFER,2026-08-10 03:34:00,19,"Delhi, IN",0,0,0
TXN-11940,ACC-50069,ACC-50005,CUST-1069,4520.23,TRANSFER,2026-08-04 05:04:00,21,"Mumbai, IN",1,0,0
TXN-10092,ACC-50108,ACC-50029,CUST-1108,3490.97,CASH_DEPOSIT,2026-08-03 21:41:00,13,"Mumbai, IN",0,0,0
TXN-10666,ACC-50096,ACC-50141,CUST-1096,68097.63,CASH_DEPOSIT,2026-08-08 22:23:00,14,"Mumbai, IN",0,0,0
TXN-11720,ACC-50116,ACC-50136,CUST-1116,8739.36,CASH_DEPOSIT,2026-08-02 03:56:00,19,"Mumbai, IN",0,0,0
TXN-12246,ACC-50026,ACC-50020,CUST-1026,1142634.45,WIRE,2026-08-02 08:24:00,0,"Dubai, AE",1,1,1
TXN-10280,ACC-50008,ACC-50108,CUST-1008,4641.58,TRANSFER,2026-08-04 14:15:00,6,"Mumbai, IN",0,0,0
TXN-11719,ACC-50119,ACC-50115,CUST-1119,16542.92,TRANSFER,2026-08-06 18:41:00,10,"Mumbai, IN",0,0,0
TXN-11725,ACC-50083,ACC-50080,CUST-1083,9706.62,TRANSFER,2026-08-04 21:42:00,13,"Mumbai, IN",1,0,0
TXN-10359,ACC-50103,ACC-50132,CUST-1103,4283.51,CASH_DEPOSIT,2026-08-06 22:44:00,14,"Delhi, IN",0,0,0
TXN-11748,ACC-50008,ACC-50061,CUST-1008,3542.51,TRANSFER,2026-08-06 19:25:00,11,"Mumbai, IN",1,0,0
TXN-11543,ACC-50074,ACC-50125,CUST-1074,3019.97,CASH_DEPOSIT,2026-08-12 05:50:00,21,"Mumbai, IN",1,0,0
TXN-11397,ACC-50097,ACC-50069,CUST-1097,6279.16,TRANSFER,2026-08-03 19:59:00,11,"Mumbai, IN",0,0,0
TXN-11803,ACC-50022,ACC-50025,CUST-1022,9139.49,CASH_DEPOSIT,2026-08-12 02:36:00,18,"Delhi, IN",1,0,0
TXN-10847,ACC-50120,ACC-50137,CUST-1120,62753.33,CASH_DEPOSIT,2026-08-10 23:28:00,15,"Mumbai, IN",0,0,0
TXN-11206,ACC-50140,ACC-50100,CUST-1140,57364.62,TRANSFER,2026-08-06 17:08:00,9,"Mumbai, IN",0,0,0
TXN-12262,ACC-50103,ACC-50146,CUST-1103,73530.65,WIRE,2026-08-11 10:33:00,2,"Bangalore, IN",1,0,1
TXN-10760,ACC-50029,ACC-50119,CUST-1029,4629.23,CASH_DEPOSIT,2026-08-03 00:35:00,16,"Mumbai, IN",1,0,0
TXN-10110,ACC-50126,ACC-50009,CUST-1126,53674.5,CASH_DEPOSIT,2026-08-10 18:32:00,10,"Delhi, IN",0,0,0
TXN-10042,ACC-50065,ACC-50011,CUST-1065,8466.57,TRANSFER,2026-08-10 03:00:00,19,"Mumbai, IN",0,0,0
TXN-10125,ACC-50023,ACC-50076,CUST-1023,4567.01,TRANSFER,2026-08-08 00:47:00,16,"Mumbai, IN",0,0,0
TXN-10204,ACC-50012,ACC-50085,CUST-1012,17863.02,CASH_DEPOSIT,2026-08-06 22:07:00,14,"Bangalore, IN",1,0,0
TXN-11473,ACC-50086,ACC-50108,CUST-1086,11131.47,TRANSFER,2026-08-06 22:12:00,14,"Mumbai, IN",0,0,0
TXN-10052,ACC-50108,ACC-50056,CUST-1108,8199.55,CASH_DEPOSIT,2026-08-09 19:51:00,11,"Mumbai, IN",0,0,0
TXN-10545,ACC-50076,ACC-50096,CUST-1076,4628.72,TRANSFER,2026-08-09 14:35:00,6,"Mumbai, IN",0,0,0
TXN-10068,ACC-50042,ACC-50029,CUST-1042,3756.51,TRANSFER,2026-08-02 19:19:00,11,"Mumbai, IN",0,0,0
TXN-12223,ACC-50015,ACC-50102,CUST-1015,9644.2,WIRE,2026-08-07 23:48:00,15,"Mumbai, IN",1,0,1
TXN-11951,ACC-50020,ACC-50108,CUST-1020,7059.27,TRANSFER,2026-08-09 17:32:00,9,"Mumbai, IN",0,0,0
TXN-12197,ACC-50134,ACC-50028,CUST-1134,9567.28,CASH_DEPOSIT,2026-08-02 04:33:00,20,"Delhi, IN",1,0,1
TXN-11908,ACC-50063,ACC-50097,CUST-1063,26235.71,CASH_DEPOSIT,2026-08-02 03:44:00,19,"Mumbai, IN",0,0,0
TXN-11424,ACC-50147,ACC-50110,CUST-1147,5252.69,TRANSFER,2026-08-03 01:13:00,17,"Delhi, IN",0,0,0
TXN-10183,ACC-50025,ACC-50130,CUST-1025,77545.4,CASH_DEPOSIT,2026-08-12 06:02:00,22,"Bangalore, IN",0,0,0
TXN-10137,ACC-50012,ACC-50086,CUST-1012,9217.16,TRANSFER,2026-08-10 21:08:00,13,"Mumbai, IN",0,0,0
TXN-10899,ACC-50030,ACC-50037,CUST-1030,5632.88,TRANSFER,2026-08-11 02:25:00,18,"Mumbai, IN",0,0,0
TXN-10796,ACC-50070,ACC-50110,CUST-1070,118405.54,TRANSFER,2026-08-04 00:16:00,16,"Mumbai, IN",0,0,0
TXN-10132,ACC-50029,ACC-50024,CUST-1029,6035.22,TRANSFER,2026-08-09 21:56:00,13,"Mumbai, IN",0,0,0
TXN-10080,ACC-50090,ACC-50117,CUST-1090,6238.12,TRANSFER,2026-08-05 22:19:00,14,"Mumbai, IN",0,0,0
TXN-11586,ACC-50061,ACC-50144,CUST-1061,4683.3,TRANSFER,2026-08-08 02:24:00,18,"Mumbai, IN",0,0,0
TXN-12157,ACC-50074,ACC-50123,CUST-1074,9435.42,CASH_DEPOSIT,2026-08-04 05:37:00,21,"Mumbai, IN",1,0,1
TXN-10758,ACC-50098,ACC-50016,CUST-1098,26562.87,CASH_DEPOSIT,2026-08-11 00:13:00,16,"Mumbai, IN",1,0,0
TXN-10541,ACC-50110,ACC-50080,CUST-1110,15501.2,TRANSFER,2026-08-11 14:24:00,6,"Mumbai, IN",0,0,0
TXN-11019,ACC-50099,ACC-50032,CUST-1099,62502.93,TRANSFER,2026-08-06 06:34:00,22,"Mumbai, IN",0,0,0
TXN-11766,ACC-50076,ACC-50031,CUST-1076,4755.4,TRANSFER,2026-08-03 04:09:00,20,"Mumbai, IN",0,0,0
TXN-10983,ACC-50105,ACC-50024,CUST-1105,16491.87,CASH_DEPOSIT,2026-08-11 04:42:00,20,"Mumbai, IN",0,0,0
TXN-12231,ACC-50117,ACC-50049,CUST-1117,9760.64,CASH_DEPOSIT,2026-08-03 21:34:00,13,"Delhi, IN",1,0,1
TXN-10165,ACC-50074,ACC-50029,CUST-1074,7030.81,TRANSFER,2026-08-07 02:01:00,18,"Bangalore, IN",1,0,0
TXN-10248,ACC-50080,ACC-50044,CUST-1080,4808.12,CASH_DEPOSIT,2026-08-10 04:58:00,20,"Mumbai, IN",0,0,0
TXN-11331,ACC-50010,ACC-50094,CUST-1010,15182.56,TRANSFER,2026-08-07 23:25:00,15,"Mumbai, IN",1,0,0
TXN-10446,ACC-50022,ACC-50100,CUST-1022,6403.52,CASH_DEPOSIT,2026-08-07 02:35:00,18,"Mumbai, IN",0,0,0
TXN-11776,ACC-50006,ACC-50056,CUST-1006,29944.34,CASH_DEPOSIT,2026-08-11 19:01:00,11,"Mumbai, IN",1,0,0
TXN-10858,ACC-50081,ACC-50089,CUST-1081,11742.24,TRANSFER,2026-08-08 18:23:00,10,"Bangalore, IN",0,0,0
TXN-11358,ACC-50001,ACC-50096,CUST-1001,16958.96,CASH_DEPOSIT,2026-08-05 21:32:00,13,"Delhi, IN",0,0,0
TXN-11861,ACC-50071,ACC-50063,CUST-1071,7900.2,CASH_DEPOSIT,2026-08-03 17:42:00,9,"Mumbai, IN",0,0,0
TXN-10097,ACC-50071,ACC-50046,CUST-1071,14262.04,TRANSFER,2026-08-09 03:40:00,19,"Mumbai, IN",1,0,0
TXN-12307,ACC-50131,ACC-50042,CUST-1131,142731.7,WIRE,2026-08-02 17:13:00,9,"Dubai, AE",1,0,1
TXN-10805,ACC-50141,ACC-50010,CUST-1141,2803.44,CASH_DEPOSIT,2026-08-05 02:42:00,18,"Mumbai, IN",0,0,0
TXN-10737,ACC-50146,ACC-50099,CUST-1146,14269.19,CASH_DEPOSIT,2026-08-02 19:38:00,11,"Mumbai, IN",0,0,0
TXN-12100,ACC-50133,ACC-50144,CUST-1133,6535.65,CASH_DEPOSIT,2026-08-03 17:37:00,9,"Mumbai, IN",0,0,0
TXN-11885,ACC-50110,ACC-50020,CUST-1110,8420.34,TRANSFER,2026-08-12 04:00:00,20,"Mumbai, IN",0,0,0
TXN-12000,ACC-50130,ACC-50146,CUST-1130,4907.63,TRANSFER,2026-08-06 03:12:00,19,"Bangalore, IN",1,0,0
TXN-10102,ACC-50073,ACC-50113,CUST-1073,15510.43,TRANSFER,2026-08-02 05:07:00,21,"Mumbai, IN",0,0,0
TXN-10434,ACC-50104,ACC-50142,CUST-1104,4617.53,CASH_DEPOSIT,2026-08-05 22:42:00,14,"Mumbai, IN",0,0,0
TXN-10074,ACC-50022,ACC-50072,CUST-1022,6916.5,TRANSFER,2026-08-09 04:15:00,20,"Mumbai, IN",1,0,0
TXN-10577,ACC-50133,ACC-50107,CUST-1133,8779.41,TRANSFER,2026-08-02 01:55:00,17,"Mumbai, IN",0,0,0
TXN-11846,ACC-50065,ACC-50041,CUST-1065,11497.99,CASH_DEPOSIT,2026-08-02 01:47:00,17,"Mumbai, IN",0,0,0
TXN-12312,ACC-50045,ACC-50047,CUST-1045,140986.65,WIRE,2026-08-06 23:29:00,15,"Singapore, SG",1,0,1
TXN-11230,ACC-50134,ACC-50078,CUST-1134,4686.47,CASH_DEPOSIT,2026-08-10 05:06:00,21,"Mumbai, IN",0,0,0
TXN-10918,ACC-50025,ACC-50053,CUST-1025,70258.23,TRANSFER,2026-08-10 00:31:00,16,"Mumbai, IN",0,0,0
TXN-11326,ACC-50074,ACC-50093,CUST-1074,7239.03,CASH_DEPOSIT,2026-08-12 03:02:00,19,"Mumbai, IN",0,0,0
TXN-12315,ACC-50026,ACC-50101,CUST-1026,647786.82,WIRE,2026-08-08 13:45:00,5,"Delhi, IN",1,0,1
TXN-12286,ACC-50049,ACC-50079,CUST-1049,116531.5,WIRE,2026-08-11 11:56:00,3,"Delhi, IN",1,0,1
TXN-12245,ACC-50102,ACC-50027,CUST-1102,244913.64,WIRE,2026-08-01 10:29:00,2,"Dubai, AE",1,0,1
TXN-10762,ACC-50055,ACC-50035,CUST-1055,3497.57,TRANSFER,2026-08-03 14:48:00,6,"Mumbai, IN",0,0,0
TXN-12115,ACC-50049,ACC-50136,CUST-1049,3705.84,CASH_DEPOSIT,2026-08-03 23:22:00,15,"Delhi, IN",0,0,0
TXN-10989,ACC-50077,ACC-50022,CUST-1077,109294.62,TRANSFER,2026-08-01 18:08:00,10,"Mumbai, IN",0,0,0
TXN-10388,ACC-50098,ACC-50038,CUST-1098,19071.44,TRANSFER,2026-08-01 19:59:00,11,"Bangalore, IN",1,0,0
TXN-10235,ACC-50073,ACC-50138,CUST-1073,14727.03,CASH_DEPOSIT,2026-08-02 14:54:00,6,"Mumbai, IN",0,0,0
TXN-12494,ACC-59904,ACC-59901,CUST-9003,764145.99,WIRE,2026-08-03 12:19:00,4,"George Town, KY",1,1,1
TXN-10267,ACC-50030,ACC-50076,CUST-1030,2925.8,TRANSFER,2026-08-05 01:39:00,17,"Delhi, IN",0,0,0
TXN-11329,ACC-50041,ACC-50017,CUST-1041,3879.18,CASH_DEPOSIT,2026-08-06 22:36:00,14,"Mumbai, IN",0,0,0
TXN-12303,ACC-50087,ACC-50124,CUST-1087,151298.49,WIRE,2026-08-11 14:40:00,6,"Panama City, PA",1,0,1
TXN-10117,ACC-50043,ACC-50045,CUST-1043,23399.15,TRANSFER,2026-08-07 16:39:00,8,"Mumbai, IN",1,0,0
TXN-10437,ACC-50020,ACC-50122,CUST-1020,6637.26,CASH_DEPOSIT,2026-08-07 17:19:00,9,"Mumbai, IN",0,0,0
TXN-10673,ACC-50106,ACC-50030,CUST-1106,12167.17,TRANSFER,2026-08-11 21:47:00,13,"Bangalore, IN",1,0,0
TXN-10249,ACC-50123,ACC-50049,CUST-1123,8560.05,CASH_DEPOSIT,2026-08-09 21:17:00,13,"Mumbai, IN",0,0,0
TXN-12128,ACC-50015,ACC-50123,CUST-1015,9287.48,WIRE,2026-08-04 13:01:00,5,"Delhi, IN",1,0,1
TXN-11574,ACC-50074,ACC-50134,CUST-1074,5400.69,TRANSFER,2026-08-10 20:51:00,12,"Mumbai, IN",0,0,0
TXN-12496,ACC-59902,ACC-59903,CUST-9001,902342.64,WIRE,2026-08-02 10:54:00,2,"George Town, KY",1,1,1
TXN-10094,ACC-50069,ACC-50129,CUST-1069,6737.17,TRANSFER,2026-08-03 05:28:00,21,"Mumbai, IN",1,0,0
TXN-11897,ACC-50086,ACC-50079,CUST-1086,14585.47,TRANSFER,2026-08-03 03:39:00,19,"Mumbai, IN",0,0,0
TXN-10033,ACC-50028,ACC-50019,CUST-1028,3128.33,CASH_DEPOSIT,2026-08-01 18:34:00,10,"Mumbai, IN",0,0,0
TXN-12134,ACC-50040,ACC-50124,CUST-1040,9264.41,WIRE,2026-08-05 12:46:00,4,"Delhi, IN",1,0,1
TXN-12284,ACC-50125,ACC-50133,CUST-1125,83656.44,WIRE,2026-08-09 20:54:00,12,"London, UK",1,0,1
TXN-10448,ACC-50027,ACC-50145,CUST-1027,14598.02,TRANSFER,2026-08-05 17:50:00,9,"Delhi, IN",0,0,0
TXN-11469,ACC-50096,ACC-50018,CUST-1096,57337.81,CASH_DEPOSIT,2026-08-09 16:08:00,8,"Mumbai, IN",1,0,0
TXN-11795,ACC-50068,ACC-50148,CUST-1068,16460.21,CASH_DEPOSIT,2026-08-10 15:29:00,7,"Mumbai, IN",1,0,0
TXN-10716,ACC-50107,ACC-50078,CUST-1107,24658.1,CASH_DEPOSIT,2026-08-08 23:46:00,15,"Mumbai, IN",0,0,0
TXN-11941,ACC-50007,ACC-50010,CUST-1007,5227.64,CASH_DEPOSIT,2026-08-09 05:27:00,21,"Mumbai, IN",0,0,0
TXN-12175,ACC-50074,ACC-50091,CUST-1074,9768.54,WIRE,2026-08-10 09:49:00,1,"Mumbai, IN",1,0,1
TXN-10000,ACC-50063,ACC-50144,CUST-1063,25341.79,CASH_DEPOSIT,2026-08-10 22:47:00,14,"Delhi, IN",0,0,0
TXN-10456,ACC-50116,ACC-50012,CUST-1116,14559.46,CASH_DEPOSIT,2026-08-05 01:45:00,17,"Mumbai, IN",1,0,0
TXN-11101,ACC-50045,ACC-50083,CUST-1045,7236.09,TRANSFER,2026-08-09 01:33:00,17,"Delhi, IN",0,0,0
TXN-11108,ACC-50075,ACC-50129,CUST-1075,52408.61,TRANSFER,2026-08-12 06:34:00,22,"Mumbai, IN",0,0,0
TXN-11882,ACC-50047,ACC-50083,CUST-1047,30556.18,TRANSFER,2026-08-07 21:10:00,13,"Delhi, IN",1,0,0
TXN-10082,ACC-50025,ACC-50050,CUST-1025,139164.36,TRANSFER,2026-08-06 23:14:00,15,"Mumbai, IN",0,0,0
TXN-11481,ACC-50058,ACC-50106,CUST-1058,31355.66,TRANSFER,2026-08-01 15:51:00,7,"Mumbai, IN",0,0,0
TXN-11976,ACC-50035,ACC-50030,CUST-1035,22652.06,TRANSFER,2026-08-02 14:10:00,6,"Mumbai, IN",0,0,0
TXN-10676,ACC-50056,ACC-50111,CUST-1056,59682.26,TRANSFER,2026-08-07 23:50:00,15,"Mumbai, IN",0,0,0
TXN-12042,ACC-50072,ACC-50095,CUST-1072,3369.13,TRANSFER,2026-08-09 15:51:00,7,"Mumbai, IN",1,0,0
TXN-12126,ACC-50040,ACC-50122,CUST-1040,9767.84,CASH_DEPOSIT,2026-08-11 01:04:00,17,"Delhi, IN",1,0,1
TXN-11046,ACC-50076,ACC-50100,CUST-1076,5288.07,CASH_DEPOSIT,2026-08-03 17:20:00,9,"Delhi, IN",1,0,0
TXN-11460,ACC-50024,ACC-50028,CUST-1024,15136.67,CASH_DEPOSIT,2026-08-12 05:59:00,21,"Mumbai, IN",0,0,0
TXN-10770,ACC-50111,ACC-50034,CUST-1111,5089.45,CASH_DEPOSIT,2026-08-11 16:08:00,8,"Bangalore, IN",1,0,0
TXN-11668,ACC-50133,ACC-50120,CUST-1133,14509.04,CASH_DEPOSIT,2026-08-08 02:04:00,18,"Bangalore, IN",0,0,0
TXN-12024,ACC-50118,ACC-50142,CUST-1118,6330.33,TRANSFER,2026-08-04 01:46:00,17,"Mumbai, IN",0,0,0
TXN-11963,ACC-50006,ACC-50098,CUST-1006,20035.13,CASH_DEPOSIT,2026-08-02 15:31:00,7,"Mumbai, IN",0,0,0
TXN-10517,ACC-50075,ACC-50116,CUST-1075,28900.08,TRANSFER,2026-08-07 18:08:00,10,"Mumbai, IN",0,0,0
TXN-10822,ACC-50070,ACC-50013,CUST-1070,83490.85,TRANSFER,2026-08-03 20:07:00,12,"Delhi, IN",1,0,0
TXN-10404,ACC-50103,ACC-50116,CUST-1103,6234.76,TRANSFER,2026-08-08 21:06:00,13,"Mumbai, IN",0,0,0
TXN-10384,ACC-50030,ACC-50007,CUST-1030,5164.09,CASH_DEPOSIT,2026-08-08 00:51:00,16,"Mumbai, IN",0,0,0
TXN-11991,ACC-50120,ACC-50086,CUST-1120,47281.64,CASH_DEPOSIT,2026-08-08 16:44:00,8,"Mumbai, IN",0,0,0
TXN-12424,ACC-59902,ACC-59903,CUST-9001,864530.64,WIRE,2026-08-04 09:21:00,1,"George Town, KY",1,1,1
TXN-10104,ACC-50118,ACC-50030,CUST-1118,3761.75,TRANSFER,2026-08-05 18:31:00,10,"Mumbai, IN",1,0,0
TXN-11633,ACC-50028,ACC-50046,CUST-1028,2506.26,TRANSFER,2026-08-08 03:34:00,19,"Mumbai, IN",0,0,0
TXN-12384,ACC-50131,ACC-50081,CUST-1131,150901.79,WIRE,2026-08-10 09:16:00,1,"Dubai, AE",1,1,1
TXN-10688,ACC-50092,ACC-50027,CUST-1092,6610.45,CASH_DEPOSIT,2026-08-11 14:18:00,6,"Mumbai, IN",1,0,0
TXN-12210,ACC-50117,ACC-50013,CUST-1117,9794.79,CASH_DEPOSIT,2026-08-04 01:35:00,17,"Mumbai, IN",1,0,1
TXN-10826,ACC-50148,ACC-50083,CUST-1148,29077.0,CASH_DEPOSIT,2026-08-12 03:12:00,19,"Mumbai, IN",0,0,0
TXN-11240,ACC-50062,ACC-50136,CUST-1062,4798.97,TRANSFER,2026-08-08 15:38:00,7,"Mumbai, IN",0,0,0
TXN-10062,ACC-50042,ACC-50120,CUST-1042,5535.52,TRANSFER,2026-08-09 18:39:00,10,"Bangalore, IN",0,0,0
TXN-11305,ACC-50004,ACC-50093,CUST-1004,10082.28,TRANSFER,2026-08-03 05:08:00,21,"Delhi, IN",0,0,0
TXN-10852,ACC-50133,ACC-50085,CUST-1133,13374.97,TRANSFER,2026-08-07 03:37:00,19,"Mumbai, IN",0,0,0
TXN-12320,ACC-50062,ACC-50148,CUST-1062,137012.91,WIRE,2026-08-07 01:13:00,17,"Singapore, SG",1,0,1
TXN-10176,ACC-50010,ACC-50064,CUST-1010,12433.06,TRANSFER,2026-08-10 04:28:00,20,"Mumbai, IN",0,0,0
TXN-11262,ACC-50077,ACC-50028,CUST-1077,146263.3,CASH_DEPOSIT,2026-08-05 22:23:00,14,"Mumbai, IN",0,0,0
TXN-10223,ACC-50088,ACC-50133,CUST-1088,9145.66,CASH_DEPOSIT,2026-08-02 23:54:00,15,"Mumbai, IN",0,0,0
TXN-10145,ACC-50016,ACC-50033,CUST-1016,5275.01,TRANSFER,2026-08-11 22:39:00,14,"Mumbai, IN",0,0,0
TXN-11088,ACC-50116,ACC-50010,CUST-1116,12203.94,TRANSFER,2026-08-02 05:14:00,21,"Mumbai, IN",0,0,0
TXN-10373,ACC-50063,ACC-50142,CUST-1063,39075.97,TRANSFER,2026-08-01 23:49:00,15,"Mumbai, IN",0,0,0
TXN-11824,ACC-50126,ACC-50052,CUST-1126,42856.69,TRANSFER,2026-08-07 14:02:00,6,"Mumbai, IN",0,0,0
TXN-12109,ACC-50023,ACC-50086,CUST-1023,5631.46,TRANSFER,2026-08-01 22:47:00,14,"Mumbai, IN",0,0,0
TXN-11142,ACC-50007,ACC-50003,CUST-1007,7206.76,TRANSFER,2026-08-05 00:52:00,16,"Mumbai, IN",0,0,0
TXN-12392,ACC-50047,ACC-50115,CUST-1047,153946.81,WIRE,2026-08-05 09:45:00,1,"Panama City, PA",1,1,1
TXN-12163,ACC-50040,ACC-50008,CUST-1040,9750.66,WIRE,2026-08-11 09:49:00,1,"Mumbai, IN",1,0,1
TXN-11274,ACC-50143,ACC-50099,CUST-1143,14506.99,TRANSFER,2026-08-06 02:38:00,18,"Mumbai, IN",0,0,0
TXN-11265,ACC-50125,ACC-50093,CUST-1125,6812.55,TRANSFER,2026-08-03 00:19:00,16,"Mumbai, IN",0,0,0
TXN-12233,ACC-50134,ACC-50057,CUST-1134,9100.83,CASH_DEPOSIT,2026-08-10 06:54:00,22,"Delhi, IN",1,0,1
TXN-11948,ACC-50092,ACC-50111,CUST-1092,4714.94,TRANSFER,2026-08-05 16:38:00,8,"Mumbai, IN",0,0,0
TXN-10009,ACC-50138,ACC-50051,CUST-1138,24139.48,TRANSFER,2026-08-11 23:25:00,15,"Mumbai, IN",1,0,0
TXN-10449,ACC-50098,ACC-50125,CUST-1098,16532.11,CASH_DEPOSIT,2026-08-04 05:02:00,21,"Mumbai, IN",1,0,0
TXN-11838,ACC-50085,ACC-50113,CUST-1085,15475.43,TRANSFER,2026-08-08 14:55:00,6,"Bangalore, IN",0,0,0
TXN-10708,ACC-50132,ACC-50012,CUST-1132,30795.43,CASH_DEPOSIT,2026-08-08 20:18:00,12,"Delhi, IN",1,0,0
TXN-10255,ACC-50025,ACC-50106,CUST-1025,67553.56,TRANSFER,2026-08-09 00:45:00,16,"Mumbai, IN",0,0,0
TXN-10882,ACC-50087,ACC-50041,CUST-1087,12541.51,TRANSFER,2026-08-03 17:13:00,9,"Mumbai, IN",0,0,0
TXN-11617,ACC-50147,ACC-50102,CUST-1147,5640.79,TRANSFER,2026-08-09 14:10:00,6,"Bangalore, IN",0,0,0
TXN-10389,ACC-50057,ACC-50083,CUST-1057,13697.29,CASH_DEPOSIT,2026-08-06 21:26:00,13,"Bangalore, IN",0,0,0
TXN-12015,ACC-50016,ACC-50116,CUST-1016,3004.53,CASH_DEPOSIT,2026-08-10 14:24:00,6,"Mumbai, IN",0,0,0
TXN-12395,ACC-50047,ACC-50007,CUST-1047,130161.33,WIRE,2026-08-09 11:06:00,3,"Panama City, PA",1,1,1
TXN-11581,ACC-50019,ACC-50040,CUST-1019,15228.62,CASH_DEPOSIT,2026-08-04 17:46:00,9,"Mumbai, IN",0,0,0
TXN-10908,ACC-50115,ACC-50080,CUST-1115,22768.27,TRANSFER,2026-08-09 02:28:00,18,"Mumbai, IN",0,0,0
TXN-10924,ACC-50004,ACC-50133,CUST-1004,9522.66,TRANSFER,2026-08-08 19:36:00,11,"Mumbai, IN",1,0,0
TXN-10751,ACC-50091,ACC-50079,CUST-1091,49284.33,TRANSFER,2026-08-05 00:52:00,16,"Mumbai, IN",0,0,0
TXN-11889,ACC-50083,ACC-50104,CUST-1083,6176.91,CASH_DEPOSIT,2026-08-09 04:55:00,20,"Mumbai, IN",1,0,0
TXN-10460,ACC-50056,ACC-50058,CUST-1056,33784.05,CASH_DEPOSIT,2026-08-11 20:17:00,12,"Mumbai, IN",0,0,0
TXN-11747,ACC-50148,ACC-50008,CUST-1148,28052.89,TRANSFER,2026-08-02 02:40:00,18,"Mumbai, IN",0,0,0
TXN-11947,ACC-50095,ACC-50120,CUST-1095,5010.2,TRANSFER,2026-08-06 01:49:00,17,"Delhi, IN",1,0,0
TXN-11224,ACC-50019,ACC-50141,CUST-1019,14712.03,TRANSFER,2026-08-07 22:16:00,14,"Delhi, IN",1,0,0
TXN-11168,ACC-50065,ACC-50090,CUST-1065,8231.12,TRANSFER,2026-08-09 06:45:00,22,"Mumbai, IN",0,0,0
TXN-10958,ACC-50060,ACC-50121,CUST-1060,25790.32,TRANSFER,2026-08-12 01:38:00,17,"Mumbai, IN",0,0,0
TXN-10501,ACC-50098,ACC-50038,CUST-1098,12230.62,TRANSFER,2026-08-11 15:00:00,7,"Mumbai, IN",1,0,0
TXN-11727,ACC-50031,ACC-50097,CUST-1031,26674.29,CASH_DEPOSIT,2026-08-04 14:28:00,6,"Mumbai, IN",1,0,0
TXN-10739,ACC-50055,ACC-50135,CUST-1055,3978.42,CASH_DEPOSIT,2026-08-02 23:11:00,15,"Mumbai, IN",0,0,0
TXN-10040,ACC-50007,ACC-50030,CUST-1007,6744.75,CASH_DEPOSIT,2026-08-10 22:11:00,14,"Mumbai, IN",1,0,0
TXN-10868,ACC-50106,ACC-50114,CUST-1106,15592.84,TRANSFER,2026-08-07 23:10:00,15,"Mumbai, IN",0,0,0
TXN-10731,ACC-50001,ACC-50030,CUST-1001,30317.53,TRANSFER,2026-08-08 00:21:00,16,"Mumbai, IN",0,0,0
TXN-10539,ACC-50006,ACC-50118,CUST-1006,20781.5,TRANSFER,2026-08-03 00:02:00,16,"Mumbai, IN",0,0,0
TXN-11201,ACC-50081,ACC-50079,CUST-1081,9900.92,CASH_DEPOSIT,2026-08-03 06:44:00,22,"Bangalore, IN",1,0,0
TXN-11339,ACC-50081,ACC-50146,CUST-1081,7484.56,TRANSFER,2026-08-07 15:38:00,7,"Delhi, IN",1,0,0
TXN-10697,ACC-50110,ACC-50037,CUST-1110,11763.3,TRANSFER,2026-08-02 19:20:00,11,"Mumbai, IN",0,0,0
TXN-12344,ACC-50131,ACC-50138,CUST-1131,46810.22,WIRE,2026-08-11 10:29:00,2,"Dubai, AE",1,1,1
TXN-12087,ACC-50045,ACC-50140,CUST-1045,3349.77,CASH_DEPOSIT,2026-08-11 20:00:00,12,"Mumbai, IN",0,0,0
TXN-12076,ACC-50071,ACC-50051,CUST-1071,13924.22,TRANSFER,2026-08-01 19:26:00,11,"Mumbai, IN",0,0,0
TXN-11371,ACC-50096,ACC-50080,CUST-1096,38012.12,TRANSFER,2026-08-04 04:51:00,20,"Mumbai, IN",0,0,0
TXN-11145,ACC-50030,ACC-50060,CUST-1030,6559.86,CASH_DEPOSIT,2026-08-06 20:06:00,12,"Mumbai, IN",1,0,0
TXN-11031,ACC-50028,ACC-50031,CUST-1028,3618.99,TRANSFER,2026-08-06 01:36:00,17,"Mumbai, IN",0,0,0
TXN-10372,ACC-50098,ACC-50089,CUST-1098,28100.76,TRANSFER,2026-08-04 03:20:00,19,"Mumbai, IN",0,0,0
TXN-10667,ACC-50072,ACC-50004,CUST-1072,3774.6,TRANSFER,2026-08-06 06:08:00,22,"Mumbai, IN",0,0,0
TXN-11431,ACC-50012,ACC-50065,CUST-1012,9811.84,TRANSFER,2026-08-05 18:22:00,10,"Mumbai, IN",0,0,0
TXN-12183,ACC-50134,ACC-50074,CUST-1134,9903.63,CASH_DEPOSIT,2026-08-04 05:24:00,21,"Delhi, IN",1,0,1
TXN-10357,ACC-50063,ACC-50037,CUST-1063,18579.37,TRANSFER,2026-08-05 00:53:00,16,"Mumbai, IN",0,0,0
TXN-10967,ACC-50117,ACC-50127,CUST-1117,7046.21,TRANSFER,2026-08-03 17:54:00,9,"Mumbai, IN",0,0,0
TXN-10783,ACC-50124,ACC-50046,CUST-1124,105937.32,CASH_DEPOSIT,2026-08-02 06:55:00,22,"Mumbai, IN",0,0,0
TXN-10735,ACC-50142,ACC-50137,CUST-1142,18483.39,TRANSFER,2026-08-10 14:13:00,6,"Mumbai, IN",0,0,0
TXN-11353,ACC-50138,ACC-50111,CUST-1138,30198.29,TRANSFER,2026-08-12 02:18:00,18,"Mumbai, IN",0,0,0
TXN-11035,ACC-50144,ACC-50115,CUST-1144,3644.14,CASH_DEPOSIT,2026-08-08 00:50:00,16,"Bangalore, IN",0,0,0
TXN-10970,ACC-50063,ACC-50128,CUST-1063,25917.23,TRANSFER,2026-08-06 17:56:00,9,"Mumbai, IN",0,0,0
TXN-10470,ACC-50085,ACC-50022,CUST-1085,9464.36,TRANSFER,2026-08-04 21:22:00,13,"Delhi, IN",0,0,0
TXN-10655,ACC-50028,ACC-50024,CUST-1028,4461.06,TRANSFER,2026-08-03 06:42:00,22,"Mumbai, IN",0,0,0
TXN-12353,ACC-50091,ACC-50033,CUST-1091,73621.7,WIRE,2026-08-02 09:16:00,1,"Dubai, AE",1,1,1
TXN-11909,ACC-50075,ACC-50006,CUST-1075,50763.32,CASH_DEPOSIT,2026-08-11 14:41:00,6,"Mumbai, IN",1,0,0
TXN-12330,ACC-50131,ACC-50137,CUST-1131,98236.68,WIRE,2026-08-01 09:51:00,1,"Panama City, PA",1,1,1
TXN-11396,ACC-50013,ACC-50067,CUST-1013,5101.78,CASH_DEPOSIT,2026-08-01 15:07:00,7,"Mumbai, IN",0,0,0
TXN-11536,ACC-50070,ACC-50117,CUST-1070,103696.14,TRANSFER,2026-08-03 06:43:00,22,"Mumbai, IN",0,0,0
TXN-11983,ACC-50122,ACC-50132,CUST-1122,5398.82,TRANSFER,2026-08-03 16:36:00,8,"Mumbai, IN",1,0,0
TXN-12181,ACC-50134,ACC-50076,CUST-1134,9234.8,WIRE,2026-08-07 16:56:00,8,"Mumbai, IN",1,0,1
TXN-11549,ACC-50068,ACC-50125,CUST-1068,11700.82,TRANSFER,2026-08-11 21:21:00,13,"Mumbai, IN",1,0,0
TXN-11328,ACC-50140,ACC-50022,CUST-1140,49679.49,CASH_DEPOSIT,2026-08-09 05:06:00,21,"Mumbai, IN",0,0,0
TXN-11256,ACC-50074,ACC-50072,CUST-1074,2711.52,TRANSFER,2026-08-08 05:05:00,21,"Mumbai, IN",0,0,0
TXN-12161,ACC-50015,ACC-50057,CUST-1015,9693.96,WIRE,2026-08-03 11:33:00,3,"Mumbai, IN",1,0,1
TXN-11425,ACC-50070,ACC-50140,CUST-1070,139527.93,TRANSFER,2026-08-10 04:56:00,20,"Mumbai, IN",0,0,0
TXN-11464,ACC-50050,ACC-50065,CUST-1050,3499.5,CASH_DEPOSIT,2026-08-12 05:28:00,21,"Mumbai, IN",0,0,0
TXN-11555,ACC-50128,ACC-50101,CUST-1128,38717.65,CASH_DEPOSIT,2026-08-04 05:02:00,21,"Mumbai, IN",0,0,0
TXN-12155,ACC-50040,ACC-50051,CUST-1040,9444.94,CASH_DEPOSIT,2026-08-09 21:49:00,13,"Mumbai, IN",1,0,1
TXN-11250,ACC-50112,ACC-50041,CUST-1112,7590.45,TRANSFER,2026-08-07 18:22:00,10,"Mumbai, IN",0,0,0
TXN-11699,ACC-50101,ACC-50043,CUST-1101,5745.05,TRANSFER,2026-08-11 19:39:00,11,"Mumbai, IN",1,0,0
TXN-11252,ACC-50008,ACC-50042,CUST-1008,5337.03,CASH_DEPOSIT,2026-08-11 20:30:00,12,"Mumbai, IN",1,0,0
TXN-12425,ACC-59903,ACC-59904,CUST-9002,1100891.48,WIRE,2026-08-02 09:23:00,1,"George Town, KY",1,1,1
TXN-12318,ACC-50043,ACC-50025,CUST-1043,629762.31,WIRE,2026-08-10 18:42:00,10,"Delhi, IN",1,0,1
TXN-11236,ACC-50078,ACC-50105,CUST-1078,7694.82,TRANSFER,2026-08-03 00:54:00,16,"Mumbai, IN",0,0,0
TXN-10885,ACC-50044,ACC-50078,CUST-1044,49135.72,TRANSFER,2026-08-02 14:47:00,6,"Mumbai, IN",0,0,0
TXN-10079,ACC-50062,ACC-50079,CUST-1062,6648.17,TRANSFER,2026-08-10 01:30:00,17,"Mumbai, IN",0,0,0
TXN-11172,ACC-50132,ACC-50048,CUST-1132,64940.72,CASH_DEPOSIT,2026-08-08 03:10:00,19,"Mumbai, IN",1,0,0
TXN-10814,ACC-50083,ACC-50030,CUST-1083,5978.48,TRANSFER,2026-08-04 18:20:00,10,"Mumbai, IN",0,0,0
TXN-11852,ACC-50076,ACC-50106,CUST-1076,4174.19,CASH_DEPOSIT,2026-08-04 15:12:00,7,"Mumbai, IN",0,0,0
TXN-11970,ACC-50050,ACC-50124,CUST-1050,6079.64,CASH_DEPOSIT,2026-08-02 05:15:00,21,"Mumbai, IN",0,0,0
TXN-10671,ACC-50019,ACC-50084,CUST-1019,16602.43,TRANSFER,2026-08-09 05:11:00,21,"Mumbai, IN",0,0,0
TXN-12186,ACC-50134,ACC-50071,CUST-1134,9833.62,WIRE,2026-08-10 01:36:00,17,"Mumbai, IN",1,0,1
TXN-12441,ACC-59903,ACC-59904,CUST-9002,978025.43,WIRE,2026-08-06 11:57:00,3,"George Town, KY",1,1,1
TXN-10057,ACC-50138,ACC-50020,CUST-1138,20329.75,CASH_DEPOSIT,2026-08-04 18:09:00,10,"Mumbai, IN",0,0,0
TXN-10133,ACC-50138,ACC-50107,CUST-1138,21990.85,TRANSFER,2026-08-07 18:56:00,10,"Mumbai, IN",1,0,0
TXN-11140,ACC-50099,ACC-50078,CUST-1099,29421.48,TRANSFER,2026-08-11 04:03:00,20,"Mumbai, IN",1,0,0
TXN-10933,ACC-50101,ACC-50035,CUST-1101,8659.63,TRANSFER,2026-08-10 21:07:00,13,"Mumbai, IN",0,0,0
TXN-10928,ACC-50068,ACC-50074,CUST-1068,3002.14,TRANSFER,2026-08-11 19:16:00,11,"Mumbai, IN",0,0,0
TXN-10823,ACC-50045,ACC-50040,CUST-1045,3992.56,CASH_DEPOSIT,2026-08-11 15:03:00,7,"Mumbai, IN",1,0,0
TXN-11432,ACC-50022,ACC-50070,CUST-1022,6945.49,CASH_DEPOSIT,2026-08-04 18:46:00,10,"Mumbai, IN",0,0,0
TXN-11392,ACC-50081,ACC-50089,CUST-1081,18743.87,CASH_DEPOSIT,2026-08-10 02:05:00,18,"Mumbai, IN",0,0,0
TXN-11531,ACC-50052,ACC-50142,CUST-1052,25970.51,TRANSFER,2026-08-04 06:48:00,22,"Mumbai, IN",0,0,0
TXN-11214,ACC-50005,ACC-50147,CUST-1005,4207.07,TRANSFER,2026-08-03 05:17:00,21,"Mumbai, IN",1,0,0
TXN-10504,ACC-50020,ACC-50118,CUST-1020,5384.04,CASH_DEPOSIT,2026-08-11 04:51:00,20,"Mumbai, IN",1,0,0
TXN-12469,ACC-59903,ACC-59904,CUST-9002,774164.58,WIRE,2026-08-02 12:54:00,4,"George Town, KY",1,1,1
TXN-10347,ACC-50098,ACC-50144,CUST-1098,33578.16,CASH_DEPOSIT,2026-08-09 06:41:00,22,"Mumbai, IN",1,0,0
TXN-10386,ACC-50094,ACC-50040,CUST-1094,13731.63,TRANSFER,2026-08-02 22:49:00,14,"Mumbai, IN",0,0,0
TXN-11024,ACC-50096,ACC-50134,CUST-1096,75088.59,TRANSFER,2026-08-06 21:06:00,13,"Mumbai, IN",0,0,0
TXN-11958,ACC-50030,ACC-50054,CUST-1030,2602.81,TRANSFER,2026-08-11 19:52:00,11,"Mumbai, IN",1,0,0
TXN-11384,ACC-50031,ACC-50002,CUST-1031,27240.65,TRANSFER,2026-08-02 00:44:00,16,"Mumbai, IN",1,0,0
TXN-10894,ACC-50054,ACC-50132,CUST-1054,5453.95,CASH_DEPOSIT,2026-08-02 21:26:00,13,"Mumbai, IN",0,0,0
TXN-10828,ACC-50018,ACC-50121,CUST-1018,6157.55,TRANSFER,2026-08-08 05:03:00,21,"Mumbai, IN",1,0,0
TXN-12434,ACC-59904,ACC-59901,CUST-9003,1124997.57,WIRE,2026-08-01 10:17:00,2,"George Town, KY",1,1,1
TXN-10475,ACC-50001,ACC-50116,CUST-1001,38160.96,TRANSFER,2026-08-03 22:13:00,14,"Mumbai, IN",1,0,0
TXN-11683,ACC-50050,ACC-50092,CUST-1050,4185.99,TRANSFER,2026-08-11 05:29:00,21,"Bangalore, IN",0,0,0
TXN-12140,ACC-50015,ACC-50057,CUST-1015,9727.32,CASH_DEPOSIT,2026-08-02 15:23:00,7,"Mumbai, IN",1,0,1
TXN-12327,ACC-50038,ACC-50007,CUST-1038,665544.34,WIRE,2026-08-06 11:08:00,3,"Panama City, PA",1,0,1
TXN-12125,ACC-50015,ACC-50106,CUST-1015,9193.85,CASH_DEPOSIT,2026-08-05 18:09:00,10,"Delhi, IN",1,0,1
TXN-12089,ACC-50106,ACC-50041,CUST-1106,14804.17,CASH_DEPOSIT,2026-08-04 03:13:00,19,"Mumbai, IN",0,0,0
TXN-10652,ACC-50138,ACC-50093,CUST-1138,30114.19,TRANSFER,2026-08-12 04:00:00,20,"Mumbai, IN",0,0,0
TXN-10172,ACC-50014,ACC-50091,CUST-1014,10379.76,CASH_DEPOSIT,2026-08-06 06:04:00,22,"Mumbai, IN",0,0,0
TXN-11474,ACC-50015,ACC-50061,CUST-1015,14421.27,TRANSFER,2026-08-11 05:04:00,21,"Mumbai, IN",0,0,0
TXN-11149,ACC-50034,ACC-50086,CUST-1034,4268.13,TRANSFER,2026-08-06 19:40:00,11,"Mumbai, IN",0,0,0
TXN-10038,ACC-50089,ACC-50078,CUST-1089,71619.1,TRANSFER,2026-08-01 21:14:00,13,"Mumbai, IN",0,0,0
TXN-11554,ACC-50105,ACC-50055,CUST-1105,10886.85,TRANSFER,2026-08-01 21:00:00,13,"Mumbai, IN",0,0,0
TXN-12385,ACC-50047,ACC-50009,CUST-1047,154057.31,WIRE,2026-08-10 11:41:00,3,"George Town, KY",1,1,1
TXN-10713,ACC-50023,ACC-50030,CUST-1023,3394.87,TRANSFER,2026-08-07 04:40:00,20,"Mumbai, IN",1,0,0
TXN-10090,ACC-50120,ACC-50074,CUST-1120,37726.69,TRANSFER,2026-08-05 15:14:00,7,"Mumbai, IN",1,0,0
TXN-10166,ACC-50092,ACC-50022,CUST-1092,4828.19,TRANSFER,2026-08-03 03:54:00,19,"Mumbai, IN",1,0,0
TXN-11205,ACC-50100,ACC-50101,CUST-1100,17786.44,CASH_DEPOSIT,2026-08-05 16:33:00,8,"Mumbai, IN",0,0,0
TXN-10875,ACC-50126,ACC-50017,CUST-1126,34198.77,TRANSFER,2026-08-09 01:37:00,17,"Mumbai, IN",0,0,0
TXN-10444,ACC-50114,ACC-50044,CUST-1114,33341.36,TRANSFER,2026-08-04 19:13:00,11,"Mumbai, IN",0,0,0
TXN-12151,ACC-50040,ACC-50021,CUST-1040,9749.75,CASH_DEPOSIT,2026-08-03 15:04:00,7,"Delhi, IN",1,0,1
TXN-12291,ACC-50109,ACC-50115,CUST-1109,327936.81,WIRE,2026-08-10 09:01:00,1,"Singapore, SG",1,0,1
TXN-12483,ACC-59901,ACC-59902,CUST-9000,810709.51,WIRE,2026-08-03 12:54:00,4,"George Town, KY",1,1,1
TXN-11093,ACC-50086,ACC-50142,CUST-1086,4888.32,TRANSFER,2026-08-04 21:11:00,13,"Mumbai, IN",0,0,0
TXN-11827,ACC-50146,ACC-50079,CUST-1146,26451.92,TRANSFER,2026-08-11 20:56:00,12,"Delhi, IN",0,0,0
TXN-11155,ACC-50073,ACC-50006,CUST-1073,17621.44,CASH_DEPOSIT,2026-08-06 21:54:00,13,"Mumbai, IN",0,0,0
TXN-11324,ACC-50020,ACC-50024,CUST-1020,6370.38,TRANSFER,2026-08-04 21:56:00,13,"Mumbai, IN",0,0,0
TXN-10216,ACC-50022,ACC-50082,CUST-1022,4229.2,TRANSFER,2026-08-03 01:45:00,17,"Mumbai, IN",0,0,0
TXN-11350,ACC-50004,ACC-50078,CUST-1004,8343.04,TRANSFER,2026-08-02 23:32:00,15,"Mumbai, IN",1,0,0
TXN-10510,ACC-50074,ACC-50141,CUST-1074,4062.77,TRANSFER,2026-08-03 06:23:00,22,"Delhi, IN",0,0,0
TXN-11680,ACC-50088,ACC-50039,CUST-1088,14296.98,CASH_DEPOSIT,2026-08-10 06:20:00,22,"Mumbai, IN",1,0,0
TXN-10499,ACC-50080,ACC-50003,CUST-1080,3532.44,TRANSFER,2026-08-11 06:49:00,22,"Mumbai, IN",0,0,0
TXN-12457,ACC-59903,ACC-59904,CUST-9002,1139332.76,WIRE,2026-08-04 12:31:00,4,"George Town, KY",1,1,1
TXN-11856,ACC-50124,ACC-50080,CUST-1124,86402.55,TRANSFER,2026-08-12 06:47:00,22,"Mumbai, IN",0,0,0
TXN-11388,ACC-50127,ACC-50011,CUST-1127,5169.91,TRANSFER,2026-08-02 22:26:00,14,"Mumbai, IN",0,0,0
TXN-11519,ACC-50025,ACC-50033,CUST-1025,120336.26,TRANSFER,2026-08-07 15:53:00,7,"Mumbai, IN",0,0,0
TXN-11671,ACC-50026,ACC-50038,CUST-1026,55544.63,TRANSFER,2026-08-10 22:48:00,14,"Mumbai, IN",0,0,0
TXN-10338,ACC-50047,ACC-50048,CUST-1047,25138.14,TRANSFER,2026-08-02 03:25:00,19,"Mumbai, IN",0,0,0
TXN-12331,ACC-50131,ACC-50071,CUST-1131,177028.63,WIRE,2026-08-07 10:59:00,2,"Dubai, AE",1,1,1
TXN-11188,ACC-50089,ACC-50110,CUST-1089,58074.44,TRANSFER,2026-08-03 05:42:00,21,"Mumbai, IN",0,0,0
TXN-10028,ACC-50040,ACC-50113,CUST-1040,36096.04,TRANSFER,2026-08-11 23:39:00,15,"Mumbai, IN",0,0,0
TXN-11540,ACC-50050,ACC-50022,CUST-1050,4066.03,TRANSFER,2026-08-05 06:54:00,22,"Mumbai, IN",1,0,0
TXN-11217,ACC-50053,ACC-50030,CUST-1053,12076.58,TRANSFER,2026-08-10 19:55:00,11,"Mumbai, IN",1,0,0
TXN-12030,ACC-50140,ACC-50138,CUST-1140,68536.73,CASH_DEPOSIT,2026-08-10 02:56:00,18,"Bangalore, IN",0,0,0
TXN-10794,ACC-50030,ACC-50022,CUST-1030,5057.01,TRANSFER,2026-08-11 18:24:00,10,"Mumbai, IN",0,0,0
TXN-10945,ACC-50113,ACC-50034,CUST-1113,97049.81,TRANSFER,2026-08-04 14:25:00,6,"Mumbai, IN",0,0,0
TXN-11416,ACC-50116,ACC-50036,CUST-1116,16274.59,CASH_DEPOSIT,2026-08-08 14:42:00,6,"Mumbai, IN",0,0,0
TXN-10169,ACC-50089,ACC-50037,CUST-1089,41009.37,CASH_DEPOSIT,2026-08-03 21:06:00,13,"Mumbai, IN",0,0,0
TXN-12094,ACC-50022,ACC-50016,CUST-1022,3362.45,TRANSFER,2026-08-06 19:09:00,11,"Mumbai, IN",0,0,0
TXN-11676,ACC-50144,ACC-50092,CUST-1144,3209.11,TRANSFER,2026-08-03 23:19:00,15,"Mumbai, IN",1,0,0
TXN-11197,ACC-50097,ACC-50148,CUST-1097,4584.78,TRANSFER,2026-08-01 14:19:00,6,"Mumbai, IN",1,0,0
TXN-11542,ACC-50149,ACC-50060,CUST-1149,9327.11,TRANSFER,2026-08-10 01:30:00,17,"Delhi, IN",0,0,0
TXN-11253,ACC-50140,ACC-50126,CUST-1140,63988.86,TRANSFER,2026-08-07 18:20:00,10,"Mumbai, IN",1,0,0
TXN-11276,ACC-50077,ACC-50056,CUST-1077,102652.21,TRANSFER,2026-08-05 23:45:00,15,"Mumbai, IN",0,0,0
TXN-10912,ACC-50082,ACC-50015,CUST-1082,4740.39,TRANSFER,2026-08-01 14:37:00,6,"Delhi, IN",0,0,0
TXN-10491,ACC-50038,ACC-50023,CUST-1038,30574.48,CASH_DEPOSIT,2026-08-03 06:04:00,22,"Mumbai, IN",1,0,0
TXN-10953,ACC-50126,ACC-50097,CUST-1126,64111.57,TRANSFER,2026-08-04 18:27:00,10,"Mumbai, IN",0,0,0
TXN-11097,ACC-50095,ACC-50081,CUST-1095,5899.89,TRANSFER,2026-08-05 03:40:00,19,"Mumbai, IN",0,0,0
TXN-11032,ACC-50095,ACC-50078,CUST-1095,5254.04,CASH_DEPOSIT,2026-08-06 01:19:00,17,"Mumbai, IN",0,0,0
TXN-10587,ACC-50111,ACC-50022,CUST-1111,6598.22,CASH_DEPOSIT,2026-08-04 16:16:00,8,"Mumbai, IN",0,0,0
TXN-10750,ACC-50022,ACC-50110,CUST-1022,3549.54,TRANSFER,2026-08-11 02:11:00,18,"Mumbai, IN",1,0,0
TXN-10657,ACC-50125,ACC-50135,CUST-1125,6663.06,TRANSFER,2026-08-06 22:03:00,14,"Mumbai, IN",0,0,0
TXN-11866,ACC-50090,ACC-50127,CUST-1090,2669.36,CASH_DEPOSIT,2026-08-10 14:39:00,6,"Delhi, IN",0,0,0
TXN-10234,ACC-50055,ACC-50091,CUST-1055,5921.25,CASH_DEPOSIT,2026-08-05 15:03:00,7,"Mumbai, IN",1,0,0
TXN-10732,ACC-50044,ACC-50050,CUST-1044,48653.96,TRANSFER,2026-08-07 00:53:00,16,"Mumbai, IN",1,0,0
TXN-12492,ACC-59902,ACC-59903,CUST-9001,1062622.26,WIRE,2026-08-05 10:20:00,2,"George Town, KY",1,1,1
TXN-11186,ACC-50131,ACC-50105,CUST-1131,7292.7,CASH_DEPOSIT,2026-08-11 20:00:00,12,"Mumbai, IN",0,0,0
TXN-11156,ACC-50063,ACC-50056,CUST-1063,25240.03,TRANSFER,2026-08-07 02:33:00,18,"Mumbai, IN",0,0,0
TXN-12453,ACC-59903,ACC-59904,CUST-9002,1019772.23,WIRE,2026-08-04 12:00:00,4,"George Town, KY",1,1,1
TXN-11246,ACC-50090,ACC-50027,CUST-1090,3668.76,CASH_DEPOSIT,2026-08-03 14:22:00,6,"Mumbai, IN",0,0,0
TXN-12448,ACC-59902,ACC-59903,CUST-9001,781672.65,WIRE,2026-08-04 09:43:00,1,"George Town, KY",1,1,1
TXN-10934,ACC-50133,ACC-50149,CUST-1133,16983.38,TRANSFER,2026-08-09 06:16:00,22,"Mumbai, IN",0,0,0
TXN-11209,ACC-50096,ACC-50110,CUST-1096,67602.11,TRANSFER,2026-08-01 19:59:00,11,"Mumbai, IN",1,0,0
TXN-11065,ACC-50141,ACC-50049,CUST-1141,4564.59,TRANSFER,2026-08-10 19:04:00,11,"Mumbai, IN",0,0,0
TXN-11716,ACC-50008,ACC-50130,CUST-1008,6689.08,CASH_DEPOSIT,2026-08-10 00:50:00,16,"Mumbai, IN",0,0,0
TXN-10108,ACC-50116,ACC-50082,CUST-1116,9040.01,TRANSFER,2026-08-04 20:44:00,12,"Mumbai, IN",1,0,0
TXN-11062,ACC-50056,ACC-50005,CUST-1056,51227.44,TRANSFER,2026-08-06 22:43:00,14,"Mumbai, IN",0,0,0
TXN-10568,ACC-50058,ACC-50107,CUST-1058,32037.13,CASH_DEPOSIT,2026-08-03 00:46:00,16,"Mumbai, IN",1,0,0
TXN-11167,ACC-50104,ACC-50009,CUST-1104,4014.66,TRANSFER,2026-08-10 17:24:00,9,"Mumbai, IN",1,0,0
TXN-11174,ACC-50036,ACC-50069,CUST-1036,2867.28,TRANSFER,2026-08-07 20:59:00,12,"Mumbai, IN",0,0,0
TXN-11588,ACC-50036,ACC-50112,CUST-1036,4803.11,TRANSFER,2026-08-06 04:31:00,20,"Mumbai, IN",1,0,0
TXN-11507,ACC-50085,ACC-50105,CUST-1085,18158.21,TRANSFER,2026-08-06 01:30:00,17,"Mumbai, IN",0,0,0
TXN-11492,ACC-50136,ACC-50013,CUST-1136,35968.42,CASH_DEPOSIT,2026-08-09 23:02:00,15,"Bangalore, IN",0,0,0
TXN-10890,ACC-50023,ACC-50038,CUST-1023,5958.1,CASH_DEPOSIT,2026-08-06 22:37:00,14,"Mumbai, IN",0,0,0
TXN-10947,ACC-50081,ACC-50116,CUST-1081,8027.08,CASH_DEPOSIT,2026-08-04 05:55:00,21,"Mumbai, IN",0,0,0
TXN-11048,ACC-50029,ACC-50069,CUST-1029,5200.31,TRANSFER,2026-08-08 15:20:00,7,"Mumbai, IN",1,0,0
TXN-12057,ACC-50124,ACC-50126,CUST-1124,142671.1,CASH_DEPOSIT,2026-08-05 02:37:00,18,"Mumbai, IN",0,0,0
TXN-10884,ACC-50004,ACC-50123,CUST-1004,20652.3,TRANSFER,2026-08-07 01:19:00,17,"Bangalore, IN",0,0,0
TXN-10143,ACC-50011,ACC-50134,CUST-1011,3848.98,TRANSFER,2026-08-11 23:29:00,15,"Mumbai, IN",1,0,0
TXN-12452,ACC-59902,ACC-59903,CUST-9001,806593.37,WIRE,2026-08-03 11:23:00,3,"George Town, KY",1,1,1
TXN-10850,ACC-50133,ACC-50005,CUST-1133,10842.11,TRANSFER,2026-08-11 23:26:00,15,"Delhi, IN",0,0,0
TXN-10717,ACC-50033,ACC-50052,CUST-1033,5365.01,TRANSFER,2026-08-05 14:39:00,6,"Mumbai, IN",1,0,0
TXN-12371,ACC-50131,ACC-50012,CUST-1131,154754.62,WIRE,2026-08-09 11:23:00,3,"George Town, KY",1,1,1
TXN-10264,ACC-50122,ACC-50082,CUST-1122,3444.13,CASH_DEPOSIT,2026-08-05 21:00:00,13,"Mumbai, IN",0,0,0
TXN-10075,ACC-50086,ACC-50007,CUST-1086,9870.34,TRANSFER,2026-08-07 05:54:00,21,"Mumbai, IN",0,0,0
TXN-10395,ACC-50026,ACC-50053,CUST-1026,48113.2,CASH_DEPOSIT,2026-08-08 06:15:00,22,"Mumbai, IN",0,0,0
TXN-12117,ACC-50000,ACC-50030,CUST-1000,4411.98,TRANSFER,2026-08-05 02:37:00,18,"Mumbai, IN",0,0,0
TXN-12335,ACC-50091,ACC-50050,CUST-1091,109525.78,WIRE,2026-08-10 10:03:00,2,"Panama City, PA",1,1,1
TXN-10396,ACC-50023,ACC-50011,CUST-1023,5083.59,CASH_DEPOSIT,2026-08-09 21:57:00,13,"Mumbai, IN",0,0,0
TXN-11365,ACC-50007,ACC-50140,CUST-1007,8086.24,TRANSFER,2026-08-07 16:36:00,8,"Mumbai, IN",0,0,0
TXN-12077,ACC-50095,ACC-50086,CUST-1095,6331.48,TRANSFER,2026-08-08 14:06:00,6,"Mumbai, IN",0,0,0
TXN-11903,ACC-50098,ACC-50037,CUST-1098,20697.99,CASH_DEPOSIT,2026-08-10 00:05:00,16,"Mumbai, IN",0,0,0
TXN-10595,ACC-50087,ACC-50029,CUST-1087,10117.7,TRANSFER,2026-08-10 06:16:00,22,"Mumbai, IN",1,0,0
TXN-11296,ACC-50030,ACC-50093,CUST-1030,4266.73,TRANSFER,2026-08-01 16:57:00,8,"Mumbai, IN",1,0,0
TXN-11821,ACC-50080,ACC-50012,CUST-1080,4544.41,CASH_DEPOSIT,2026-08-05 14:03:00,6,"Mumbai, IN",0,0,0
TXN-10872,ACC-50077,ACC-50078,CUST-1077,133245.48,TRANSFER,2026-08-09 05:35:00,21,"Mumbai, IN",0,0,0
TXN-11548,ACC-50066,ACC-50082,CUST-1066,2890.52,CASH_DEPOSIT,2026-08-09 03:25:00,19,"Mumbai, IN",0,0,0
TXN-10036,ACC-50006,ACC-50046,CUST-1006,21699.67,TRANSFER,2026-08-08 00:50:00,16,"Mumbai, IN",0,0,0
TXN-12273,ACC-50134,ACC-50000,CUST-1134,95873.43,WIRE,2026-08-11 13:43:00,5,"Dubai, AE",1,0,1
TXN-12123,ACC-50051,ACC-50037,CUST-1051,5391.88,TRANSFER,2026-08-06 20:24:00,12,"Bangalore, IN",0,0,0
TXN-10977,ACC-50091,ACC-50024,CUST-1091,76243.65,CASH_DEPOSIT,2026-08-05 01:32:00,17,"Mumbai, IN",1,0,0
TXN-11571,ACC-50112,ACC-50029,CUST-1112,2729.43,CASH_DEPOSIT,2026-08-07 15:56:00,7,"Mumbai, IN",1,0,0
TXN-11122,ACC-50052,ACC-50060,CUST-1052,41352.34,TRANSFER,2026-08-09 23:42:00,15,"Mumbai, IN",0,0,0
TXN-11892,ACC-50055,ACC-50024,CUST-1055,5033.7,TRANSFER,2026-08-08 14:25:00,6,"Mumbai, IN",0,0,0
TXN-10675,ACC-50128,ACC-50056,CUST-1128,61193.8,TRANSFER,2026-08-11 18:03:00,10,"Delhi, IN",0,0,0
TXN-10728,ACC-50059,ACC-50075,CUST-1059,59640.84,TRANSFER,2026-08-02 20:00:00,12,"Mumbai, IN",0,0,0
TXN-10412,ACC-50097,ACC-50091,CUST-1097,4631.39,CASH_DEPOSIT,2026-08-09 05:34:00,21,"Bangalore, IN",0,0,0
TXN-11516,ACC-50149,ACC-50035,CUST-1149,12682.49,CASH_DEPOSIT,2026-08-05 22:50:00,14,"Mumbai, IN",0,0,0
TXN-11649,ACC-50121,ACC-50143,CUST-1121,74233.74,CASH_DEPOSIT,2026-08-06 14:21:00,6,"Mumbai, IN",1,0,0
TXN-10825,ACC-50040,ACC-50007,CUST-1040,67590.94,TRANSFER,2026-08-03 05:32:00,21,"Bangalore, IN",1,0,0
TXN-10616,ACC-50031,ACC-50090,CUST-1031,20216.95,TRANSFER,2026-08-10 20:36:00,12,"Mumbai, IN",0,0,0
TXN-10114,ACC-50060,ACC-50074,CUST-1060,14139.37,CASH_DEPOSIT,2026-08-02 21:47:00,13,"Bangalore, IN",0,0,0
TXN-10417,ACC-50090,ACC-50146,CUST-1090,6044.31,CASH_DEPOSIT,2026-08-04 18:36:00,10,"Mumbai, IN",0,0,0
TXN-11625,ACC-50056,ACC-50045,CUST-1056,46249.3,CASH_DEPOSIT,2026-08-06 21:23:00,13,"Mumbai, IN",0,0,0
TXN-12450,ACC-59904,ACC-59901,CUST-9003,1088717.85,WIRE,2026-08-02 12:26:00,4,"George Town, KY",1,1,1
TXN-10089,ACC-50040,ACC-50062,CUST-1040,58927.36,TRANSFER,2026-08-02 19:35:00,11,"Mumbai, IN",1,0,0
TXN-12082,ACC-50057,ACC-50116,CUST-1057,14397.33,TRANSFER,2026-08-11 22:19:00,14,"Bangalore, IN",0,0,0
TXN-10753,ACC-50120,ACC-50059,CUST-1120,32624.53,CASH_DEPOSIT,2026-08-10 21:09:00,13,"Delhi, IN",0,0,0
TXN-11630,ACC-50103,ACC-50003,CUST-1103,6190.23,TRANSFER,2026-08-03 19:20:00,11,"Mumbai, IN",1,0,0
TXN-10011,ACC-50056,ACC-50001,CUST-1056,62986.33,TRANSFER,2026-08-11 16:45:00,8,"Mumbai, IN",0,0,0
TXN-10284,ACC-50015,ACC-50143,CUST-1015,13803.3,CASH_DEPOSIT,2026-08-11 19:40:00,11,"Mumbai, IN",0,0,0
TXN-11066,ACC-50066,ACC-50146,CUST-1066,5401.09,TRANSFER,2026-08-09 21:56:00,13,"Mumbai, IN",0,0,0
TXN-11191,ACC-50062,ACC-50054,CUST-1062,3741.19,TRANSFER,2026-08-11 19:48:00,11,"Mumbai, IN",1,0,0
TXN-11440,ACC-50062,ACC-50149,CUST-1062,4412.36,TRANSFER,2026-08-04 06:23:00,22,"Mumbai, IN",0,0,0
TXN-12337,ACC-50047,ACC-50128,CUST-1047,57545.45,WIRE,2026-08-07 09:09:00,1,"Panama City, PA",1,1,1
TXN-12409,ACC-50131,ACC-50045,CUST-1131,110813.42,WIRE,2026-08-07 10:21:00,2,"George Town, KY",1,1,1
TXN-12257,ACC-50146,ACC-50115,CUST-1146,731895.32,WIRE,2026-08-10 08:31:00,0,"Panama City, PA",1,1,1
TXN-11568,ACC-50068,ACC-50053,CUST-1068,18844.29,CASH_DEPOSIT,2026-08-09 05:34:00,21,"Mumbai, IN",0,0,0
TXN-12143,ACC-50040,ACC-50122,CUST-1040,9685.65,WIRE,2026-08-12 02:10:00,18,"Mumbai, IN",1,0,1
TXN-11687,ACC-50045,ACC-50010,CUST-1045,4291.86,TRANSFER,2026-08-05 22:35:00,14,"Mumbai, IN",0,0,0
TXN-10851,ACC-50107,ACC-50114,CUST-1107,40575.61,TRANSFER,2026-08-04 14:18:00,6,"Mumbai, IN",0,0,0
TXN-10895,ACC-50133,ACC-50034,CUST-1133,9284.61,TRANSFER,2026-08-07 05:48:00,21,"Mumbai, IN",0,0,0
TXN-10496,ACC-50107,ACC-50042,CUST-1107,20951.8,TRANSFER,2026-08-01 17:08:00,9,"Mumbai, IN",1,0,0
TXN-11782,ACC-50047,ACC-50098,CUST-1047,31221.06,CASH_DEPOSIT,2026-08-08 20:16:00,12,"Mumbai, IN",1,0,0
TXN-10335,ACC-50121,ACC-50024,CUST-1121,34878.71,CASH_DEPOSIT,2026-08-09 04:46:00,20,"Mumbai, IN",0,0,0
TXN-10515,ACC-50148,ACC-50044,CUST-1148,19334.63,TRANSFER,2026-08-07 18:06:00,10,"Mumbai, IN",0,0,0
TXN-11348,ACC-50009,ACC-50056,CUST-1009,12722.05,TRANSFER,2026-08-09 20:26:00,12,"Mumbai, IN",0,0,0
TXN-11015,ACC-50038,ACC-50148,CUST-1038,19225.2,TRANSFER,2026-08-11 15:40:00,7,"Delhi, IN",1,0,0
TXN-12431,ACC-59901,ACC-59902,CUST-9000,1083151.0,WIRE,2026-08-05 09:08:00,1,"George Town, KY",1,1,1
TXN-11781,ACC-50081,ACC-50078,CUST-1081,8616.35,TRANSFER,2026-08-02 17:58:00,9,"Mumbai, IN",1,0,0
TXN-11785,ACC-50050,ACC-50023,CUST-1050,1994.21,TRANSFER,2026-08-10 16:45:00,8,"Mumbai, IN",0,0,0
TXN-12070,ACC-50123,ACC-50111,CUST-1123,10617.7,TRANSFER,2026-08-12 03:07:00,19,"Bangalore, IN",0,0,0
TXN-10356,ACC-50034,ACC-50106,CUST-1034,6245.5,TRANSFER,2026-08-11 15:17:00,7,"Mumbai, IN",0,0,0
TXN-12378,ACC-50047,ACC-50062,CUST-1047,157143.56,WIRE,2026-08-01 12:01:00,4,"Panama City, PA",1,1,1
TXN-11312,ACC-50039,ACC-50015,CUST-1039,4096.68,TRANSFER,2026-08-03 15:38:00,7,"Mumbai, IN",1,0,0
TXN-11635,ACC-50118,ACC-50072,CUST-1118,6690.06,CASH_DEPOSIT,2026-08-08 15:07:00,7,"Mumbai, IN",0,0,0
TXN-10550,ACC-50084,ACC-50092,CUST-1084,5570.3,TRANSFER,2026-08-11 18:42:00,10,"Mumbai, IN",0,0,0
TXN-11227,ACC-50097,ACC-50006,CUST-1097,6009.77,TRANSFER,2026-08-05 21:04:00,13,"Mumbai, IN",1,0,0
TXN-12230,ACC-50040,ACC-50037,CUST-1040,9751.52,CASH_DEPOSIT,2026-08-11 01:20:00,17,"Mumbai, IN",1,0,1
TXN-10957,ACC-50098,ACC-50109,CUST-1098,17737.42,TRANSFER,2026-08-02 22:04:00,14,"Mumbai, IN",0,0,0
TXN-11773,ACC-50010,ACC-50028,CUST-1010,12767.86,TRANSFER,2026-08-02 17:36:00,9,"Mumbai, IN",0,0,0
TXN-11008,ACC-50092,ACC-50040,CUST-1092,4431.31,TRANSFER,2026-08-08 23:45:00,15,"Mumbai, IN",0,0,0
TXN-11092,ACC-50007,ACC-50051,CUST-1007,5096.71,TRANSFER,2026-08-03 20:18:00,12,"Bangalore, IN",0,0,0
TXN-12224,ACC-50134,ACC-50044,CUST-1134,9736.89,WIRE,2026-08-04 18:35:00,10,"Mumbai, IN",1,0,1
TXN-10996,ACC-50059,ACC-50015,CUST-1059,64458.19,TRANSFER,2026-08-08 06:01:00,22,"Mumbai, IN",0,0,0
TXN-11679,ACC-50066,ACC-50094,CUST-1066,8346.95,CASH_DEPOSIT,2026-08-10 06:47:00,22,"Mumbai, IN",0,0,0
TXN-10153,ACC-50089,ACC-50143,CUST-1089,52255.91,TRANSFER,2026-08-06 01:07:00,17,"Mumbai, IN",1,0,0
TXN-10580,ACC-50001,ACC-50002,CUST-1001,35852.33,TRANSFER,2026-08-10 06:07:00,22,"Mumbai, IN",0,0,0
TXN-11470,ACC-50059,ACC-50013,CUST-1059,59520.82,CASH_DEPOSIT,2026-08-05 00:01:00,16,"Delhi, IN",1,0,0
TXN-10703,ACC-50104,ACC-50003,CUST-1104,4246.92,TRANSFER,2026-08-04 22:26:00,14,"Mumbai, IN",0,0,0
TXN-11212,ACC-50096,ACC-50022,CUST-1096,55995.32,CASH_DEPOSIT,2026-08-12 04:55:00,20,"Mumbai, IN",1,0,0
TXN-10896,ACC-50021,ACC-50084,CUST-1021,4903.79,CASH_DEPOSIT,2026-08-08 05:07:00,21,"Mumbai, IN",0,0,0
TXN-10487,ACC-50107,ACC-50026,CUST-1107,24572.91,TRANSFER,2026-08-11 06:46:00,22,"Mumbai, IN",0,0,0
TXN-10559,ACC-50128,ACC-50131,CUST-1128,53115.32,TRANSFER,2026-08-06 16:25:00,8,"Mumbai, IN",0,0,0
TXN-11141,ACC-50051,ACC-50064,CUST-1051,2579.66,TRANSFER,2026-08-05 01:58:00,17,"Mumbai, IN",1,0,0
TXN-11119,ACC-50097,ACC-50052,CUST-1097,2297.03,CASH_DEPOSIT,2026-08-10 02:04:00,18,"Mumbai, IN",0,0,0
TXN-10512,ACC-50055,ACC-50118,CUST-1055,5776.49,TRANSFER,2026-08-06 20:45:00,12,"Mumbai, IN",0,0,0
TXN-10633,ACC-50020,ACC-50109,CUST-1020,4418.45,TRANSFER,2026-08-10 21:33:00,13,"Mumbai, IN",0,0,0
TXN-12150,ACC-50134,ACC-50096,CUST-1134,9106.48,CASH_DEPOSIT,2026-08-09 20:02:00,12,"Delhi, IN",1,0,1
TXN-11664,ACC-50041,ACC-50118,CUST-1041,4611.81,TRANSFER,2026-08-05 01:46:00,17,"Mumbai, IN",0,0,0
TXN-11012,ACC-50058,ACC-50035,CUST-1058,20130.42,CASH_DEPOSIT,2026-08-08 03:26:00,19,"Bangalore, IN",0,0,0
TXN-11931,ACC-50118,ACC-50013,CUST-1118,6710.22,TRANSFER,2026-08-05 21:36:00,13,"Mumbai, IN",0,0,0
TXN-11150,ACC-50004,ACC-50115,CUST-1004,19766.31,TRANSFER,2026-08-12 02:32:00,18,"Mumbai, IN",0,0,0
TXN-12340,ACC-50047,ACC-50022,CUST-1047,60651.08,WIRE,2026-08-02 12:25:00,4,"Panama City, PA",1,1,1
TXN-10116,ACC-50075,ACC-50092,CUST-1075,39223.34,TRANSFER,2026-08-04 01:27:00,17,"Mumbai, IN",0,0,0
TXN-10740,ACC-50023,ACC-50114,CUST-1023,6260.97,TRANSFER,2026-08-09 06:01:00,22,"Mumbai, IN",0,0,0
TXN-12304,ACC-50025,ACC-50073,CUST-1025,1745872.37,WIRE,2026-08-11 00:33:00,16,"Panama City, PA",1,1,1
TXN-11974,ACC-50139,ACC-50027,CUST-1139,36130.87,CASH_DEPOSIT,2026-08-02 03:30:00,19,"Mumbai, IN",1,0,0
TXN-11081,ACC-50090,ACC-50108,CUST-1090,5836.72,CASH_DEPOSIT,2026-08-11 05:46:00,21,"Mumbai, IN",0,0,0
TXN-11810,ACC-50095,ACC-50147,CUST-1095,4213.87,TRANSFER,2026-08-08 19:57:00,11,"Mumbai, IN",0,0,0
TXN-10830,ACC-50069,ACC-50051,CUST-1069,6723.15,TRANSFER,2026-08-02 00:08:00,16,"Mumbai, IN",0,0,0
TXN-10119,ACC-50119,ACC-50073,CUST-1119,17311.28,CASH_DEPOSIT,2026-08-08 19:04:00,11,"Delhi, IN",1,0,0
TXN-10656,ACC-50008,ACC-50052,CUST-1008,5885.98,TRANSFER,2026-08-04 17:31:00,9,"Mumbai, IN",1,0,0
TXN-12377,ACC-50091,ACC-50112,CUST-1091,156131.07,WIRE,2026-08-10 09:22:00,1,"Panama City, PA",1,1,1
TXN-12239,ACC-50004,ACC-50127,CUST-1004,239180.3,WIRE,2026-08-08 03:18:00,19,"Bangalore, IN",1,0,1
TXN-12444,ACC-59902,ACC-59903,CUST-9001,799790.69,WIRE,2026-08-06 10:38:00,2,"George Town, KY",1,1,1
TXN-10635,ACC-50116,ACC-50115,CUST-1116,13204.04,CASH_DEPOSIT,2026-08-10 22:44:00,14,"Mumbai, IN",0,0,0
TXN-10369,ACC-50094,ACC-50076,CUST-1094,8680.2,TRANSFER,2026-08-03 18:24:00,10,"Mumbai, IN",0,0,0
TXN-10268,ACC-50116,ACC-50095,CUST-1116,15334.24,CASH_DEPOSIT,2026-08-10 03:44:00,19,"Mumbai, IN",0,0,0
TXN-10046,ACC-50145,ACC-50077,CUST-1145,5104.7,CASH_DEPOSIT,2026-08-02 02:35:00,18,"Mumbai, IN",1,0,0
TXN-10991,ACC-50137,ACC-50048,CUST-1137,13489.68,TRANSFER,2026-08-08 16:19:00,8,"Mumbai, IN",0,0,0
TXN-10876,ACC-50121,ACC-50030,CUST-1121,40643.47,TRANSFER,2026-08-11 01:32:00,17,"Mumbai, IN",0,0,0
TXN-10773,ACC-50105,ACC-50140,CUST-1105,13416.55,TRANSFER,2026-08-02 01:02:00,17,"Mumbai, IN",0,0,0
TXN-11219,ACC-50143,ACC-50065,CUST-1143,18127.97,TRANSFER,2026-08-02 15:05:00,7,"Mumbai, IN",0,0,0
TXN-11126,ACC-50051,ACC-50129,CUST-1051,2781.63,TRANSFER,2026-08-05 04:17:00,20,"Delhi, IN",0,0,0
TXN-10004,ACC-50040,ACC-50117,CUST-1040,19622.86,TRANSFER,2026-08-05 14:46:00,6,"Mumbai, IN",0,0,0
TXN-11595,ACC-50009,ACC-50095,CUST-1009,17079.36,TRANSFER,2026-08-03 14:39:00,6,"Mumbai, IN",0,0,0
TXN-11077,ACC-50026,ACC-50014,CUST-1026,57120.47,CASH_DEPOSIT,2026-08-07 15:18:00,7,"Mumbai, IN",1,0,0
TXN-10837,ACC-50104,ACC-50055,CUST-1104,5519.76,TRANSFER,2026-08-05 18:22:00,10,"Mumbai, IN",0,0,0
TXN-10681,ACC-50082,ACC-50089,CUST-1082,7366.18,TRANSFER,2026-08-05 14:49:00,6,"Bangalore, IN",1,0,0
TXN-11715,ACC-50012,ACC-50136,CUST-1012,11894.65,CASH_DEPOSIT,2026-08-09 15:58:00,7,"Mumbai, IN",1,0,0
TXN-11148,ACC-50026,ACC-50138,CUST-1026,60168.89,TRANSFER,2026-08-02 19:16:00,11,"Mumbai, IN",1,0,0
TXN-10574,ACC-50017,ACC-50059,CUST-1017,106664.01,TRANSFER,2026-08-04 02:24:00,18,"Mumbai, IN",1,0,0
TXN-10050,ACC-50121,ACC-50018,CUST-1121,73790.25,TRANSFER,2026-08-12 04:26:00,20,"Mumbai, IN",1,0,0
TXN-10853,ACC-50124,ACC-50136,CUST-1124,112901.25,TRANSFER,2026-08-06 04:29:00,20,"Mumbai, IN",0,0,0
TXN-11982,ACC-50044,ACC-50100,CUST-1044,42949.37,TRANSFER,2026-08-11 16:09:00,8,"Mumbai, IN",0,0,0
TXN-11823,ACC-50054,ACC-50025,CUST-1054,3771.11,TRANSFER,2026-08-05 04:11:00,20,"Mumbai, IN",0,0,0
TXN-10833,ACC-50055,ACC-50122,CUST-1055,3320.5,TRANSFER,2026-08-02 04:17:00,20,"Mumbai, IN",0,0,0
TXN-11115,ACC-50053,ACC-50113,CUST-1053,15363.55,TRANSFER,2026-08-10 04:54:00,20,"Mumbai, IN",0,0,0
TXN-11166,ACC-50103,ACC-50107,CUST-1103,6800.62,CASH_DEPOSIT,2026-08-07 02:47:00,18,"Mumbai, IN",0,0,0
TXN-11906,ACC-50143,ACC-50037,CUST-1143,7539.21,CASH_DEPOSIT,2026-08-08 22:20:00,14,"Mumbai, IN",0,0,0
TXN-10971,ACC-50100,ACC-50095,CUST-1100,13955.87,TRANSFER,2026-08-06 17:53:00,9,"Mumbai, IN",1,0,0
TXN-10399,ACC-50081,ACC-50116,CUST-1081,17506.38,TRANSFER,2026-08-02 22:14:00,14,"Mumbai, IN",0,0,0
TXN-10019,ACC-50099,ACC-50067,CUST-1099,63767.93,TRANSFER,2026-08-08 04:18:00,20,"Bangalore, IN",1,0,0
TXN-10684,ACC-50087,ACC-50028,CUST-1087,14188.43,TRANSFER,2026-08-08 23:28:00,15,"Mumbai, IN",0,0,0
TXN-10035,ACC-50026,ACC-50091,CUST-1026,28547.88,TRANSFER,2026-08-04 03:39:00,19,"Mumbai, IN",1,0,0
TXN-12362,ACC-50091,ACC-50089,CUST-1091,95215.92,WIRE,2026-08-03 12:53:00,4,"Panama City, PA",1,1,1
TXN-10524,ACC-50143,ACC-50099,CUST-1143,13775.94,TRANSFER,2026-08-05 21:32:00,13,"Mumbai, IN",1,0,0
TXN-10920,ACC-50073,ACC-50067,CUST-1073,9699.74,CASH_DEPOSIT,2026-08-10 15:19:00,7,"Bangalore, IN",0,0,0
TXN-11841,ACC-50036,ACC-50026,CUST-1036,5295.97,TRANSFER,2026-08-07 21:00:00,13,"Mumbai, IN",1,0,0
TXN-11890,ACC-50107,ACC-50006,CUST-1107,24855.55,CASH_DEPOSIT,2026-08-06 18:50:00,10,"Bangalore, IN",0,0,0
TXN-10537,ACC-50024,ACC-50043,CUST-1024,18524.81,TRANSFER,2026-08-02 14:40:00,6,"Mumbai, IN",0,0,0
TXN-11705,ACC-50083,ACC-50143,CUST-1083,5701.54,TRANSFER,2026-08-04 20:51:00,12,"Mumbai, IN",0,0,0
TXN-12443,ACC-59901,ACC-59902,CUST-9000,867548.49,WIRE,2026-08-06 11:03:00,3,"George Town, KY",1,1,1
TXN-10245,ACC-50037,ACC-50063,CUST-1037,27334.38,TRANSFER,2026-08-02 15:36:00,7,"Mumbai, IN",0,0,0
TXN-10784,ACC-50126,ACC-50105,CUST-1126,40228.73,CASH_DEPOSIT,2026-08-12 02:15:00,18,"Mumbai, IN",0,0,0
TXN-11409,ACC-50094,ACC-50025,CUST-1094,17083.99,TRANSFER,2026-08-07 15:41:00,7,"Mumbai, IN",0,0,0
TXN-10154,ACC-50143,ACC-50142,CUST-1143,13230.32,TRANSFER,2026-08-11 14:38:00,6,"Mumbai, IN",0,0,0
TXN-11686,ACC-50062,ACC-50066,CUST-1062,4747.78,TRANSFER,2026-08-11 19:44:00,11,"Mumbai, IN",1,0,0
TXN-10625,ACC-50072,ACC-50114,CUST-1072,5707.12,TRANSFER,2026-08-09 18:08:00,10,"Mumbai, IN",0,0,0
TXN-12396,ACC-50131,ACC-50094,CUST-1131,137386.73,WIRE,2026-08-03 12:57:00,4,"Panama City, PA",1,1,1
TXN-11346,ACC-50003,ACC-50039,CUST-1003,3898.11,CASH_DEPOSIT,2026-08-04 04:59:00,20,"Mumbai, IN",1,0,0
TXN-10569,ACC-50053,ACC-50041,CUST-1053,10142.24,TRANSFER,2026-08-05 03:01:00,19,"Mumbai, IN",0,0,0
TXN-11758,ACC-50038,ACC-50139,CUST-1038,31003.07,CASH_DEPOSIT,2026-08-05 03:54:00,19,"Mumbai, IN",1,0,0
TXN-11816,ACC-50133,ACC-50023,CUST-1133,10819.58,TRANSFER,2026-08-10 00:58:00,16,"Mumbai, IN",1,0,0
TXN-12065,ACC-50127,ACC-50057,CUST-1127,7102.4,CASH_DEPOSIT,2026-08-07 23:02:00,15,"Mumbai, IN",1,0,0
TXN-10127,ACC-50086,ACC-50029,CUST-1086,9021.97,TRANSFER,2026-08-04 04:04:00,20,"Bangalore, IN",1,0,0
TXN-12479,ACC-59901,ACC-59902,CUST-9000,1014964.47,WIRE,2026-08-04 12:45:00,4,"George Town, KY",1,1,1
TXN-12006,ACC-50043,ACC-50099,CUST-1043,21947.23,TRANSFER,2026-08-10 20:34:00,12,"Mumbai, IN",0,0,0
TXN-10980,ACC-50126,ACC-50135,CUST-1126,39223.89,CASH_DEPOSIT,2026-08-06 06:05:00,22,"Mumbai, IN",1,0,0
TXN-10190,ACC-50023,ACC-50057,CUST-1023,4626.55,TRANSFER,2026-08-07 04:56:00,20,"Mumbai, IN",1,0,0
TXN-11139,ACC-50136,ACC-50055,CUST-1136,75675.63,TRANSFER,2026-08-02 04:44:00,20,"Bangalore, IN",0,0,0
TXN-10992,ACC-50029,ACC-50043,CUST-1029,4722.07,CASH_DEPOSIT,2026-08-08 18:47:00,10,"Mumbai, IN",1,0,0
TXN-10699,ACC-50077,ACC-50114,CUST-1077,156434.71,TRANSFER,2026-08-04 22:09:00,14,"Mumbai, IN",0,0,0
TXN-10606,ACC-50044,ACC-50118,CUST-1044,64764.84,CASH_DEPOSIT,2026-08-09 17:44:00,9,"Mumbai, IN",0,0,0
TXN-10180,ACC-50033,ACC-50021,CUST-1033,2698.83,TRANSFER,2026-08-07 23:35:00,15,"Mumbai, IN",0,0,0
TXN-10301,ACC-50124,ACC-50004,CUST-1124,63669.51,CASH_DEPOSIT,2026-08-09 14:34:00,6,"Mumbai, IN",0,0,0
TXN-11060,ACC-50137,ACC-50007,CUST-1137,11978.14,CASH_DEPOSIT,2026-08-03 04:43:00,20,"Delhi, IN",0,0,0
TXN-12354,ACC-50131,ACC-50006,CUST-1131,64014.19,WIRE,2026-08-01 12:59:00,4,"George Town, KY",1,1,1
TXN-12397,ACC-50131,ACC-50113,CUST-1131,174940.1,WIRE,2026-08-11 11:59:00,3,"Dubai, AE",1,1,1
TXN-11069,ACC-50126,ACC-50092,CUST-1126,64880.64,TRANSFER,2026-08-02 06:48:00,22,"Mumbai, IN",0,0,0
TXN-12205,ACC-50040,ACC-50094,CUST-1040,9635.91,WIRE,2026-08-08 19:15:00,11,"Delhi, IN",1,0,1
TXN-11243,ACC-50138,ACC-50030,CUST-1138,29862.1,CASH_DEPOSIT,2026-08-08 23:19:00,15,"Mumbai, IN",0,0,0
TXN-10016,ACC-50035,ACC-50109,CUST-1035,38240.91,TRANSFER,2026-08-08 19:17:00,11,"Mumbai, IN",1,0,0
TXN-12482,ACC-59904,ACC-59901,CUST-9003,1103517.07,WIRE,2026-08-03 09:28:00,1,"George Town, KY",1,1,1
TXN-10546,ACC-50146,ACC-50100,CUST-1146,24441.75,TRANSFER,2026-08-04 16:19:00,8,"Mumbai, IN",0,0,0
TXN-10658,ACC-50003,ACC-50054,CUST-1003,6230.72,CASH_DEPOSIT,2026-08-03 05:59:00,21,"Mumbai, IN",0,0,0
TXN-12251,ACC-50072,ACC-50013,CUST-1072,81285.68,WIRE,2026-08-05 14:43:00,6,"Delhi, IN",1,1,1
TXN-12281,ACC-50123,ACC-50045,CUST-1123,341414.03,WIRE,2026-08-03 18:24:00,10,"Bangalore, IN",1,1,1
TXN-11504,ACC-50004,ACC-50091,CUST-1004,8206.74,CASH_DEPOSIT,2026-08-04 15:38:00,7,"Mumbai, IN",1,0,0
TXN-10959,ACC-50001,ACC-50065,CUST-1001,14994.81,CASH_DEPOSIT,2026-08-08 06:39:00,22,"Bangalore, IN",0,0,0
TXN-10797,ACC-50097,ACC-50100,CUST-1097,3465.81,CASH_DEPOSIT,2026-08-06 00:03:00,16,"Mumbai, IN",0,0,0
TXN-10225,ACC-50043,ACC-50087,CUST-1043,17235.68,TRANSFER,2026-08-01 15:52:00,7,"Mumbai, IN",0,0,0
TXN-12074,ACC-50145,ACC-50047,CUST-1145,5910.08,CASH_DEPOSIT,2026-08-03 14:55:00,6,"Mumbai, IN",1,0,0
TXN-11799,ACC-50079,ACC-50138,CUST-1079,3539.68,TRANSFER,2026-08-04 23:21:00,15,"Mumbai, IN",1,0,0
TXN-12468,ACC-59902,ACC-59903,CUST-9001,900300.94,WIRE,2026-08-02 11:59:00,3,"George Town, KY",1,1,1
TXN-12085,ACC-50004,ACC-50129,CUST-1004,9777.89,TRANSFER,2026-08-10 23:49:00,15,"Mumbai, IN",0,0,0
TXN-11693,ACC-50084,ACC-50130,CUST-1084,3620.92,TRANSFER,2026-08-06 05:32:00,21,"Mumbai, IN",0,0,0
TXN-11045,ACC-50078,ACC-50105,CUST-1078,13415.94,CASH_DEPOSIT,2026-08-10 19:03:00,11,"Mumbai, IN",0,0,0
TXN-10469,ACC-50142,ACC-50046,CUST-1142,15776.43,TRANSFER,2026-08-08 23:06:00,15,"Mumbai, IN",0,0,0
TXN-10954,ACC-50048,ACC-50108,CUST-1048,8463.05,TRANSFER,2026-08-03 19:26:00,11,"Mumbai, IN",0,0,0
TXN-12478,ACC-59904,ACC-59901,CUST-9003,1092221.82,WIRE,2026-08-01 09:30:00,1,"George Town, KY",1,1,1
TXN-10639,ACC-50014,ACC-50069,CUST-1014,9126.13,CASH_DEPOSIT,2026-08-10 02:04:00,18,"Mumbai, IN",0,0,0
TXN-12316,ACC-50044,ACC-50016,CUST-1044,1011450.06,WIRE,2026-08-08 14:12:00,6,"Dubai, AE",1,0,1
TXN-11218,ACC-50080,ACC-50031,CUST-1080,5463.25,TRANSFER,2026-08-10 15:08:00,7,"Mumbai, IN",0,0,0
TXN-11158,ACC-50023,ACC-50045,CUST-1023,5689.96,TRANSFER,2026-08-09 20:15:00,12,"Mumbai, IN",1,0,0
TXN-11415,ACC-50078,ACC-50061,CUST-1078,15548.63,TRANSFER,2026-08-11 19:20:00,11,"Mumbai, IN",0,0,0
TXN-12260,ACC-50021,ACC-50044,CUST-1021,76240.41,WIRE,2026-08-07 04:22:00,20,"Bangalore, IN",1,0,1
TXN-11527,ACC-50073,ACC-50083,CUST-1073,16733.69,TRANSFER,2026-08-04 02:20:00,18,"Mumbai, IN",0,0,0
TXN-12460,ACC-59902,ACC-59903,CUST-9001,1139330.27,WIRE,2026-08-04 12:21:00,4,"George Town, KY",1,1,1
TXN-11300,ACC-50114,ACC-50123,CUST-1114,54847.52,CASH_DEPOSIT,2026-08-10 16:07:00,8,"Delhi, IN",0,0,0
TXN-12390,ACC-50131,ACC-50059,CUST-1131,157173.72,WIRE,2026-08-03 11:27:00,3,"Panama City, PA",1,1,1
TXN-11603,ACC-50047,ACC-50082,CUST-1047,27711.28,TRANSFER,2026-08-03 14:49:00,6,"Mumbai, IN",0,0,0
TXN-10160,ACC-50028,ACC-50073,CUST-1028,3019.65,CASH_DEPOSIT,2026-08-12 05:33:00,21,"Mumbai, IN",1,0,0
TXN-11704,ACC-50051,ACC-50054,CUST-1051,5380.61,TRANSFER,2026-08-06 22:18:00,14,"Mumbai, IN",1,0,0
TXN-10956,ACC-50002,ACC-50121,CUST-1002,5825.08,TRANSFER,2026-08-06 18:55:00,10,"Mumbai, IN",0,0,0
TXN-12430,ACC-59904,ACC-59901,CUST-9003,930929.14,WIRE,2026-08-04 09:48:00,1,"George Town, KY",1,1,1
TXN-10877,ACC-50037,ACC-50082,CUST-1037,39355.24,CASH_DEPOSIT,2026-08-04 04:56:00,20,"Mumbai, IN",0,0,0
TXN-11919,ACC-50140,ACC-50022,CUST-1140,74922.05,TRANSFER,2026-08-03 20:28:00,12,"Mumbai, IN",0,0,0
TXN-11884,ACC-50064,ACC-50073,CUST-1064,4657.1,TRANSFER,2026-08-01 19:04:00,11,"Mumbai, IN",0,0,0
TXN-12200,ACC-50015,ACC-50014,CUST-1015,9164.81,WIRE,2026-08-03 04:04:00,20,"Delhi, IN",1,0,1
TXN-10098,ACC-50085,ACC-50082,CUST-1085,11955.91,CASH_DEPOSIT,2026-08-03 17:54:00,9,"Mumbai, IN",1,0,0
TXN-12360,ACC-50131,ACC-50004,CUST-1131,128178.52,WIRE,2026-08-10 12:31:00,4,"Dubai, AE",1,1,1
TXN-10253,ACC-50054,ACC-50051,CUST-1054,2866.62,TRANSFER,2026-08-09 22:59:00,14,"Mumbai, IN",0,0,0
TXN-10103,ACC-50040,ACC-50080,CUST-1040,47794.14,TRANSFER,2026-08-07 14:35:00,6,"Mumbai, IN",0,0,0
TXN-11445,ACC-50077,ACC-50080,CUST-1077,145639.48,TRANSFER,2026-08-08 14:51:00,6,"Mumbai, IN",0,0,0
TXN-11443,ACC-50074,ACC-50145,CUST-1074,4516.52,TRANSFER,2026-08-07 05:44:00,21,"Mumbai, IN",0,0,0
TXN-11648,ACC-50016,ACC-50074,CUST-1016,6447.28,TRANSFER,2026-08-08 04:37:00,20,"Mumbai, IN",1,0,0
TXN-10586,ACC-50140,ACC-50013,CUST-1140,51234.26,TRANSFER,2026-08-11 19:24:00,11,"Mumbai, IN",1,0,0
TXN-10627,ACC-50138,ACC-50045,CUST-1138,29746.99,TRANSFER,2026-08-12 04:40:00,20,"Mumbai, IN",0,0,0
TXN-11696,ACC-50016,ACC-50111,CUST-1016,6651.44,CASH_DEPOSIT,2026-08-08 23:06:00,15,"Mumbai, IN",0,0,0
TXN-12101,ACC-50030,ACC-50008,CUST-1030,4464.46,TRANSFER,2026-08-06 00:15:00,16,"Delhi, IN",0,0,0
TXN-12199,ACC-50134,ACC-50000,CUST-1134,9849.94,CASH_DEPOSIT,2026-08-08 06:13:00,22,"Delhi, IN",1,0,1
TXN-10403,ACC-50101,ACC-50132,CUST-1101,2517.71,CASH_DEPOSIT,2026-08-05 15:43:00,7,"Mumbai, IN",0,0,0
TXN-11154,ACC-50034,ACC-50072,CUST-1034,6952.61,TRANSFER,2026-08-02 00:41:00,16,"Mumbai, IN",1,0,0
TXN-12255,ACC-50112,ACC-50059,CUST-1112,128209.06,WIRE,2026-08-09 15:55:00,7,"Dubai, AE",1,0,1
TXN-11682,ACC-50087,ACC-50057,CUST-1087,5516.19,TRANSFER,2026-08-04 23:13:00,15,"Mumbai, IN",0,0,0
TXN-12056,ACC-50039,ACC-50107,CUST-1039,4103.73,CASH_DEPOSIT,2026-08-07 05:01:00,21,"Mumbai, IN",0,0,0
TXN-12373,ACC-50131,ACC-50006,CUST-1131,47353.0,WIRE,2026-08-06 12:11:00,4,"Dubai, AE",1,1,1
TXN-10452,ACC-50025,ACC-50059,CUST-1025,63336.17,CASH_DEPOSIT,2026-08-08 18:19:00,10,"Mumbai, IN",1,0,0
TXN-11327,ACC-50039,ACC-50146,CUST-1039,4593.31,TRANSFER,2026-08-02 05:06:00,21,"Mumbai, IN",0,0,0
TXN-12049,ACC-50126,ACC-50029,CUST-1126,39836.53,CASH_DEPOSIT,2026-08-08 16:42:00,8,"Mumbai, IN",0,0,0
TXN-10880,ACC-50080,ACC-50077,CUST-1080,6305.1,TRANSFER,2026-08-06 22:43:00,14,"Mumbai, IN",0,0,0
TXN-12432,ACC-59902,ACC-59903,CUST-9001,1065087.57,WIRE,2026-08-05 09:34:00,1,"George Town, KY",1,1,1
TXN-10623,ACC-50024,ACC-50016,CUST-1024,9945.31,TRANSFER,2026-08-02 05:35:00,21,"Mumbai, IN",0,0,0
TXN-12311,ACC-50088,ACC-50006,CUST-1088,259022.83,WIRE,2026-08-09 23:25:00,15,"Delhi, IN",1,0,1
TXN-11787,ACC-50145,ACC-50021,CUST-1145,3141.11,TRANSFER,2026-08-09 00:14:00,16,"Mumbai, IN",0,0,0
TXN-10262,ACC-50003,ACC-50087,CUST-1003,7284.69,TRANSFER,2026-08-11 23:36:00,15,"Mumbai, IN",1,0,0
TXN-11634,ACC-50086,ACC-50066,CUST-1086,15717.17,TRANSFER,2026-08-10 20:32:00,12,"Delhi, IN",0,0,0
TXN-11438,ACC-50080,ACC-50129,CUST-1080,4641.6,CASH_DEPOSIT,2026-08-07 01:29:00,17,"Mumbai, IN",1,0,0
TXN-12198,ACC-50117,ACC-50121,CUST-1117,9641.31,WIRE,2026-08-06 00:16:00,16,"Mumbai, IN",1,0,1
TXN-11969,ACC-50010,ACC-50075,CUST-1010,11312.75,TRANSFER,2026-08-03 00:27:00,16,"Mumbai, IN",0,0,0
TXN-11802,ACC-50063,ACC-50045,CUST-1063,32951.57,CASH_DEPOSIT,2026-08-11 19:01:00,11,"Mumbai, IN",0,0,0
TXN-10640,ACC-50097,ACC-50003,CUST-1097,2931.02,CASH_DEPOSIT,2026-08-04 17:49:00,9,"Mumbai, IN",1,0,0
TXN-12458,ACC-59904,ACC-59901,CUST-9003,934707.14,WIRE,2026-08-04 11:16:00,3,"George Town, KY",1,1,1
TXN-11959,ACC-50030,ACC-50109,CUST-1030,5693.26,TRANSFER,2026-08-08 01:42:00,17,"Mumbai, IN",0,0,0
TXN-10488,ACC-50127,ACC-50050,CUST-1127,5461.7,TRANSFER,2026-08-05 20:49:00,12,"Delhi, IN",1,0,0
TXN-11843,ACC-50005,ACC-50122,CUST-1005,4525.89,TRANSFER,2026-08-12 02:18:00,18,"Mumbai, IN",0,0,0
TXN-11734,ACC-50011,ACC-50037,CUST-1011,4703.99,TRANSFER,2026-08-10 21:11:00,13,"Mumbai, IN",0,0,0
TXN-10146,ACC-50097,ACC-50136,CUST-1097,8284.7,TRANSFER,2026-08-09 23:29:00,15,"Mumbai, IN",0,0,0
TXN-11534,ACC-50030,ACC-50114,CUST-1030,8256.41,TRANSFER,2026-08-06 03:31:00,19,"Delhi, IN",0,0,0
TXN-11986,ACC-50032,ACC-50123,CUST-1032,8149.58,TRANSFER,2026-08-08 06:56:00,22,"Bangalore, IN",0,0,0
TXN-11369,ACC-50023,ACC-50019,CUST-1023,7062.31,TRANSFER,2026-08-07 05:54:00,21,"Mumbai, IN",1,0,0
TXN-12447,ACC-59901,ACC-59902,CUST-9000,1167936.75,WIRE,2026-08-03 09:07:00,1,"George Town, KY",1,1,1
TXN-10659,ACC-50142,ACC-50106,CUST-1142,13826.19,TRANSFER,2026-08-02 01:50:00,17,"Mumbai, IN",0,0,0
TXN-11794,ACC-50026,ACC-50059,CUST-1026,77007.67,TRANSFER,2026-08-12 01:45:00,17,"Mumbai, IN",1,0,0
TXN-10186,ACC-50059,ACC-50137,CUST-1059,67689.46,TRANSFER,2026-08-08 21:19:00,13,"Mumbai, IN",1,0,0
TXN-11147,ACC-50094,ACC-50011,CUST-1094,18573.63,CASH_DEPOSIT,2026-08-04 16:56:00,8,"Mumbai, IN",1,0,0
TXN-10608,ACC-50047,ACC-50141,CUST-1047,24629.02,CASH_DEPOSIT,2026-08-05 22:15:00,14,"Delhi, IN",0,0,0
TXN-12191,ACC-50134,ACC-50056,CUST-1134,9785.7,WIRE,2026-08-02 12:05:00,4,"Delhi, IN",1,0,1
TXN-11930,ACC-50051,ACC-50146,CUST-1051,5747.33,TRANSFER,2026-08-11 23:53:00,15,"Delhi, IN",0,0,0
TXN-10197,ACC-50061,ACC-50147,CUST-1061,2361.89,TRANSFER,2026-08-12 03:11:00,19,"Mumbai, IN",0,0,0
TXN-10293,ACC-50078,ACC-50066,CUST-1078,5502.42,CASH_DEPOSIT,2026-08-09 01:32:00,17,"Mumbai, IN",1,0,0
TXN-10766,ACC-50028,ACC-50073,CUST-1028,4143.23,TRANSFER,2026-08-07 14:15:00,6,"Mumbai, IN",0,0,0
TXN-10400,ACC-50039,ACC-50027,CUST-1039,4762.99,CASH_DEPOSIT,2026-08-08 19:28:00,11,"Mumbai, IN",0,0,0
TXN-10122,ACC-50070,ACC-50002,CUST-1070,99429.51,TRANSFER,2026-08-10 15:58:00,7,"Mumbai, IN",0,0,0
TXN-10202,ACC-50009,ACC-50076,CUST-1009,17408.49,TRANSFER,2026-08-04 20:02:00,12,"Mumbai, IN",0,0,0
TXN-10835,ACC-50106,ACC-50011,CUST-1106,16178.98,TRANSFER,2026-08-09 15:30:00,7,"Mumbai, IN",1,0,0
TXN-12294,ACC-50033,ACC-50123,CUST-1033,60605.39,WIRE,2026-08-04 19:08:00,11,"London, UK",1,1,1
TXN-11439,ACC-50118,ACC-50007,CUST-1118,4449.76,TRANSFER,2026-08-07 14:49:00,6,"Mumbai, IN",0,0,0
TXN-11733,ACC-50058,ACC-50021,CUST-1058,25671.86,TRANSFER,2026-08-09 02:56:00,18,"Delhi, IN",0,0,0
TXN-11695,ACC-50124,ACC-50001,CUST-1124,91419.87,CASH_DEPOSIT,2026-08-10 00:57:00,16,"Mumbai, IN",0,0,0
TXN-11707,ACC-50011,ACC-50100,CUST-1011,5146.97,TRANSFER,2026-08-06 05:15:00,21,"Mumbai, IN",0,0,0
TXN-12428,ACC-59902,ACC-59903,CUST-9001,943012.98,WIRE,2026-08-02 09:44:00,1,"George Town, KY",1,1,1
TXN-11153,ACC-50052,ACC-50009,CUST-1052,54489.39,CASH_DEPOSIT,2026-08-10 21:59:00,13,"Mumbai, IN",0,0,0
TXN-11661,ACC-50105,ACC-50048,CUST-1105,11605.4,TRANSFER,2026-08-04 14:39:00,6,"Mumbai, IN",0,0,0
TXN-11759,ACC-50075,ACC-50100,CUST-1075,61314.37,CASH_DEPOSIT,2026-08-09 06:26:00,22,"Mumbai, IN",0,0,0
TXN-10854,ACC-50043,ACC-50067,CUST-1043,32727.13,CASH_DEPOSIT,2026-08-06 21:30:00,13,"Mumbai, IN",0,0,0
TXN-11589,ACC-50089,ACC-50045,CUST-1089,51152.78,CASH_DEPOSIT,2026-08-06 14:55:00,6,"Mumbai, IN",0,0,0
TXN-12267,ACC-50021,ACC-50073,CUST-1021,91210.14,WIRE,2026-08-10 04:34:00,20,"George Town, KY",1,0,1
TXN-10641,ACC-50063,ACC-50008,CUST-1063,19518.02,TRANSFER,2026-08-02 20:29:00,12,"Mumbai, IN",0,0,0
TXN-10001,ACC-50056,ACC-50035,CUST-1056,40225.99,TRANSFER,2026-08-03 06:31:00,22,"Mumbai, IN",0,0,0
TXN-12160,ACC-50117,ACC-50141,CUST-1117,9215.75,CASH_DEPOSIT,2026-08-07 14:02:00,6,"Mumbai, IN",1,0,1
TXN-10698,ACC-50047,ACC-50082,CUST-1047,20836.0,CASH_DEPOSIT,2026-08-01 18:46:00,10,"Delhi, IN",1,0,0
TXN-11636,ACC-50064,ACC-50109,CUST-1064,3363.55,TRANSFER,2026-08-06 00:43:00,16,"Mumbai, IN",0,0,0
TXN-11291,ACC-50041,ACC-50079,CUST-1041,3560.84,TRANSFER,2026-08-04 00:30:00,16,"Mumbai, IN",0,0,0
TXN-12382,ACC-50047,ACC-50068,CUST-1047,124051.22,WIRE,2026-08-10 09:52:00,1,"Dubai, AE",1,1,1
TXN-11520,ACC-50033,ACC-50132,CUST-1033,4018.89,CASH_DEPOSIT,2026-08-08 06:58:00,22,"Mumbai, IN",1,0,0
TXN-11853,ACC-50098,ACC-50133,CUST-1098,15844.66,TRANSFER,2026-08-09 03:11:00,19,"Mumbai, IN",1,0,0
TXN-11136,ACC-50140,ACC-50062,CUST-1140,43350.77,CASH_DEPOSIT,2026-08-09 04:08:00,20,"Mumbai, IN",0,0,0
TXN-12415,ACC-50091,ACC-50149,CUST-1091,147606.64,WIRE,2026-08-09 12:17:00,4,"Dubai, AE",1,1,1
TXN-11631,ACC-50002,ACC-50125,CUST-1002,2377.2,CASH_DEPOSIT,2026-08-02 02:27:00,18,"Mumbai, IN",0,0,0
TXN-11998,ACC-50137,ACC-50087,CUST-1137,9535.33,TRANSFER,2026-08-10 18:16:00,10,"Mumbai, IN",1,0,0
TXN-10663,ACC-50109,ACC-50026,CUST-1109,14335.36,TRANSFER,2026-08-03 19:50:00,11,"Mumbai, IN",0,0,0
TXN-10683,ACC-50021,ACC-50029,CUST-1021,5418.53,TRANSFER,2026-08-10 15:15:00,7,"Delhi, IN",0,0,0
TXN-11257,ACC-50063,ACC-50072,CUST-1063,34469.38,TRANSFER,2026-08-05 17:55:00,9,"Mumbai, IN",1,0,0
TXN-10317,ACC-50142,ACC-50143,CUST-1142,9825.65,TRANSFER,2026-08-03 06:26:00,22,"Mumbai, IN",0,0,0
TXN-10648,ACC-50032,ACC-50125,CUST-1032,8790.4,TRANSFER,2026-08-09 21:20:00,13,"Mumbai, IN",1,0,0
TXN-11434,ACC-50108,ACC-50102,CUST-1108,3501.05,CASH_DEPOSIT,2026-08-05 17:57:00,9,"Mumbai, IN",0,0,0
TXN-11479,ACC-50032,ACC-50111,CUST-1032,4819.43,TRANSFER,2026-08-04 03:35:00,19,"Mumbai, IN",0,0,0
TXN-10709,ACC-50042,ACC-50109,CUST-1042,6308.69,TRANSFER,2026-08-01 23:39:00,15,"Mumbai, IN",0,0,0
TXN-11282,ACC-50065,ACC-50142,CUST-1065,11702.35,TRANSFER,2026-08-08 20:52:00,12,"Mumbai, IN",0,0,0
TXN-11768,ACC-50124,ACC-50074,CUST-1124,79744.65,TRANSFER,2026-08-02 21:33:00,13,"Bangalore, IN",0,0,0
TXN-10972,ACC-50122,ACC-50116,CUST-1122,5073.29,TRANSFER,2026-08-11 22:38:00,14,"Mumbai, IN",0,0,0
TXN-11306,ACC-50075,ACC-50118,CUST-1075,32451.25,CASH_DEPOSIT,2026-08-09 18:53:00,10,"Mumbai, IN",0,0,0
TXN-11400,ACC-50067,ACC-50076,CUST-1067,40346.75,TRANSFER,2026-08-09 16:22:00,8,"Mumbai, IN",0,0,0
TXN-11408,ACC-50038,ACC-50102,CUST-1038,25181.65,CASH_DEPOSIT,2026-08-10 06:27:00,22,"Mumbai, IN",0,0,0
TXN-12237,ACC-50082,ACC-50013,CUST-1082,100782.32,WIRE,2026-08-11 13:55:00,5,"Dubai, AE",1,0,1
TXN-11496,ACC-50033,ACC-50003,CUST-1033,5550.93,CASH_DEPOSIT,2026-08-11 22:51:00,14,"Mumbai, IN",0,0,0
TXN-12038,ACC-50110,ACC-50019,CUST-1110,13251.64,TRANSFER,2026-08-09 23:22:00,15,"Mumbai, IN",1,0,0
TXN-11529,ACC-50042,ACC-50030,CUST-1042,6113.19,CASH_DEPOSIT,2026-08-08 23:17:00,15,"Mumbai, IN",0,0,0
TXN-11663,ACC-50023,ACC-50095,CUST-1023,4444.98,TRANSFER,2026-08-10 14:47:00,6,"Mumbai, IN",0,0,0
TXN-11354,ACC-50025,ACC-50022,CUST-1025,105293.25,TRANSFER,2026-08-11 17:05:00,9,"Mumbai, IN",1,0,0
TXN-12438,ACC-59904,ACC-59901,CUST-9003,919439.29,WIRE,2026-08-05 11:27:00,3,"George Town, KY",1,1,1
TXN-12454,ACC-59904,ACC-59901,CUST-9003,772118.28,WIRE,2026-08-02 11:19:00,3,"George Town, KY",1,1,1
TXN-11643,ACC-50110,ACC-50029,CUST-1110,17024.46,CASH_DEPOSIT,2026-08-05 20:36:00,12,"Mumbai, IN",0,0,0
TXN-11051,ACC-50036,ACC-50096,CUST-1036,6435.05,TRANSFER,2026-08-04 19:50:00,11,"Bangalore, IN",1,0,0
TXN-10795,ACC-50028,ACC-50048,CUST-1028,5180.05,TRANSFER,2026-08-08 22:18:00,14,"Bangalore, IN",1,0,0
TXN-11597,ACC-50024,ACC-50140,CUST-1024,12067.86,TRANSFER,2026-08-04 22:54:00,14,"Mumbai, IN",0,0,0
TXN-11819,ACC-50082,ACC-50144,CUST-1082,3699.3,CASH_DEPOSIT,2026-08-08 05:39:00,21,"Mumbai, IN",0,0,0
TXN-11722,ACC-50149,ACC-50083,CUST-1149,9855.62,TRANSFER,2026-08-12 04:41:00,20,"Mumbai, IN",0,0,0
TXN-11183,ACC-50080,ACC-50061,CUST-1080,6391.76,CASH_DEPOSIT,2026-08-08 01:42:00,17,"Mumbai, IN",0,0,0
TXN-11059,ACC-50105,ACC-50143,CUST-1105,20974.8,TRANSFER,2026-08-08 05:48:00,21,"Mumbai, IN",0,0,0
TXN-10540,ACC-50142,ACC-50018,CUST-1142,14276.67,CASH_DEPOSIT,2026-08-05 21:58:00,13,"Mumbai, IN",1,0,0
TXN-11678,ACC-50065,ACC-50058,CUST-1065,18237.05,TRANSFER,2026-08-04 14:54:00,6,"Mumbai, IN",0,0,0
TXN-12406,ACC-50047,ACC-50123,CUST-1047,134718.76,WIRE,2026-08-01 09:17:00,1,"Dubai, AE",1,1,1
TXN-11757,ACC-50095,ACC-50040,CUST-1095,5647.88,TRANSFER,2026-08-03 17:43:00,9,"Mumbai, IN",0,0,0
TXN-11923,ACC-50140,ACC-50017,CUST-1140,40754.58,TRANSFER,2026-08-10 15:12:00,7,"Mumbai, IN",1,0,0
TXN-10095,ACC-50082,ACC-50064,CUST-1082,6187.49,TRANSFER,2026-08-04 14:05:00,6,"Bangalore, IN",0,0,0
TXN-11020,ACC-50133,ACC-50087,CUST-1133,4822.55,TRANSFER,2026-08-01 19:01:00,11,"Mumbai, IN",0,0,0
TXN-10563,ACC-50011,ACC-50010,CUST-1011,6579.73,TRANSFER,2026-08-10 00:06:00,16,"Bangalore, IN",0,0,0
TXN-10863,ACC-50114,ACC-50091,CUST-1114,48789.25,TRANSFER,2026-08-01 16:20:00,8,"Mumbai, IN",0,0,0
TXN-11484,ACC-50019,ACC-50065,CUST-1019,13195.13,TRANSFER,2026-08-06 20:31:00,12,"Mumbai, IN",0,0,0
TXN-11881,ACC-50138,ACC-50148,CUST-1138,17483.59,TRANSFER,2026-08-02 20:44:00,12,"Mumbai, IN",0,0,0
TXN-11038,ACC-50071,ACC-50022,CUST-1071,15928.72,TRANSFER,2026-08-01 19:45:00,11,"Mumbai, IN",0,0,0
TXN-10206,ACC-50021,ACC-50109,CUST-1021,2444.93,TRANSFER,2026-08-10 16:27:00,8,"Mumbai, IN",0,0,0
TXN-10392,ACC-50051,ACC-50075,CUST-1051,7389.78,TRANSFER,2026-08-10 23:47:00,15,"Mumbai, IN",1,0,0
TXN-10870,ACC-50022,ACC-50001,CUST-1022,8132.56,CASH_DEPOSIT,2026-08-06 03:40:00,19,"Mumbai, IN",1,0,0
TXN-10397,ACC-50117,ACC-50021,CUST-1117,6641.29,TRANSFER,2026-08-03 17:32:00,9,"Mumbai, IN",0,0,0
TXN-12400,ACC-50047,ACC-50060,CUST-1047,122096.83,WIRE,2026-08-06 12:32:00,4,"George Town, KY",1,1,1
TXN-11028,ACC-50112,ACC-50126,CUST-1112,5837.49,TRANSFER,2026-08-04 03:52:00,19,"Mumbai, IN",1,0,0
TXN-11485,ACC-50093,ACC-50142,CUST-1093,26428.75,TRANSFER,2026-08-11 23:55:00,15,"Mumbai, IN",0,0,0
TXN-10960,ACC-50033,ACC-50144,CUST-1033,4097.95,CASH_DEPOSIT,2026-08-03 15:37:00,7,"Mumbai, IN",1,0,0
TXN-11570,ACC-50096,ACC-50032,CUST-1096,39373.9,TRANSFER,2026-08-09 14:10:00,6,"Mumbai, IN",0,0,0
TXN-11895,ACC-50027,ACC-50017,CUST-1027,16011.56,TRANSFER,2026-08-09 00:45:00,16,"Mumbai, IN",0,0,0
TXN-12146,ACC-50040,ACC-50024,CUST-1040,9933.6,CASH_DEPOSIT,2026-08-12 03:01:00,19,"Mumbai, IN",1,0,1
TXN-10804,ACC-50093,ACC-50137,CUST-1093,15806.76,CASH_DEPOSIT,2026-08-09 00:05:00,16,"Mumbai, IN",0,0,0
TXN-11751,ACC-50087,ACC-50125,CUST-1087,15104.62,TRANSFER,2026-08-03 04:42:00,20,"Bangalore, IN",0,0,0
TXN-10502,ACC-50126,ACC-50042,CUST-1126,65437.33,CASH_DEPOSIT,2026-08-08 16:48:00,8,"Mumbai, IN",0,0,0
TXN-10779,ACC-50144,ACC-50066,CUST-1144,5296.4,TRANSFER,2026-08-08 15:40:00,7,"Mumbai, IN",0,0,0
TXN-11863,ACC-50112,ACC-50147,CUST-1112,4886.35,CASH_DEPOSIT,2026-08-01 19:28:00,11,"Bangalore, IN",0,0,0
TXN-10200,ACC-50061,ACC-50026,CUST-1061,4595.89,CASH_DEPOSIT,2026-08-02 00:08:00,16,"Mumbai, IN",0,0,0
TXN-12182,ACC-50117,ACC-50136,CUST-1117,9466.26,CASH_DEPOSIT,2026-08-05 12:19:00,4,"Mumbai, IN",1,0,1
TXN-12088,ACC-50122,ACC-50005,CUST-1122,5659.25,TRANSFER,2026-08-05 17:08:00,9,"Mumbai, IN",0,0,0
TXN-12278,ACC-50075,ACC-50047,CUST-1075,1174471.1,WIRE,2026-08-12 04:08:00,20,"Singapore, SG",1,1,1
TXN-11796,ACC-50016,ACC-50044,CUST-1016,5314.49,TRANSFER,2026-08-08 14:35:00,6,"Mumbai, IN",0,0,0
TXN-10378,ACC-50128,ACC-50106,CUST-1128,59815.48,TRANSFER,2026-08-08 03:44:00,19,"Mumbai, IN",0,0,0
TXN-12336,ACC-50131,ACC-50148,CUST-1131,101103.9,WIRE,2026-08-04 12:05:00,4,"Dubai, AE",1,1,1
TXN-10418,ACC-50125,ACC-50009,CUST-1125,7773.43,TRANSFER,2026-08-04 16:03:00,8,"Mumbai, IN",1,0,0
TXN-11698,ACC-50026,ACC-50077,CUST-1026,31556.76,TRANSFER,2026-08-11 20:36:00,12,"Mumbai, IN",0,0,0
TXN-10391,ACC-50119,ACC-50072,CUST-1119,16843.51,TRANSFER,2026-08-02 23:20:00,15,"Mumbai, IN",0,0,0
TXN-11522,ACC-50011,ACC-50019,CUST-1011,5766.8,TRANSFER,2026-08-08 01:28:00,17,"Mumbai, IN",1,0,0
TXN-11162,ACC-50039,ACC-50124,CUST-1039,4452.02,CASH_DEPOSIT,2026-08-07 14:48:00,6,"Delhi, IN",0,0,0
TXN-11495,ACC-50108,ACC-50147,CUST-1108,6212.09,CASH_DEPOSIT,2026-08-04 06:16:00,22,"Mumbai, IN",0,0,0
TXN-12027,ACC-50033,ACC-50062,CUST-1033,5298.42,CASH_DEPOSIT,2026-08-06 01:36:00,17,"Mumbai, IN",0,0,0
TXN-11152,ACC-50020,ACC-50015,CUST-1020,6113.14,CASH_DEPOSIT,2026-08-08 18:23:00,10,"Mumbai, IN",1,0,0
TXN-11367,ACC-50096,ACC-50066,CUST-1096,39079.96,TRANSFER,2026-08-02 15:17:00,7,"Mumbai, IN",0,0,0
TXN-10064,ACC-50083,ACC-50054,CUST-1083,6349.4,CASH_DEPOSIT,2026-08-07 04:20:00,20,"Mumbai, IN",1,0,0
TXN-12062,ACC-50149,ACC-50021,CUST-1149,9010.4,TRANSFER,2026-08-01 15:39:00,7,"Mumbai, IN",1,0,0
TXN-11180,ACC-50007,ACC-50061,CUST-1007,5683.83,TRANSFER,2026-08-12 05:31:00,21,"Mumbai, IN",0,0,0
TXN-10492,ACC-50075,ACC-50067,CUST-1075,52562.98,TRANSFER,2026-08-03 04:03:00,20,"Delhi, IN",0,0,0
TXN-10379,ACC-50071,ACC-50021,CUST-1071,11799.9,TRANSFER,2026-08-09 23:05:00,15,"Mumbai, IN",0,0,0
TXN-12235,ACC-50040,ACC-50050,CUST-1040,9792.17,CASH_DEPOSIT,2026-08-01 19:52:00,11,"Mumbai, IN",1,0,1
TXN-10763,ACC-50099,ACC-50148,CUST-1099,45783.5,TRANSFER,2026-08-05 04:12:00,20,"Delhi, IN",0,0,0
TXN-12264,ACC-50060,ACC-50111,CUST-1060,580546.65,WIRE,2026-08-10 01:18:00,17,"Mumbai, IN",1,0,1
TXN-10791,ACC-50080,ACC-50141,CUST-1080,8213.41,TRANSFER,2026-08-01 14:43:00,6,"Mumbai, IN",0,0,0
TXN-11076,ACC-50032,ACC-50015,CUST-1032,6628.84,TRANSFER,2026-08-06 04:03:00,20,"Mumbai, IN",0,0,0
TXN-10878,ACC-50092,ACC-50108,CUST-1092,4713.98,CASH_DEPOSIT,2026-08-06 01:03:00,17,"Mumbai, IN",0,0,0
TXN-10337,ACC-50132,ACC-50044,CUST-1132,44727.3,CASH_DEPOSIT,2026-08-09 19:21:00,11,"Mumbai, IN",1,0,0
TXN-12343,ACC-50047,ACC-50055,CUST-1047,49998.11,WIRE,2026-08-07 10:27:00,2,"George Town, KY",1,1,1
TXN-11016,ACC-50141,ACC-50077,CUST-1141,5350.68,TRANSFER,2026-08-07 00:58:00,16,"Bangalore, IN",0,0,0
TXN-11275,ACC-50146,ACC-50055,CUST-1146,32164.79,CASH_DEPOSIT,2026-08-09 14:56:00,6,"Mumbai, IN",0,0,0
TXN-10455,ACC-50134,ACC-50146,CUST-1134,4437.77,TRANSFER,2026-08-04 14:11:00,6,"Mumbai, IN",0,0,0
TXN-10815,ACC-50016,ACC-50031,CUST-1016,2635.41,TRANSFER,2026-08-07 22:09:00,14,"Mumbai, IN",0,0,0
TXN-12317,ACC-50007,ACC-50084,CUST-1007,76361.03,WIRE,2026-08-10 12:36:00,4,"Dubai, AE",1,1,1
TXN-10995,ACC-50009,ACC-50125,CUST-1009,11470.79,TRANSFER,2026-08-10 02:31:00,18,"Mumbai, IN",1,0,0
TXN-11981,ACC-50122,ACC-50054,CUST-1122,4321.86,CASH_DEPOSIT,2026-08-08 20:42:00,12,"Mumbai, IN",0,0,0
TXN-10201,ACC-50118,ACC-50123,CUST-1118,6076.31,TRANSFER,2026-08-03 19:51:00,11,"Mumbai, IN",1,0,0
TXN-10161,ACC-50014,ACC-50001,CUST-1014,18593.25,TRANSFER,2026-08-04 20:19:00,12,"Mumbai, IN",0,0,0
TXN-11579,ACC-50143,ACC-50057,CUST-1143,12528.45,TRANSFER,2026-08-02 01:40:00,17,"Mumbai, IN",1,0,0
TXN-10702,ACC-50047,ACC-50100,CUST-1047,28300.11,TRANSFER,2026-08-04 05:30:00,21,"Mumbai, IN",0,0,0
TXN-11500,ACC-50122,ACC-50143,CUST-1122,4970.87,TRANSFER,2026-08-01 20:26:00,12,"Delhi, IN",0,0,0
TXN-11129,ACC-50106,ACC-50063,CUST-1106,14085.45,TRANSFER,2026-08-10 19:57:00,11,"Mumbai, IN",1,0,0
TXN-11021,ACC-50077,ACC-50109,CUST-1077,111221.7,CASH_DEPOSIT,2026-08-02 06:07:00,22,"Mumbai, IN",0,0,0
TXN-11585,ACC-50035,ACC-50131,CUST-1035,19606.35,CASH_DEPOSIT,2026-08-12 04:27:00,20,"Mumbai, IN",0,0,0
TXN-11955,ACC-50057,ACC-50117,CUST-1057,11040.05,TRANSFER,2026-08-04 18:53:00,10,"Mumbai, IN",0,0,0
TXN-12253,ACC-50047,ACC-50019,CUST-1047,306306.08,WIRE,2026-08-02 13:40:00,5,"George Town, KY",1,0,1
TXN-10034,ACC-50110,ACC-50032,CUST-1110,17876.68,TRANSFER,2026-08-06 15:19:00,7,"Mumbai, IN",0,0,0
TXN-10775,ACC-50119,ACC-50133,CUST-1119,14286.62,TRANSFER,2026-08-10 16:33:00,8,"Mumbai, IN",0,0,0
TXN-11478,ACC-50136,ACC-50097,CUST-1136,66606.21,TRANSFER,2026-08-08 14:35:00,6,"Mumbai, IN",1,0,0
TXN-11390,ACC-50118,ACC-50072,CUST-1118,6378.84,TRANSFER,2026-08-07 18:53:00,10,"Bangalore, IN",0,0,0
TXN-12139,ACC-50134,ACC-50105,CUST-1134,9554.73,WIRE,2026-08-11 11:06:00,3,"Delhi, IN",1,0,1
TXN-11363,ACC-50129,ACC-50030,CUST-1129,8364.97,CASH_DEPOSIT,2026-08-12 02:53:00,18,"Mumbai, IN",0,0,0
TXN-12041,ACC-50006,ACC-50115,CUST-1006,25256.14,CASH_DEPOSIT,2026-08-11 02:21:00,18,"Mumbai, IN",0,0,0
TXN-10241,ACC-50081,ACC-50041,CUST-1081,16920.75,TRANSFER,2026-08-06 02:39:00,18,"Mumbai, IN",1,0,0
TXN-12061,ACC-50093,ACC-50091,CUST-1093,18938.01,CASH_DEPOSIT,2026-08-03 16:02:00,8,"Mumbai, IN",0,0,0
TXN-12363,ACC-50091,ACC-50123,CUST-1091,158613.13,WIRE,2026-08-05 10:53:00,2,"George Town, KY",1,1,1
TXN-10600,ACC-50121,ACC-50080,CUST-1121,34937.89,CASH_DEPOSIT,2026-08-11 01:13:00,17,"Mumbai, IN",0,0,0
TXN-12435,ACC-59901,ACC-59902,CUST-9000,785828.76,WIRE,2026-08-04 11:33:00,3,"George Town, KY",1,1,1
TXN-11297,ACC-50135,ACC-50085,CUST-1135,16602.87,TRANSFER,2026-08-07 19:43:00,11,"Bangalore, IN",0,0,0
TXN-12214,ACC-50134,ACC-50011,CUST-1134,9280.17,WIRE,2026-08-11 05:23:00,21,"Mumbai, IN",1,0,1
TXN-12068,ACC-50039,ACC-50009,CUST-1039,6577.92,TRANSFER,2026-08-10 16:03:00,8,"Mumbai, IN",1,0,0
TXN-10646,ACC-50039,ACC-50096,CUST-1039,4975.37,CASH_DEPOSIT,2026-08-03 16:15:00,8,"Mumbai, IN",0,0,0
TXN-11528,ACC-50110,ACC-50133,CUST-1110,17903.87,CASH_DEPOSIT,2026-08-10 22:36:00,14,"Mumbai, IN",0,0,0
TXN-11267,ACC-50070,ACC-50053,CUST-1070,117775.81,TRANSFER,2026-08-03 02:05:00,18,"Mumbai, IN",0,0,0
TXN-11899,ACC-50094,ACC-50107,CUST-1094,12070.62,TRANSFER,2026-08-06 21:13:00,13,"Mumbai, IN",0,0,0
TXN-10562,ACC-50059,ACC-50010,CUST-1059,33784.15,CASH_DEPOSIT,2026-08-06 20:33:00,12,"Mumbai, IN",1,0,0
TXN-10189,ACC-50072,ACC-50021,CUST-1072,7633.01,TRANSFER,2026-08-08 19:17:00,11,"Mumbai, IN",1,0,0
TXN-11806,ACC-50020,ACC-50087,CUST-1020,4961.64,TRANSFER,2026-08-03 04:48:00,20,"Mumbai, IN",0,0,0
TXN-10975,ACC-50022,ACC-50005,CUST-1022,4005.65,CASH_DEPOSIT,2026-08-07 20:10:00,12,"Mumbai, IN",0,0,0
TXN-12047,ACC-50106,ACC-50038,CUST-1106,13665.33,CASH_DEPOSIT,2026-08-11 03:35:00,19,"Mumbai, IN",0,0,0
TXN-11082,ACC-50011,ACC-50016,CUST-1011,5015.53,CASH_DEPOSIT,2026-08-10 18:19:00,10,"Mumbai, IN",0,0,0
TXN-10474,ACC-50080,ACC-50046,CUST-1080,3079.36,TRANSFER,2026-08-06 16:31:00,8,"Delhi, IN",0,0,0
TXN-10747,ACC-50052,ACC-50139,CUST-1052,61406.22,CASH_DEPOSIT,2026-08-07 01:35:00,17,"Mumbai, IN",0,0,0
TXN-12300,ACC-50085,ACC-50006,CUST-1085,173403.06,WIRE,2026-08-01 08:56:00,0,"Mumbai, IN",1,0,1
TXN-10021,ACC-50080,ACC-50014,CUST-1080,6548.7,TRANSFER,2026-08-08 15:37:00,7,"Bangalore, IN",0,0,0
TXN-10459,ACC-50072,ACC-50007,CUST-1072,6738.99,TRANSFER,2026-08-04 02:03:00,18,"Mumbai, IN",0,0,0
TXN-11184,ACC-50084,ACC-50025,CUST-1084,5085.52,TRANSFER,2026-08-07 14:29:00,6,"Mumbai, IN",0,0,0
TXN-12324,ACC-50000,ACC-50048,CUST-1000,111393.89,WIRE,2026-08-03 22:04:00,14,"Mumbai, IN",1,0,1
TXN-10955,ACC-50060,ACC-50116,CUST-1060,23315.25,TRANSFER,2026-08-10 21:23:00,13,"Mumbai, IN",0,0,0
TXN-11215,ACC-50111,ACC-50076,CUST-1111,5879.55,TRANSFER,2026-08-06 18:06:00,10,"Mumbai, IN",0,0,0
TXN-12433,ACC-59903,ACC-59904,CUST-9002,1180391.75,WIRE,2026-08-04 09:29:00,1,"George Town, KY",1,1,1
TXN-11515,ACC-50058,ACC-50115,CUST-1058,28758.21,TRANSFER,2026-08-11 03:14:00,19,"Mumbai, IN",1,0,0
TXN-12391,ACC-50047,ACC-50132,CUST-1047,135413.75,WIRE,2026-08-10 11:37:00,3,"Panama City, PA",1,1,1
TXN-10769,ACC-50034,ACC-50002,CUST-1034,6386.95,TRANSFER,2026-08-01 16:41:00,8,"Mumbai, IN",1,0,0
TXN-11685,ACC-50069,ACC-50142,CUST-1069,4068.73,CASH_DEPOSIT,2026-08-01 16:51:00,8,"Mumbai, IN",0,0,0
TXN-10130,ACC-50120,ACC-50006,CUST-1120,48368.6,TRANSFER,2026-08-11 00:58:00,16,"Mumbai, IN",1,0,0
TXN-12135,ACC-50117,ACC-50069,CUST-1117,9598.26,WIRE,2026-08-12 05:25:00,21,"Delhi, IN",1,0,1
TXN-11482,ACC-50019,ACC-50014,CUST-1019,10072.82,CASH_DEPOSIT,2026-08-03 18:28:00,10,"Mumbai, IN",0,0,0
TXN-10330,ACC-50027,ACC-50064,CUST-1027,15136.05,TRANSFER,2026-08-12 01:10:00,17,"Mumbai, IN",1,0,0
TXN-11238,ACC-50130,ACC-50034,CUST-1130,16307.87,TRANSFER,2026-08-10 05:31:00,21,"Bangalore, IN",0,0,0
TXN-10466,ACC-50014,ACC-50104,CUST-1014,15326.5,TRANSFER,2026-08-04 00:43:00,16,"Mumbai, IN",1,0,0
TXN-12169,ACC-50074,ACC-50010,CUST-1074,9367.0,CASH_DEPOSIT,2026-08-10 00:02:00,16,"Mumbai, IN",1,0,1
TXN-11638,ACC-50028,ACC-50092,CUST-1028,3341.44,TRANSFER,2026-08-07 15:34:00,7,"Mumbai, IN",0,0,0
TXN-11095,ACC-50078,ACC-50117,CUST-1078,11481.28,TRANSFER,2026-08-06 21:23:00,13,"Mumbai, IN",1,0,0
TXN-11130,ACC-50046,ACC-50146,CUST-1046,25896.85,TRANSFER,2026-08-01 17:25:00,9,"Mumbai, IN",0,0,0
TXN-11294,ACC-50037,ACC-50091,CUST-1037,39134.4,CASH_DEPOSIT,2026-08-11 23:14:00,15,"Mumbai, IN",0,0,0
TXN-10860,ACC-50001,ACC-50140,CUST-1001,30457.22,TRANSFER,2026-08-12 06:21:00,22,"Mumbai, IN",0,0,0
